t=0.0 cht=50.2 exp_cht=28.578776882421636 dev=22.621223117578367 => NORMAL
t=0.0 cht=50.2 exp_cht=28.57877688242163 dev=22.621223117578374 => NORMAL
t=1.1 cht=47.1 exp_cht=15.419603761386476 dev=34.180396238613525 => COOLING_DEGRADATION
t=2.1 cht=47.2 exp_cht=15.419603761386476 dev=33.28039623861353 => NORMAL
t=3.1 cht=47.300000000000004 exp_cht=15.419603761386476 dev=31.98039623861353 => NORMAL
t=4.1 cht=46.400000000000006 exp_cht=15.419603761386481 dev=60.08039623861352 => NORMAL
t=5.2 cht=46.0 exp_cht=15.419603761386481 dev=61.08039623861352 => NORMAL
t=6.3 cht=44.6 exp_cht=15.41960376138648 dev=57.28039623861352 => SENSOR_DRIFT
t=7.4 cht=43.6 exp_cht=15.41960376138648 dev=57.98039623861352 => SENSOR_DRIFT
t=8.5 cht=43.900000000000006 exp_cht=15.419603761386481 dev=58.380396238613514 => SENSOR_DRIFT
t=9.6 cht=43.2 exp_cht=15.419603761386481 dev=56.880396238613514 => SENSOR_DRIFT
t=10.7 cht=42.800000000000004 exp_cht=15.419603761386476 dev=57.580396238613524 => SENSOR_DRIFT
t=11.8 cht=41.6 exp_cht=15.419603761386483 dev=54.98039623861352 => NORMAL
t=12.9 cht=38.400000000000006 exp_cht=15.419603761386476 dev=55.78039623861353 => SENSOR_DRIFT
t=14.0 cht=40.2 exp_cht=15.41960376138648 dev=54.08039623861352 => SENSOR_DRIFT
t=15.1 cht=38.800000000000004 exp_cht=15.419603761386487 dev=53.08039623861352 => NORMAL
t=16.2 cht=38.6 exp_cht=15.419603761386481 dev=52.380396238613514 => NORMAL
t=17.2 cht=39.0 exp_cht=15.41960376138648 dev=53.78039623861352 => NORMAL
t=18.2 cht=38.0 exp_cht=15.419603761386476 dev=51.580396238613524 => NORMAL
t=19.2 cht=37.6 exp_cht=15.419603761386481 dev=50.180396238613525 => NORMAL
t=20.2 cht=34.6 exp_cht=15.41960376138648 dev=50.78039623861352 => SENSOR_DRIFT
t=21.2 cht=37.2 exp_cht=15.419603761386481 dev=50.48039623861352 => NORMAL
t=22.2 cht=36.5 exp_cht=15.419603761386483 dev=50.28039623861352 => SENSOR_DRIFT
t=23.2 cht=33.800000000000004 exp_cht=15.419603761386481 dev=48.58039623861352 => NORMAL
t=24.2 cht=34.6 exp_cht=15.419603761386481 dev=48.98039623861352 => NORMAL
t=25.2 cht=33.1 exp_cht=15.419603761386476 dev=48.78039623861353 => NORMAL
t=26.2 cht=32.9 exp_cht=15.419603761386481 dev=47.78039623861352 => NORMAL
t=27.2 cht=33.0 exp_cht=15.41960376138648 dev=46.28039623861352 => SENSOR_DRIFT
t=28.2 cht=33.0 exp_cht=15.419603761386481 dev=45.28039623861352 => NORMAL
t=29.2 cht=31.0 exp_cht=15.419603761386481 dev=46.58039623861352 => SENSOR_DRIFT
t=30.2 cht=31.0 exp_cht=16.816559290304312 dev=45.18344070969569 => SENSOR_DRIFT
t=31.2 cht=30.8 exp_cht=16.816559290304312 dev=44.18344070969569 => SENSOR_DRIFT
t=32.2 cht=32.2 exp_cht=16.713934450190337 dev=45.58606554980967 => SENSOR_DRIFT
t=33.2 cht=32.7 exp_cht=22.87989476515422 dev=39.22010523484578 => SENSOR_DRIFT
t=34.2 cht=32.300000000000004 exp_cht=32.64069903714376 dev=30.159300962856243 => SENSOR_DRIFT
t=35.2 cht=36.1 exp_cht=32.60767876416161 dev=31.992321235838396 => SENSOR_DRIFT
t=36.2 cht=36.1 exp_cht=62.32805326879692 dev=3.1719467312030787 => SENSOR_DRIFT
t=37.2 cht=37.0 exp_cht=62.60567142857141 dev=3.4943285714285963 => SENSOR_DRIFT
t=38.2 cht=37.6 exp_cht=62.182804761904755 dev=6.017195238095248 => SENSOR_DRIFT
t=39.2 cht=39.0 exp_cht=62.44890476190472 dev=7.651095238095287 => SENSOR_DRIFT
t=40.2 cht=40.6 exp_cht=63.509071428571424 dev=7.690928571428579 => SENSOR_DRIFT
t=41.2 cht=41.0 exp_cht=63.38587142857143 dev=7.514128571428579 => SENSOR_DRIFT
t=42.2 cht=42.6 exp_cht=63.413871428571426 dev=7.386128571428571 => SENSOR_DRIFT
t=43.2 cht=43.2 exp_cht=63.25903425229743 dev=8.040965747702565 => SENSOR_DRIFT
t=44.2 cht=44.400000000000006 exp_cht=63.387045363408525 dev=11.212954636591483 => SENSOR_DRIFT
t=45.2 cht=44.6 exp_cht=63.387045363408525 dev=11.112954636591475 => SENSOR_DRIFT
t=46.2 cht=43.5 exp_cht=62.43226004594821 dev=12.767739954051791 => SENSOR_DRIFT
t=47.2 cht=45.2 exp_cht=62.52079538705952 dev=12.479204612940478 => SENSOR_DRIFT
t=48.2 cht=45.7 exp_cht=62.432260045948226 dev=15.267739954051777 => SENSOR_DRIFT
t=49.2 cht=46.900000000000006 exp_cht=62.782850125313296 dev=14.417149874686707 => SENSOR_DRIFT
t=0.9 cht=49.900000000000006 exp_cht=28.416067358612104 dev=21.483932641387902 => NORMAL
t=1.9 cht=48.5 exp_cht=26.935183284312405 dev=21.564816715687595 => NORMAL
t=1.9 cht=48.5 exp_cht=26.9351832843124 dev=21.5648167156876 => NORMAL
t=0.0 cht=50.2 exp_cht=28.57877688242163 dev=22.621223117578374 => NORMAL
t=0.0 cht=50.2 exp_cht=28.57877688242163 dev=22.621223117578374 => NORMAL
t=0.0 cht=50.2 exp_cht=28.578776882421625 dev=22.621223117578378 => NORMAL
t=0.0 cht=50.2 exp_cht=28.578776882421636 dev=22.621223117578367 => NORMAL
t=0.0 cht=49.0 exp_cht=28.578776882421636 dev=22.021223117578366 => NORMAL
t=120.6 cht=59.6 exp_cht=63.496204761904764 dev=-2.096204761904758 => NORMAL
t=121.7 cht=60.0 exp_cht=63.53520476190476 dev=-2.8352047619047553 => NORMAL
t=122.8 cht=58.7 exp_cht=63.39628095238094 dev=-2.6962809523809383 => NORMAL
t=123.9 cht=60.6 exp_cht=63.41967142857143 dev=-2.519671428571421 => NORMAL
t=125.0 cht=59.6 exp_cht=63.39090476190476 dev=-2.4909047619047513 => NORMAL
t=126.1 cht=58.5 exp_cht=63.41640476190476 dev=-3.3164047619047565 => NORMAL
t=127.2 cht=58.5 exp_cht=63.39090476190476 dev=-2.690904761904754 => NORMAL
t=128.3 cht=59.1 exp_cht=63.39417142857142 dev=-3.794171428571417 => NORMAL
t=129.4 cht=61.400000000000006 exp_cht=63.40240476190476 dev=-2.0024047619047565 => NORMAL
t=130.5 cht=59.7 exp_cht=63.39090476190475 dev=-3.190904761904747 => NORMAL
t=131.6 cht=58.800000000000004 exp_cht=63.371904761904744 dev=-3.271904761904743 => NORMAL
t=132.7 cht=58.5 exp_cht=63.41640476190477 dev=-3.2164047619047693 => NORMAL
t=133.8 cht=57.0 exp_cht=63.41640476190475 dev=-2.3164047619047494 => NORMAL
t=134.9 cht=59.2 exp_cht=63.40467142857142 dev=-2.6046714285714145 => NORMAL
t=136.0 cht=60.5 exp_cht=63.394171428571426 dev=-2.8941714285714255 => NORMAL
t=0.0 cht=50.2 exp_cht=28.578776882421625 dev=21.621223117578378 => COOLING_DEGRADATION
t=120.7 cht=59.0 exp_cht=63.43691428571428 dev=-2.7369142857142776 => NORMAL
t=121.4 cht=59.900000000000006 exp_cht=63.43691428571428 dev=-2.4369142857142805 => NORMAL
t=122.5 cht=61.300000000000004 exp_cht=63.21693425229741 dev=-0.5169342522974105 => COOLING_DEGRADATION
t=0.0 cht=49.5 exp_cht=28.578776882421625 dev=23.121223117578378 => NORMAL
t=120.6 cht=59.400000000000006 exp_cht=63.49770476190477 dev=-3.997704761904771 => NORMAL
t=121.2 cht=61.300000000000004 exp_cht=63.49770476190477 dev=-2.1977047619047667 => OIL_PRESSURE_DEGRADATION
t=122.3 cht=58.900000000000006 exp_cht=63.363714285714266 dev=-3.063714285714262 => OIL_PRESSURE_DEGRADATION
t=0.0 cht=49.5 exp_cht=28.578776882421636 dev=22.521223117578366 => NORMAL
t=120.7 cht=59.900000000000006 exp_cht=63.49770476190475 dev=-3.3977047619047482 => NORMAL
t=121.4 cht=59.6 exp_cht=63.49770476190475 dev=-3.6977047619047454 => EXCESSIVE_VIBRATION
t=122.5 cht=60.1 exp_cht=63.407804761904764 dev=-3.007804761904758 => EXCESSIVE_VIBRATION
t=0.0 cht=50.5 exp_cht=28.578776882421636 dev=21.921223117578364 => NORMAL
t=120.6 cht=59.900000000000006 exp_cht=63.45124761904762 dev=-3.4512476190476207 => NORMAL
t=121.3 cht=60.0 exp_cht=63.45124761904762 dev=27.748752380952382 => SENSOR_DRIFT
t=122.4 cht=58.800000000000004 exp_cht=63.43830476190477 dev=24.66169523809524 => SENSOR_DRIFT
t=0.0 cht=49.800000000000004 exp_cht=28.578776882421636 dev=22.621223117578367 => NORMAL
t=120.7 cht=59.5 exp_cht=63.43461428571427 dev=-3.634614285714264 => NORMAL
t=121.4 cht=59.400000000000006 exp_cht=63.0994380952381 dev=-3.6994380952380936 => MISFIRE
t=122.5 cht=58.300000000000004 exp_cht=61.77540635609886 dev=-2.2754063560988627 => MISFIRE
t=123.6 cht=61.300000000000004 exp_cht=32.60767876416161 dev=28.692321235838392 => MISFIRE
t=124.7 cht=58.6 exp_cht=32.70278994623467 dev=27.597210053765338 => MISFIRE
t=125.8 cht=60.0 exp_cht=32.702789946234674 dev=27.897210053765328 => MISFIRE
t=0.0 cht=48.900000000000006 exp_cht=28.578776882421636 dev=22.521223117578366 => NORMAL
t=120.5 cht=59.800000000000004 exp_cht=63.43461428571426 dev=-3.5346142857142553 => NORMAL
t=121.0 cht=59.7 exp_cht=63.43461428571426 dev=-2.934614285714261 => NORMAL
t=122.1 cht=61.7 exp_cht=63.14693901420217 dev=-1.4469390142021652 => COOLING_DEGRADATION
t=123.2 cht=62.1 exp_cht=63.39307142857142 dev=1.1069285714285826 => COOLING_DEGRADATION
t=124.3 cht=66.2 exp_cht=63.39740476190477 dev=2.802595238095236 => COOLING_DEGRADATION
t=125.4 cht=65.2 exp_cht=63.39090476190476 dev=3.0090952380952487 => COOLING_DEGRADATION
t=126.5 cht=69.3 exp_cht=63.228700918964066 dev=6.0712990810359315 => COOLING_DEGRADATION
t=127.6 cht=68.8 exp_cht=63.389404761904764 dev=5.410595238095233 => COOLING_DEGRADATION
t=128.7 cht=69.9 exp_cht=63.402404761904755 dev=7.297595238095248 => COOLING_DEGRADATION
t=129.8 cht=69.7 exp_cht=63.38940476190475 dev=9.010595238095256 => COOLING_DEGRADATION
t=130.9 cht=70.0 exp_cht=63.39417142857142 dev=8.505828571428587 => COOLING_DEGRADATION
t=132.0 cht=72.7 exp_cht=63.402404761904755 dev=9.99759523809525 => COOLING_DEGRADATION
t=133.1 cht=74.9 exp_cht=63.38940476190475 dev=11.510595238095256 => COOLING_DEGRADATION
t=134.2 cht=75.0 exp_cht=63.39090476190475 dev=12.409095238095247 => COOLING_DEGRADATION
t=135.3 cht=76.5 exp_cht=63.404671428571426 dev=13.095328571428574 => COOLING_DEGRADATION
t=136.4 cht=75.5 exp_cht=63.404671428571426 dev=14.895328571428585 => COOLING_DEGRADATION
t=137.5 cht=77.9 exp_cht=63.375004761904755 dev=14.52499523809525 => COOLING_DEGRADATION
t=138.6 cht=79.10000000000001 exp_cht=63.39517142857143 dev=15.704828571428578 => COOLING_DEGRADATION
t=139.7 cht=79.7 exp_cht=63.39517142857143 dev=16.60482857142857 => COOLING_DEGRADATION
t=140.8 cht=80.2 exp_cht=63.305671428571415 dev=17.794328571428593 => COOLING_DEGRADATION
t=0.0 cht=50.1 exp_cht=28.57877688242163 dev=22.021223117578373 => NORMAL
t=120.5 cht=59.800000000000004 exp_cht=63.43461428571427 dev=-2.8346142857142667 => NORMAL
t=121.0 cht=59.7 exp_cht=63.43461428571427 dev=-3.434614285714268 => NORMAL
t=122.1 cht=61.1 exp_cht=63.21693425229742 dev=-0.7169342522974205 => COOLING_DEGRADATION
t=123.2 cht=63.7 exp_cht=63.39307142857142 dev=0.30692857142858543 => COOLING_DEGRADATION
t=124.3 cht=63.7 exp_cht=63.39740476190475 dev=1.702595238095256 => COOLING_DEGRADATION
t=125.4 cht=64.8 exp_cht=63.394171428571426 dev=1.9058285714285716 => COOLING_DEGRADATION
t=126.5 cht=67.4 exp_cht=63.39090476190476 dev=4.90909523809524 => COOLING_DEGRADATION
t=127.6 cht=67.7 exp_cht=63.32781428571427 dev=5.3721857142857345 => COOLING_DEGRADATION
t=128.7 cht=69.2 exp_cht=63.38940476190474 dev=7.710595238095266 => COOLING_DEGRADATION
t=129.8 cht=70.60000000000001 exp_cht=63.390904761904764 dev=7.509095238095242 => COOLING_DEGRADATION
t=130.9 cht=71.7 exp_cht=63.37190476190476 dev=8.328095238095244 => COOLING_DEGRADATION
t=132.0 cht=71.5 exp_cht=63.32781428571428 dev=9.972185714285715 => COOLING_DEGRADATION
t=133.1 cht=74.60000000000001 exp_cht=63.394171428571426 dev=11.305828571428577 => COOLING_DEGRADATION
t=134.2 cht=75.4 exp_cht=63.39090476190474 dev=13.80909523809526 => COOLING_DEGRADATION
t=135.3 cht=75.2 exp_cht=63.40467142857142 dev=14.095328571428581 => COOLING_DEGRADATION
t=0.0 cht=48.6 exp_cht=28.57877688242163 dev=20.621223117578374 => NORMAL
t=0.0 cht=50.2 exp_cht=28.578776882421625 dev=22.621223117578378 => NORMAL
t=120.5 cht=60.7 exp_cht=63.448067585630746 dev=-2.748067585630743 => NORMAL
t=121.6 cht=60.5 exp_cht=63.4887476190476 dev=-2.988747619047601 => NORMAL
t=0.0 cht=49.2 exp_cht=28.578776882421625 dev=22.021223117578376 => NORMAL
t=120.5 cht=59.1 exp_cht=63.43461428571426 dev=-2.934614285714261 => NORMAL
t=121.1 cht=59.6 exp_cht=63.43461428571426 dev=-3.1346142857142567 => NORMAL
t=181.6 cht=98.5 exp_cht=60.39793380244371 dev=38.4020661975563 => COOLING_DEGRADATION
t=182.7 cht=97.80000000000001 exp_cht=59.85428300879293 dev=39.64571699120707 => COOLING_DEGRADATION
t=0.0 cht=50.6 exp_cht=28.84086643466043 dev=22.059133565339575 => NORMAL
t=120.5 cht=59.5 exp_cht=63.49620476190476 dev=-2.9962047619047567 => NORMAL
t=121.1 cht=59.400000000000006 exp_cht=63.299334252297406 dev=-2.6993342522974046 => OIL_PRESSURE_DEGRADATION
t=181.4 cht=57.1 exp_cht=60.621039207849144 dev=-2.121039207849144 => OIL_PRESSURE_DEGRADATION
t=182.5 cht=58.800000000000004 exp_cht=60.07638841419835 dev=-1.276388414198344 => OIL_PRESSURE_DEGRADATION
t=0.0 cht=51.0 exp_cht=28.578776882421625 dev=22.421223117578375 => NORMAL
t=120.6 cht=59.2 exp_cht=63.284000918964054 dev=-2.1840009189640526 => NORMAL
t=121.2 cht=59.0 exp_cht=63.284000918964054 dev=-2.084000918964051 => EXCESSIVE_VIBRATION
t=181.7 cht=58.800000000000004 exp_cht=60.620039207849146 dev=-0.4200392078491433 => EXCESSIVE_VIBRATION
t=0.0 cht=49.0 exp_cht=28.578776882421625 dev=22.22122311757838 => NORMAL
t=120.5 cht=60.6 exp_cht=63.50091428571428 dev=-2.900914285714279 => NORMAL
t=121.0 cht=59.400000000000006 exp_cht=63.50091428571428 dev=24.49908571428572 => SENSOR_DRIFT
t=181.5 cht=57.5 exp_cht=60.443133802443725 dev=28.056866197556275 => SENSOR_DRIFT
t=182.6 cht=57.0 exp_cht=60.07638841419835 dev=28.223611585801663 => SENSOR_DRIFT
t=0.0 cht=50.1 exp_cht=28.578776882421636 dev=21.521223117578366 => COOLING_DEGRADATION
t=120.5 cht=60.400000000000006 exp_cht=63.50091428571426 dev=-3.1009142857142535 => NORMAL
t=121.0 cht=59.2 exp_cht=63.54430476190475 dev=-3.844304761904745 => MISFIRE
t=181.5 cht=57.300000000000004 exp_cht=38.591747089091804 dev=19.408252910908196 => MISFIRE
t=0.0 cht=51.800000000000004 exp_cht=28.57877688242163 dev=23.221223117578376 => NORMAL
t=0.0 cht=50.7 exp_cht=28.57877688242163 dev=22.521223117578373 => NORMAL
t=120.6 cht=61.1 exp_cht=63.19183901420218 dev=-2.091839014202179 => NORMAL
t=121.1 cht=58.900000000000006 exp_cht=63.19183901420218 dev=27.008160985797822 => SENSOR_DRIFT
t=241.3 cht=53.2 exp_cht=43.862313724547676 dev=37.73768627545233 => SENSOR_DRIFT
t=301.6 cht=51.900000000000006 exp_cht=43.960710615241695 dev=37.23928938475831 => SENSOR_DRIFT
t=0.0 cht=49.5 exp_cht=28.578776882421625 dev=22.021223117578376 => NORMAL
t=120.6 cht=59.0 exp_cht=63.50091428571426 dev=-3.1009142857142535 => NORMAL
t=121.2 cht=59.2 exp_cht=63.53847142857142 dev=-3.8384714285714168 => NORMAL
t=181.7 cht=98.60000000000001 exp_cht=60.467633802443736 dev=38.73236619755627 => COOLING_DEGRADATION
t=182.8 cht=99.80000000000001 exp_cht=60.026206596016536 dev=40.37379340398347 => COOLING_DEGRADATION
t=0.0 cht=50.5 exp_cht=28.578776882421625 dev=22.021223117578376 => NORMAL
t=120.6 cht=58.6 exp_cht=63.43691428571427 dev=-4.036914285714268 => NORMAL
t=121.2 cht=61.1 exp_cht=63.43691428571427 dev=-2.336914285714272 => OIL_PRESSURE_DEGRADATION
t=181.7 cht=58.400000000000006 exp_cht=60.443133802443725 dev=-1.2431338024437224 => OIL_PRESSURE_DEGRADATION
t=182.8 cht=58.5 exp_cht=60.02720659601653 dev=-1.0272065960165335 => OIL_PRESSURE_DEGRADATION
t=0.0 cht=50.1 exp_cht=28.57877688242163 dev=22.221223117578376 => NORMAL
t=120.6 cht=59.7 exp_cht=63.284000918964075 dev=-3.5840009189640725 => NORMAL
t=121.0 cht=59.7 exp_cht=63.284000918964075 dev=-3.0840009189640725 => EXCESSIVE_VIBRATION
t=181.4 cht=56.1 exp_cht=60.467633802443736 dev=-1.7676338024437328 => EXCESSIVE_VIBRATION
t=182.5 cht=60.6 exp_cht=59.89948300879292 dev=0.7005169912070812 => EXCESSIVE_VIBRATION
t=0.0 cht=49.0 exp_cht=28.578776882421625 dev=22.22122311757838 => NORMAL
t=120.6 cht=60.300000000000004 exp_cht=63.410067585630735 dev=-3.1100675856307305 => NORMAL
t=121.1 cht=58.7 exp_cht=63.410067585630735 dev=26.48993241436927 => SENSOR_DRIFT
t=181.5 cht=58.7 exp_cht=60.443133802443725 dev=28.45686619755628 => SENSOR_DRIFT
t=0.0 cht=49.5 exp_cht=28.57877688242163 dev=21.621223117578374 => NORMAL
t=120.5 cht=59.2 exp_cht=62.86983693086885 dev=-2.36983693086885 => NORMAL
t=121.0 cht=59.300000000000004 exp_cht=63.158104761904745 dev=-2.1581047619047453 => EXCESSIVE_VIBRATION
t=181.4 cht=58.2 exp_cht=38.59174708909181 dev=20.50825291090819 => MISFIRE
t=182.5 cht=59.0 exp_cht=38.59174708909181 dev=20.40825291090819 => MISFIRE
t=0.0 cht=48.800000000000004 exp_cht=28.57877688242163 dev=21.92122311757837 => NORMAL
t=120.5 cht=60.0 exp_cht=63.43461428571427 dev=-3.434614285714268 => NORMAL
t=121.6 cht=60.2 exp_cht=63.546704761904756 dev=-3.3467047619047534 => NORMAL
t=0.0 cht=50.2 exp_cht=28.578776882421636 dev=21.82122311757837 => NORMAL
t=120.5 cht=59.300000000000004 exp_cht=63.284000918964075 dev=-2.8840009189640696 => NORMAL
t=121.0 cht=59.400000000000006 exp_cht=63.284000918964075 dev=-3.484000918964071 => NORMAL
t=181.4 cht=99.0 exp_cht=60.62103920784912 dev=39.77896079215088 => COOLING_DEGRADATION
t=0.0 cht=50.2 exp_cht=28.578776882421625 dev=21.82122311757838 => NORMAL
t=120.6 cht=60.400000000000006 exp_cht=62.57101828007519 dev=-2.171018280075181 => NORMAL
t=121.2 cht=59.2 exp_cht=63.53370476190474 dev=-3.4337047619047354 => OIL_PRESSURE_DEGRADATION
t=181.6 cht=58.1 exp_cht=60.62003920784914 dev=-1.4200392078491362 => OIL_PRESSURE_DEGRADATION
t=0.0 cht=50.5 exp_cht=28.57877688242163 dev=21.92122311757837 => NORMAL
t=0.0 cht=49.2 exp_cht=28.578776882421625 dev=23.72122311757838 => NORMAL
t=0.0 cht=50.2 exp_cht=28.578776882421625 dev=22.621223117578378 => NORMAL
t=120.5 cht=59.900000000000006 exp_cht=63.4512476190476 dev=-3.5512476190475937 => NORMAL
t=240.8 cht=53.5 exp_cht=43.82685393615334 dev=9.673146063846659 => SENSOR_DRIFT
t=241.3 cht=51.7 exp_cht=43.82685393615334 dev=8.073146063846664 => EXCESSIVE_VIBRATION
t=0.0 cht=49.900000000000006 exp_cht=28.57877688242162 dev=22.42122311757838 => NORMAL
t=60.1 cht=78.80000000000001 exp_cht=85.68980421918876 dev=-6.289804219188753 => NORMAL
t=180.6 cht=58.800000000000004 exp_cht=60.62563380244374 dev=-1.625633802443737 => NORMAL
t=0.0 cht=49.7 exp_cht=28.840866434660438 dev=21.759133565339564 => NORMAL
t=0.1 cht=49.900000000000006 exp_cht=28.578776882421636 dev=22.921223117578364 => COOLING_DEGRADATION
t=60.2 cht=107.30000000000001 exp_cht=85.66162225357952 dev=21.63837774642049 => COOLING_DEGRADATION
t=180.7 cht=109.80000000000001 exp_cht=60.70203920784915 dev=49.097960792150865 => COOLING_DEGRADATION
t=0.0 cht=50.7 exp_cht=28.578776882421636 dev=22.22122311757837 => NORMAL
t=0.1 cht=49.900000000000006 exp_cht=28.57877688242163 dev=49.72122311757838 => NORMAL
t=60.2 cht=79.0 exp_cht=85.594818892235 dev=23.705181107765014 => SENSOR_DRIFT
t=180.8 cht=57.2 exp_cht=60.52513380244373 dev=28.474866197556267 => SENSOR_DRIFT
t=0.0 cht=49.2 exp_cht=28.57877688242162 dev=23.12122311757838 => NORMAL
t=0.1 cht=50.5 exp_cht=28.57877688242163 dev=22.321223117578377 => SENSOR_DRIFT
t=60.2 cht=78.7 exp_cht=85.43003572612575 dev=-6.430035726125752 => OIL_PRESSURE_DEGRADATION
t=180.7 cht=58.2 exp_cht=60.70203920784914 dev=-2.2020392078491398 => OIL_PRESSURE_DEGRADATION
t=0.0 cht=49.1 exp_cht=28.578776882421625 dev=22.22122311757838 => NORMAL
t=0.1 cht=49.5 exp_cht=28.582443549088293 dev=21.11755645091171 => MISFIRE
t=60.2 cht=76.3 exp_cht=51.22901411750948 dev=25.670985882490527 => MISFIRE
t=180.7 cht=57.6 exp_cht=38.59174708909181 dev=20.808252910908195 => MISFIRE
t=0.0 cht=50.5 exp_cht=28.578776882421625 dev=21.921223117578375 => NORMAL
t=0.1 cht=49.300000000000004 exp_cht=28.578776882421625 dev=22.32122311757838 => EXCESSIVE_VIBRATION
t=60.2 cht=78.80000000000001 exp_cht=85.60577127318739 dev=-5.9057712731873835 => EXCESSIVE_VIBRATION
t=180.7 cht=60.900000000000006 exp_cht=60.54963380244373 dev=0.3503661975562764 => EXCESSIVE_VIBRATION
t=0.0 cht=49.400000000000006 exp_cht=28.578776882421625 dev=20.82122311757838 => NORMAL
t=0.0 cht=49.300000000000004 exp_cht=28.578776882421625 dev=22.521223117578376 => NORMAL
t=120.1 cht=74.4 exp_cht=72.87161075822061 dev=3.5283892417793936 => SENSOR_DRIFT
t=120.3 cht=76.10000000000001 exp_cht=63.00533613399307 dev=41.09466386600694 => SENSOR_DRIFT
t=240.6 cht=52.400000000000006 exp_cht=43.862313724547654 dev=38.33768627545235 => SENSOR_DRIFT
t=300.9 cht=51.6 exp_cht=43.96071061524169 dev=38.03928938475831 => SENSOR_DRIFT
t=301.2 cht=52.1 exp_cht=43.96071061524169 dev=8.839289384758317 => SENSOR_DRIFT
t=361.7 cht=87.2 exp_cht=44.029374700897435 dev=43.87062529910257 => COOLING_DEGRADATION
t=0.0 cht=49.7 exp_cht=28.578776882421625 dev=23.32122311757838 => NORMAL
t=0.0 cht=50.6 exp_cht=28.578776882421625 dev=22.021223117578376 => NORMAL
t=120.1 cht=74.9 exp_cht=73.20688131638585 dev=3.0931186836141507 => SENSOR_DRIFT
t=120.2 cht=73.0 exp_cht=73.16256632436033 dev=2.7374336756396787 => MISFIRE
t=180.7 cht=59.400000000000006 exp_cht=38.59174708909181 dev=20.808252910908195 => MISFIRE
t=301.0 cht=51.6 exp_cht=29.81195390896335 dev=22.488046091036654 => MISFIRE
t=301.6 cht=51.2 exp_cht=43.83793404525457 dev=7.562065954745435 => OIL_PRESSURE_DEGRADATION
t=0.0 cht=49.2 exp_cht=28.57877688242162 dev=22.42122311757838 => NORMAL
t=60.1 cht=78.0 exp_cht=85.68910421918874 dev=-6.289104219188729 => NORMAL
t=180.7 cht=59.400000000000006 exp_cht=60.70203920784914 dev=0.29796079215086024 => NORMAL
t=0.0 cht=50.0 exp_cht=28.840866434660434 dev=21.85913356533957 => NORMAL
t=0.0 cht=50.2 exp_cht=28.840866434660434 dev=21.35913356533957 => NORMAL
t=120.1 cht=75.3 exp_cht=72.84261075822062 dev=4.05738924177939 => SENSOR_DRIFT
t=120.2 cht=74.8 exp_cht=72.84261075822062 dev=2.9573892417793815 => EXCESSIVE_VIBRATION
t=180.7 cht=58.400000000000006 exp_cht=60.70203920784914 dev=-0.20203920784913976 => EXCESSIVE_VIBRATION
t=301.0 cht=52.7 exp_cht=43.96071061524169 dev=8.739289384758315 => EXCESSIVE_VIBRATION
t=301.6 cht=53.0 exp_cht=43.96071061524169 dev=9.339289384758317 => SENSOR_DRIFT
t=0.0 cht=50.2 exp_cht=28.57877688242163 dev=21.621223117578374 => NORMAL
t=60.1 cht=79.10000000000001 exp_cht=85.68910421918874 dev=-6.189104219188735 => NORMAL
t=180.7 cht=58.5 exp_cht=60.70303920784915 dev=-0.10303920784915022 => NORMAL
t=0.0 cht=48.400000000000006 exp_cht=28.84086643466043 dev=21.359133565339572 => NORMAL
t=0.1 cht=48.6 exp_cht=28.57877688242163 dev=50.121223117578374 => NORMAL
t=60.2 cht=77.9 exp_cht=85.60577127318737 dev=23.294228726812634 => SENSOR_DRIFT
t=180.7 cht=57.7 exp_cht=60.54963380244373 dev=26.650366197556274 => SENSOR_DRIFT
t=0.0 cht=50.0 exp_cht=28.57877688242163 dev=21.92122311757837 => NORMAL
t=0.1 cht=49.400000000000006 exp_cht=28.57877688242163 dev=22.521223117578373 => NORMAL
t=60.2 cht=79.5 exp_cht=85.63897127318738 dev=-6.0389712731873715 => OIL_PRESSURE_DEGRADATION
t=180.8 cht=58.5 exp_cht=60.70203920784914 dev=-2.2020392078491398 => OIL_PRESSURE_DEGRADATION
t=0.0 cht=48.0 exp_cht=28.578776882421625 dev=21.521223117578376 => NORMAL
t=0.1 cht=50.7 exp_cht=28.578776882421625 dev=22.121223117578378 => MISFIRE
t=60.2 cht=76.2 exp_cht=51.22901411750946 dev=24.970985882490545 => MISFIRE
t=180.7 cht=58.1 exp_cht=38.59174708909181 dev=19.708252910908193 => MISFIRE
t=0.0 cht=50.800000000000004 exp_cht=28.578776882421625 dev=22.22122311757838 => NORMAL
t=0.1 cht=50.0 exp_cht=28.57877688242163 dev=22.021223117578373 => EXCESSIVE_VIBRATION
t=60.2 cht=79.10000000000001 exp_cht=85.67384447580174 dev=-6.573844475801735 => EXCESSIVE_VIBRATION
t=180.7 cht=58.6 exp_cht=60.52513380244373 dev=-1.9251338024437317 => EXCESSIVE_VIBRATION
t=0.0 cht=49.2 exp_cht=28.57877688242163 dev=21.621223117578374 => NORMAL
t=0.0 cht=49.7 exp_cht=28.57877688242163 dev=21.721223117578376 => NORMAL
t=120.1 cht=73.8 exp_cht=72.78768444243114 dev=2.612315557568863 => SENSOR_DRIFT
t=120.3 cht=72.7 exp_cht=63.005336133993076 dev=40.494663866006924 => SENSOR_DRIFT
t=240.6 cht=52.2 exp_cht=43.82445027247956 dev=38.47554972752045 => SENSOR_DRIFT
t=300.9 cht=53.1 exp_cht=43.960710615241666 dev=37.23928938475834 => SENSOR_DRIFT
t=301.2 cht=52.7 exp_cht=43.960710615241666 dev=8.739289384758337 => SENSOR_DRIFT
t=361.6 cht=86.0 exp_cht=44.02937470089742 dev=43.870625299102585 => COOLING_DEGRADATION
t=0.0 cht=48.7 exp_cht=28.57877688242163 dev=22.521223117578373 => NORMAL
t=0.0 cht=51.0 exp_cht=28.57877688242163 dev=22.42122311757837 => NORMAL
t=120.1 cht=75.0 exp_cht=72.78768444243114 dev=2.8123155575688656 => SENSOR_DRIFT
t=120.2 cht=75.7 exp_cht=73.1459948957889 dev=2.5540051042111003 => EXCESSIVE_VIBRATION
t=180.6 cht=58.900000000000006 exp_cht=38.59174708909181 dev=21.308252910908195 => MISFIRE
t=300.9 cht=49.800000000000004 exp_cht=29.81195390896335 dev=21.588046091036656 => MISFIRE
t=421.3 cht=51.0 exp_cht=42.762507650811905 dev=9.437492349188098 => MISFIRE
t=0.0 cht=49.1 exp_cht=28.840866434660434 dev=20.95913356533957 => NORMAL
t=0.1 cht=50.2 exp_cht=28.57877688242163 dev=22.321223117578377 => SENSOR_DRIFT
t=60.2 cht=78.30000000000001 exp_cht=85.2423023927924 dev=-5.442302392792385 => OIL_PRESSURE_DEGRADATION
t=180.7 cht=58.1 exp_cht=60.71553920784914 dev=-2.3155392078491346 => OIL_PRESSURE_DEGRADATION
t=0.0 cht=49.900000000000006 exp_cht=28.57877688242162 dev=22.221223117578383 => NORMAL
t=0.0 cht=50.0 exp_cht=28.57877688242163 dev=22.721223117578376 => NORMAL
t=120.1 cht=74.9 exp_cht=73.08945274495728 dev=2.310547255042721 => NORMAL
t=120.2 cht=73.7 exp_cht=73.08945274495728 dev=2.0105472550427237 => EXCESSIVE_VIBRATION
t=180.5 cht=60.400000000000006 exp_cht=60.62563380244373 dev=-0.2256338024437241 => EXCESSIVE_VIBRATION
t=300.8 cht=52.0 exp_cht=43.96071061524168 dev=8.53928938475832 => EXCESSIVE_VIBRATION
t=301.3 cht=50.6 exp_cht=43.96071061524168 dev=7.939289384758325 => SENSOR_DRIFT
t=0.0 cht=50.7 exp_cht=28.578776882421625 dev=22.121223117578378 => NORMAL
t=60.1 cht=78.0 exp_cht=84.80808344624187 dev=-5.508083446241855 => NORMAL
t=180.6 cht=59.800000000000004 exp_cht=60.625633802443716 dev=0.47436619755628584 => NORMAL
t=0.0 cht=50.6 exp_cht=28.57877688242163 dev=22.121223117578374 => NORMAL
t=0.1 cht=50.2 exp_cht=28.578776882421625 dev=49.821223117578384 => NORMAL
t=60.2 cht=77.7 exp_cht=85.24230239279241 dev=22.357697607207598 => SENSOR_DRIFT
t=180.7 cht=60.400000000000006 exp_cht=60.54963380244374 dev=27.450366197556257 => SENSOR_DRIFT
t=0.0 cht=50.7 exp_cht=28.840866434660434 dev=22.35913356533957 => NORMAL
t=0.1 cht=49.0 exp_cht=28.57877688242164 dev=22.521223117578362 => NORMAL
t=60.2 cht=80.7 exp_cht=85.63967127318737 dev=-4.939671273187372 => OIL_PRESSURE_DEGRADATION
t=180.7 cht=58.6 exp_cht=60.703039207849145 dev=-0.9030392078491403 => OIL_PRESSURE_DEGRADATION
t=0.0 cht=52.2 exp_cht=28.57877688242162 dev=23.62122311757838 => NORMAL
t=0.1 cht=49.0 exp_cht=28.582443549088293 dev=22.417556450911707 => MISFIRE
t=60.2 cht=76.10000000000001 exp_cht=51.22901411750947 dev=24.870985882490537 => MISFIRE
t=180.7 cht=58.900000000000006 exp_cht=38.59174708909181 dev=20.308252910908195 => MISFIRE
t=0.0 cht=50.1 exp_cht=28.57877688242163 dev=23.821223117578377 => NORMAL
t=0.1 cht=49.0 exp_cht=28.578776882421625 dev=21.121223117578378 => EXCESSIVE_VIBRATION
t=60.2 cht=78.60000000000001 exp_cht=85.66162225357954 dev=-6.261622253579532 => EXCESSIVE_VIBRATION
t=180.7 cht=60.5 exp_cht=60.703039207849145 dev=-0.20303920784914453 => EXCESSIVE_VIBRATION
t=0.0 cht=50.6 exp_cht=28.578776882421625 dev=22.621223117578378 => NORMAL
t=0.0 cht=49.7 exp_cht=28.57877688242163 dev=22.521223117578373 => NORMAL
t=120.1 cht=76.0 exp_cht=73.08945274495728 dev=2.910547255042715 => SENSOR_DRIFT
t=120.3 cht=75.60000000000001 exp_cht=63.00533613399307 dev=41.79466386600694 => SENSOR_DRIFT
t=240.5 cht=52.900000000000006 exp_cht=43.86924759264038 dev=37.53075240735963 => SENSOR_DRIFT
t=300.8 cht=51.800000000000004 exp_cht=43.96071061524169 dev=36.63928938475832 => SENSOR_DRIFT
t=301.1 cht=51.2 exp_cht=43.96071061524169 dev=9.439289384758318 => SENSOR_DRIFT
t=361.5 cht=87.60000000000001 exp_cht=57.85764980604231 dev=29.742350193957698 => COOLING_DEGRADATION
t=0.0 cht=51.400000000000006 exp_cht=28.840866434660434 dev=22.55913356533957 => NORMAL
t=0.0 cht=49.400000000000006 exp_cht=28.840866434660434 dev=21.759133565339567 => NORMAL
t=120.1 cht=74.7 exp_cht=72.78768444243114 dev=3.0123155575688543 => SENSOR_DRIFT
t=120.2 cht=75.2 exp_cht=73.14766156245555 dev=3.0523384375444493 => MISFIRE
t=180.6 cht=57.900000000000006 exp_cht=38.59174708909181 dev=20.40825291090819 => MISFIRE
t=300.9 cht=51.900000000000006 exp_cht=41.199555100187965 dev=10.700444899812041 => MISFIRE
t=0.0 cht=49.800000000000004 exp_cht=28.57877688242163 dev=21.92122311757837 => NORMAL
t=120.1 cht=74.8 exp_cht=73.23880772331225 dev=1.7611922766877512 => NORMAL
t=120.2 cht=75.5 exp_cht=73.23880772331225 dev=2.8611922766877598 => NORMAL
t=180.6 cht=59.1 exp_cht=60.77903920784915 dev=-1.3790392078491465 => OIL_PRESSURE_DEGRADATION
t=300.9 cht=52.0 exp_cht=43.96071061524168 dev=8.439289384758325 => OIL_PRESSURE_DEGRADATION
t=0.0 cht=49.900000000000006 exp_cht=28.840866434660438 dev=21.359133565339565 => NORMAL
t=0.0 cht=50.0 exp_cht=28.57877688242162 dev=22.221223117578383 => NORMAL
t=120.5 cht=59.7 exp_cht=63.26183425229741 dev=-2.6618342522974103 => NORMAL
t=121.0 cht=59.300000000000004 exp_cht=63.26183425229741 dev=-3.561834252297409 => EXCESSIVE_VIBRATION
t=241.2 cht=52.6 exp_cht=43.82685393615333 dev=9.673146063846673 => EXCESSIVE_VIBRATION
t=301.5 cht=51.7 exp_cht=43.96071061524168 dev=8.339289384758324 => EXCESSIVE_VIBRATION
t=301.8 cht=52.900000000000006 exp_cht=43.96071061524168 dev=8.939289384758325 => SENSOR_DRIFT
t=362.1 cht=87.80000000000001 exp_cht=55.04047586140347 dev=32.859524138596534 => COOLING_DEGRADATION
t=0.0 cht=50.5 exp_cht=28.57877688242163 dev=21.92122311757837 => NORMAL
t=0.0 cht=50.300000000000004 exp_cht=28.57877688242163 dev=21.721223117578376 => NORMAL
t=120.1 cht=76.10000000000001 exp_cht=73.20688131638585 dev=2.893118683614162 => SENSOR_DRIFT
t=120.2 cht=74.8 exp_cht=73.20688131638585 dev=32.093118683614165 => SENSOR_DRIFT
t=180.6 cht=59.5 exp_cht=60.60113380244373 dev=28.398866197556274 => SENSOR_DRIFT
t=300.9 cht=52.5 exp_cht=43.96071061524168 dev=36.939289384758325 => SENSOR_DRIFT
t=301.4 cht=51.1 exp_cht=43.96071061524168 dev=9.03928938475832 => OIL_PRESSURE_DEGRADATION
t=0.0 cht=50.2 exp_cht=28.57877688242163 dev=22.821223117578377 => NORMAL
t=60.1 cht=78.30000000000001 exp_cht=85.67523755252206 dev=-5.47523755252206 => NORMAL
t=180.6 cht=59.0 exp_cht=60.62563380244374 dev=-1.625633802443737 => NORMAL
t=0.0 cht=50.1 exp_cht=28.578776882421625 dev=21.82122311757838 => NORMAL
t=0.1 cht=51.300000000000004 exp_cht=28.578776882421625 dev=22.72122311757838 => MISFIRE
t=60.3 cht=51.800000000000004 exp_cht=32.70278994623466 dev=19.097210053765345 => MISFIRE
t=180.6 cht=58.2 exp_cht=38.59174708909181 dev=19.608252910908192 => MISFIRE
t=0.0 cht=50.6 exp_cht=28.578776882421625 dev=22.621223117578378 => NORMAL
t=0.1 cht=50.900000000000006 exp_cht=28.57877688242163 dev=22.92122311757837 => EXCESSIVE_VIBRATION
t=60.2 cht=77.5 exp_cht=85.594818892235 dev=-7.094818892234997 => EXCESSIVE_VIBRATION
t=180.7 cht=59.800000000000004 exp_cht=60.70203920784912 dev=-0.9020392078491142 => EXCESSIVE_VIBRATION
t=0.0 cht=50.900000000000006 exp_cht=28.578776882421625 dev=23.521223117578376 => NORMAL
t=0.0 cht=50.2 exp_cht=28.57877688242163 dev=21.721223117578376 => NORMAL
t=120.1 cht=75.8 exp_cht=72.87161075822063 dev=3.0283892417793794 => SENSOR_DRIFT
t=120.2 cht=75.9 exp_cht=72.87161075822063 dev=32.32838924177938 => SENSOR_DRIFT
t=180.6 cht=60.1 exp_cht=60.77803920784914 dev=27.82196079215087 => SENSOR_DRIFT
t=300.9 cht=52.2 exp_cht=43.960710615241695 dev=36.83928938475832 => SENSOR_DRIFT
t=301.4 cht=53.0 exp_cht=43.960710615241695 dev=9.039289384758305 => SENSOR_DRIFT
t=0.0 cht=49.2 exp_cht=28.578776882421625 dev=22.72122311757838 => NORMAL
t=60.1 cht=78.2 exp_cht=85.52583900179745 dev=-6.125839001797445 => NORMAL
t=180.6 cht=58.800000000000004 exp_cht=60.62563380244374 dev=-1.125633802443737 => NORMAL
t=0.0 cht=50.5 exp_cht=28.57877688242163 dev=22.021223117578373 => NORMAL
t=0.1 cht=49.6 exp_cht=28.578776882421636 dev=21.32122311757837 => MISFIRE
t=60.2 cht=78.4 exp_cht=51.22901411750946 dev=27.170985882490548 => MISFIRE
t=180.7 cht=59.300000000000004 exp_cht=38.59174708909181 dev=20.708252910908193 => MISFIRE
t=0.0 cht=48.900000000000006 exp_cht=28.57877688242163 dev=22.321223117578377 => NORMAL
t=0.1 cht=50.400000000000006 exp_cht=28.578776882421636 dev=22.521223117578366 => NORMAL
t=60.2 cht=78.9 exp_cht=85.594818892235 dev=-6.4948188922349885 => OIL_PRESSURE_DEGRADATION
t=180.7 cht=59.1 exp_cht=60.52513380244373 dev=-1.1251338024437274 => OIL_PRESSURE_DEGRADATION
t=0.0 cht=49.6 exp_cht=28.578776882421636 dev=22.121223117578367 => NORMAL
t=0.0 cht=48.900000000000006 exp_cht=28.578776882421636 dev=22.021223117578366 => NORMAL
t=120.1 cht=74.0 exp_cht=72.87161075822064 dev=3.4283892417793567 => SENSOR_DRIFT
t=120.2 cht=75.4 exp_cht=72.87161075822064 dev=3.228389241779368 => EXCESSIVE_VIBRATION
t=180.6 cht=59.6 exp_cht=60.77803920784913 dev=0.12196079215087252 => EXCESSIVE_VIBRATION
t=300.9 cht=51.2 exp_cht=43.960710615241695 dev=9.239289384758308 => EXCESSIVE_VIBRATION
t=301.4 cht=51.1 exp_cht=43.960710615241695 dev=8.33928938475831 => SENSOR_DRIFT
t=0.0 cht=50.400000000000006 exp_cht=28.57877688242163 dev=21.92122311757837 => NORMAL
t=60.1 cht=80.10000000000001 exp_cht=85.68980421918876 dev=-5.58980421918875 => NORMAL
t=180.5 cht=59.7 exp_cht=60.77803920784914 dev=-1.0780392078491374 => NORMAL
t=0.0 cht=49.900000000000006 exp_cht=28.578776882421625 dev=22.521223117578376 => NORMAL
t=0.1 cht=50.6 exp_cht=28.57877688242163 dev=49.92122311757837 => NORMAL
t=60.2 cht=78.10000000000001 exp_cht=85.594818892235 dev=22.00518110776501 => SENSOR_DRIFT
t=180.6 cht=58.6 exp_cht=60.77803920784914 dev=27.921960792150863 => SENSOR_DRIFT
t=0.0 cht=50.900000000000006 exp_cht=28.57877688242163 dev=22.321223117578377 => NORMAL
t=0.1 cht=47.7 exp_cht=28.578776882421625 dev=22.121223117578378 => NORMAL
t=60.2 cht=77.5 exp_cht=85.594818892235 dev=-6.694818892234991 => OIL_PRESSURE_DEGRADATION
t=180.6 cht=59.300000000000004 exp_cht=60.77903920784915 dev=-1.0790392078491493 => OIL_PRESSURE_DEGRADATION
t=0.0 cht=49.5 exp_cht=28.578776882421625 dev=21.521223117578376 => NORMAL
t=0.1 cht=50.400000000000006 exp_cht=28.582443549088293 dev=22.71755645091171 => MISFIRE
t=60.2 cht=76.5 exp_cht=51.22901411750946 dev=26.170985882490548 => MISFIRE
t=180.6 cht=57.900000000000006 exp_cht=38.59174708909181 dev=20.608252910908192 => MISFIRE
t=0.0 cht=49.2 exp_cht=28.578776882421625 dev=22.021223117578376 => NORMAL
t=0.1 cht=49.1 exp_cht=28.578776882421625 dev=21.82122311757838 => EXCESSIVE_VIBRATION
t=60.2 cht=78.10000000000001 exp_cht=85.59481889223501 dev=-6.994818892235003 => EXCESSIVE_VIBRATION
t=180.6 cht=57.800000000000004 exp_cht=60.55593380244373 dev=-1.755933802443728 => EXCESSIVE_VIBRATION
t=0.0 cht=49.900000000000006 exp_cht=28.57877688242163 dev=22.721223117578376 => NORMAL
t=0.0 cht=49.900000000000006 exp_cht=28.57877688242163 dev=23.021223117578373 => NORMAL
t=120.1 cht=75.60000000000001 exp_cht=72.70282874812546 dev=2.8971712518745534 => SENSOR_DRIFT
t=120.3 cht=76.80000000000001 exp_cht=63.00533613399307 dev=41.99466386600693 => SENSOR_DRIFT
t=240.5 cht=51.7 exp_cht=43.79832022628385 dev=38.30167977371616 => SENSOR_DRIFT
t=300.8 cht=52.0 exp_cht=43.96071061524168 dev=37.13928938475833 => SENSOR_DRIFT
t=421.1 cht=52.0 exp_cht=57.84464980604232 dev=24.055350193957686 => SENSOR_DRIFT
t=541.4 cht=50.2 exp_cht=42.825215975885015 dev=36.27478402411499 => SENSOR_DRIFT
t=0.0 cht=50.300000000000004 exp_cht=28.57877688242163 dev=22.321223117578377 => NORMAL
t=0.1 cht=49.7 exp_cht=28.578776882421625 dev=22.021223117578376 => COOLING_DEGRADATION
t=60.2 cht=106.0 exp_cht=85.594818892235 dev=20.605181107765006 => COOLING_DEGRADATION
t=180.6 cht=109.0 exp_cht=60.625633802443744 dev=49.474366197556265 => COOLING_DEGRADATION
t=0.0 cht=48.900000000000006 exp_cht=28.57877688242164 dev=21.92122311757836 => NORMAL
t=0.1 cht=50.1 exp_cht=28.57877688242163 dev=22.721223117578376 => MISFIRE
t=60.2 cht=77.0 exp_cht=51.22901411750947 dev=26.170985882490534 => MISFIRE
t=180.7 cht=57.6 exp_cht=38.59174708909181 dev=19.00825291090819 => MISFIRE
t=0.0 cht=50.2 exp_cht=28.57877688242162 dev=22.02122311757838 => NORMAL
t=0.1 cht=48.5 exp_cht=28.57877688242163 dev=21.92122311757837 => SENSOR_DRIFT
t=60.2 cht=78.10000000000001 exp_cht=85.6389712731874 dev=-7.538971273187386 => OIL_PRESSURE_DEGRADATION
t=180.6 cht=60.800000000000004 exp_cht=60.62563380244374 dev=0.17436619755626737 => OIL_PRESSURE_DEGRADATION
t=0.0 cht=49.0 exp_cht=28.57877688242163 dev=22.221223117578376 => NORMAL
t=0.0 cht=49.900000000000006 exp_cht=28.57877688242163 dev=22.521223117578373 => NORMAL
t=120.1 cht=75.5 exp_cht=73.24454798305251 dev=2.255452016947487 => SENSOR_DRIFT
t=120.3 cht=74.10000000000001 exp_cht=63.00533613399307 dev=12.59466386600694 => EXCESSIVE_VIBRATION
t=240.5 cht=52.300000000000004 exp_cht=43.82405602146643 dev=9.775943978533569 => EXCESSIVE_VIBRATION
t=300.8 cht=51.7 exp_cht=43.960710615241695 dev=8.33928938475831 => EXCESSIVE_VIBRATION
t=301.1 cht=50.400000000000006 exp_cht=43.960710615241695 dev=8.33928938475831 => SENSOR_DRIFT
t=361.3 cht=87.60000000000001 exp_cht=57.857649806042325 dev=29.742350193957684 => COOLING_DEGRADATION
t=421.6 cht=93.9 exp_cht=57.84464980604232 dev=36.95535019395769 => COOLING_DEGRADATION
t=481.9 cht=97.5 exp_cht=57.844649806042334 dev=39.655350193957666 => COOLING_DEGRADATION
t=0.0 cht=47.2 exp_cht=28.578776882421625 dev=21.32122311757838 => NORMAL
t=120.5 cht=58.400000000000006 exp_cht=63.284000918964075 dev=-3.0840009189640725 => NORMAL
t=121.0 cht=60.400000000000006 exp_cht=63.560704761904745 dev=-3.1607047619047393 => OIL_PRESSURE_DEGRADATION
t=181.5 cht=58.7 exp_cht=60.62103920784914 dev=-1.0210392078491353 => OIL_PRESSURE_DEGRADATION
t=182.6 cht=58.1 exp_cht=59.854283008792926 dev=-0.054283008792921805 => OIL_PRESSURE_DEGRADATION
t=0.0 cht=51.800000000000004 exp_cht=28.840866434660438 dev=22.959133565339567 => NORMAL
t=120.5 cht=59.400000000000006 exp_cht=63.41006758563075 dev=-2.910067585630749 => NORMAL
t=121.0 cht=60.5 exp_cht=63.41006758563075 dev=-2.910067585630749 => EXCESSIVE_VIBRATION
t=181.4 cht=57.2 exp_cht=60.62003920784914 dev=-1.4200392078491362 => EXCESSIVE_VIBRATION
t=0.0 cht=49.300000000000004 exp_cht=28.578776882421636 dev=22.121223117578367 => NORMAL
t=120.5 cht=59.6 exp_cht=63.49770476190475 dev=-2.597704761904744 => NORMAL
t=121.0 cht=59.7 exp_cht=63.49770476190475 dev=26.702295238095253 => SENSOR_DRIFT
t=181.3 cht=59.0 exp_cht=60.54963380244372 dev=28.450366197556278 => SENSOR_DRIFT
t=0.0 cht=49.7 exp_cht=28.84086643466043 dev=21.059133565339575 => NORMAL
t=120.5 cht=59.300000000000004 exp_cht=63.4512476190476 dev=-2.4512476190475994 => NORMAL
t=121.0 cht=59.900000000000006 exp_cht=63.54137142857141 dev=-3.441371428571408 => EXCESSIVE_VIBRATION
t=181.4 cht=57.6 exp_cht=38.591747089091804 dev=20.408252910908196 => MISFIRE
t=0.0 cht=49.7 exp_cht=28.84086643466043 dev=22.15913356533957 => NORMAL
t=120.4 cht=60.6 exp_cht=63.43461428571427 dev=-2.8346142857142667 => NORMAL
t=0.0 cht=50.900000000000006 exp_cht=28.578776882421625 dev=22.32122311757838 => NORMAL
t=120.4 cht=60.300000000000004 exp_cht=63.49770476190475 dev=-2.3977047619047482 => NORMAL
t=120.9 cht=59.2 exp_cht=63.29933425229741 dev=-2.799334252297413 => NORMAL
t=181.2 cht=98.7 exp_cht=60.70203920784912 dev=38.69796079215089 => COOLING_DEGRADATION
t=0.0 cht=49.7 exp_cht=28.578776882421625 dev=22.421223117578375 => NORMAL
t=120.5 cht=58.7 exp_cht=63.41006758563074 dev=-3.410067585630742 => NORMAL
t=121.0 cht=58.900000000000006 exp_cht=63.41006758563074 dev=-3.410067585630742 => OIL_PRESSURE_DEGRADATION
t=181.4 cht=59.1 exp_cht=60.620039207849146 dev=-1.2200392078491404 => OIL_PRESSURE_DEGRADATION
t=0.0 cht=50.1 exp_cht=28.840866434660438 dev=22.659133565339562 => NORMAL
t=120.5 cht=57.900000000000006 exp_cht=63.45124761904761 dev=-2.7512476190476036 => NORMAL
t=121.0 cht=58.900000000000006 exp_cht=63.45124761904761 dev=-2.2512476190476036 => EXCESSIVE_VIBRATION
t=181.4 cht=58.800000000000004 exp_cht=60.467633802443736 dev=-1.1676338024437314 => EXCESSIVE_VIBRATION
t=0.0 cht=52.5 exp_cht=28.840866434660438 dev=23.659133565339562 => NORMAL
t=120.5 cht=59.5 exp_cht=63.434614285714254 dev=-3.934614285714254 => NORMAL
t=121.0 cht=59.7 exp_cht=63.434614285714254 dev=25.165385714285755 => SENSOR_DRIFT
t=181.4 cht=59.0 exp_cht=60.62003920784913 dev=28.779960792150874 => SENSOR_DRIFT
t=0.0 cht=50.2 exp_cht=28.840866434660434 dev=21.85913356533957 => NORMAL
t=120.5 cht=59.7 exp_cht=63.497704761904764 dev=-3.297704761904761 => NORMAL
t=120.9 cht=59.800000000000004 exp_cht=62.81173809523809 dev=-2.9117380952380856 => MISFIRE
t=181.3 cht=57.2 exp_cht=38.591747089091804 dev=20.2082529109082 => MISFIRE
t=0.0 cht=50.5 exp_cht=29.060637303007773 dev=21.439362696992227 => NORMAL
t=120.5 cht=59.800000000000004 exp_cht=62.64811351817043 dev=-2.5481135181704317 => NORMAL
t=0.0 cht=50.800000000000004 exp_cht=28.57877688242164 dev=23.321223117578366 => NORMAL
t=120.5 cht=58.800000000000004 exp_cht=63.49620476190475 dev=-3.596204761904744 => NORMAL
t=121.0 cht=60.400000000000006 exp_cht=62.686905184837094 dev=-2.2869051848370887 => NORMAL
t=181.4 cht=98.60000000000001 exp_cht=60.621039207849165 dev=38.47896079215084 => COOLING_DEGRADATION
t=0.0 cht=50.6 exp_cht=28.840866434660434 dev=21.759133565339567 => NORMAL
t=120.4 cht=60.300000000000004 exp_cht=63.43691428571426 dev=-2.8369142857142577 => NORMAL
t=120.8 cht=59.6 exp_cht=63.43691428571426 dev=-3.136914285714255 => OIL_PRESSURE_DEGRADATION
t=181.1 cht=58.900000000000006 exp_cht=60.525133802443726 dev=-0.7251338024437217 => OIL_PRESSURE_DEGRADATION
t=0.0 cht=50.2 exp_cht=28.578776882421625 dev=22.021223117578376 => NORMAL
t=120.5 cht=61.5 exp_cht=63.509204761904755 dev=-2.009204761904755 => NORMAL
t=120.9 cht=60.1 exp_cht=62.68690518483711 dev=-2.1869051848371086 => EXCESSIVE_VIBRATION
t=181.2 cht=58.900000000000006 exp_cht=60.70303920784915 dev=-1.5030392078491488 => EXCESSIVE_VIBRATION
t=0.0 cht=48.300000000000004 exp_cht=28.57877688242162 dev=21.52122311757838 => NORMAL
t=120.4 cht=59.5 exp_cht=63.41006758563075 dev=-3.1100675856307447 => NORMAL
t=120.8 cht=58.2 exp_cht=63.41006758563075 dev=27.58993241436925 => SENSOR_DRIFT
t=181.2 cht=58.7 exp_cht=60.70303920784913 dev=27.59696079215088 => SENSOR_DRIFT
t=0.0 cht=48.400000000000006 exp_cht=28.578776882421625 dev=21.22122311757838 => NORMAL
t=120.5 cht=59.5 exp_cht=63.41006758563074 dev=-2.6100675856307376 => NORMAL
t=121.0 cht=59.1 exp_cht=63.541371428571416 dev=-3.0413714285714164 => MISFIRE
t=181.4 cht=59.1 exp_cht=38.59174708909181 dev=20.50825291090819 => MISFIRE
t=0.0 cht=50.800000000000004 exp_cht=28.84086643466043 dev=22.059133565339575 => NORMAL
t=120.5 cht=58.6 exp_cht=63.261834252297405 dev=-3.061834252297402 => NORMAL
t=0.0 cht=50.6 exp_cht=28.578776882421636 dev=22.22122311757837 => NORMAL
t=120.5 cht=60.400000000000006 exp_cht=63.497704761904764 dev=-2.297704761904761 => NORMAL
t=121.0 cht=61.800000000000004 exp_cht=63.497704761904764 dev=-1.6977047619047596 => NORMAL
t=181.3 cht=97.80000000000001 exp_cht=60.70203920784914 dev=38.99796079215086 => COOLING_DEGRADATION
t=0.0 cht=49.6 exp_cht=28.57877688242163 dev=22.021223117578373 => NORMAL
t=120.5 cht=60.400000000000006 exp_cht=63.43461428571426 dev=-2.434614285714261 => NORMAL
t=121.0 cht=59.7 exp_cht=63.43461428571426 dev=-2.734614285714258 => OIL_PRESSURE_DEGRADATION
t=181.4 cht=57.0 exp_cht=60.467633802443736 dev=-0.7676338024437328 => OIL_PRESSURE_DEGRADATION
t=0.0 cht=49.800000000000004 exp_cht=28.57877688242163 dev=22.121223117578374 => NORMAL
t=120.5 cht=58.1 exp_cht=62.57101828007519 dev=-2.2710182800751824 => NORMAL
t=121.0 cht=60.400000000000006 exp_cht=63.4887476190476 dev=-3.088747619047595 => EXCESSIVE_VIBRATION
t=181.3 cht=57.400000000000006 exp_cht=60.47993380244374 dev=-1.979933802443739 => EXCESSIVE_VIBRATION
t=0.0 cht=49.900000000000006 exp_cht=28.57877688242163 dev=21.321223117578377 => NORMAL
t=120.5 cht=60.2 exp_cht=63.436914285714266 dev=-2.2369142857142634 => NORMAL
t=121.0 cht=60.400000000000006 exp_cht=63.436914285714266 dev=25.563085714285734 => SENSOR_DRIFT
t=181.4 cht=58.300000000000004 exp_cht=60.46763380244372 dev=26.73236619755628 => SENSOR_DRIFT
t=0.0 cht=49.7 exp_cht=28.578776882421625 dev=21.82122311757838 => NORMAL
t=120.5 cht=60.2 exp_cht=63.50091428571425 dev=-2.1009142857142464 => NORMAL
t=121.0 cht=59.400000000000006 exp_cht=63.09943809523807 dev=-3.099438095238071 => MISFIRE
t=181.4 cht=58.900000000000006 exp_cht=38.59174708909181 dev=20.308252910908195 => MISFIRE
t=0.0 cht=51.900000000000006 exp_cht=28.578776882421625 dev=23.32122311757838 => NORMAL
t=120.5 cht=59.7 exp_cht=63.49770476190475 dev=-3.797704761904747 => NORMAL
t=0.0 cht=50.1 exp_cht=28.57877688242163 dev=21.621223117578374 => NORMAL
t=120.5 cht=60.0 exp_cht=63.434614285714275 dev=-3.134614285714271 => NORMAL
t=121.0 cht=59.2 exp_cht=63.434614285714275 dev=-3.3346142857142738 => NORMAL
t=181.4 cht=99.30000000000001 exp_cht=60.39793380244373 dev=38.90206619755628 => COOLING_DEGRADATION
t=0.0 cht=50.0 exp_cht=28.57877688242163 dev=23.121223117578374 => NORMAL
t=120.5 cht=60.800000000000004 exp_cht=63.45124761904763 dev=-2.6512476190476235 => NORMAL
t=121.0 cht=59.800000000000004 exp_cht=63.45124761904763 dev=-2.8512476190476264 => OIL_PRESSURE_DEGRADATION
t=181.4 cht=58.6 exp_cht=60.46763380244374 dev=-0.7676338024437399 => OIL_PRESSURE_DEGRADATION
t=0.0 cht=50.900000000000006 exp_cht=28.57877688242162 dev=22.321223117578384 => NORMAL
t=120.4 cht=57.800000000000004 exp_cht=63.43461428571426 dev=-3.0346142857142553 => NORMAL
t=120.9 cht=59.900000000000006 exp_cht=63.43461428571426 dev=-3.434614285714261 => EXCESSIVE_VIBRATION
t=181.3 cht=58.5 exp_cht=60.52513380244373 dev=-2.025133802443733 => EXCESSIVE_VIBRATION
t=0.0 cht=50.2 exp_cht=28.57877688242163 dev=22.221223117578376 => NORMAL
t=120.5 cht=59.2 exp_cht=63.41006758563075 dev=-2.5100675856307433 => NORMAL
t=121.0 cht=60.400000000000006 exp_cht=63.41006758563075 dev=25.889932414369262 => SENSOR_DRIFT
t=181.4 cht=59.400000000000006 exp_cht=60.46763380244372 dev=27.03236619755628 => SENSOR_DRIFT
t=0.0 cht=50.2 exp_cht=28.578776882421625 dev=23.421223117578375 => NORMAL
t=120.5 cht=61.2 exp_cht=63.436914285714266 dev=-2.2369142857142634 => NORMAL
t=121.0 cht=59.2 exp_cht=63.15810476190473 dev=-2.658104761904731 => MISFIRE
t=181.4 cht=59.1 exp_cht=38.59174708909181 dev=20.50825291090819 => MISFIRE
t=0.0 cht=50.1 exp_cht=28.578776882421625 dev=21.521223117578376 => NORMAL
t=120.5 cht=58.5 exp_cht=63.50091428571426 dev=-3.900914285714258 => NORMAL
t=0.0 cht=47.6 exp_cht=28.57877688242163 dev=22.221223117578376 => NORMAL
t=120.4 cht=60.1 exp_cht=63.2618342522974 dev=-2.7618342522973975 => NORMAL
t=120.9 cht=61.1 exp_cht=63.2618342522974 dev=-2.161834252297396 => NORMAL
t=181.3 cht=99.5 exp_cht=60.70203920784915 dev=38.79796079215085 => COOLING_DEGRADATION
t=0.0 cht=49.6 exp_cht=28.57877688242163 dev=22.221223117578376 => NORMAL
t=120.5 cht=60.400000000000006 exp_cht=63.49620476190476 dev=-3.096204761904751 => NORMAL
t=121.0 cht=59.6 exp_cht=63.44756758563073 dev=-2.447567585630729 => OIL_PRESSURE_DEGRADATION
t=181.4 cht=58.1 exp_cht=60.44313380244373 dev=-0.7431338024437295 => OIL_PRESSURE_DEGRADATION
t=0.0 cht=50.400000000000006 exp_cht=28.57877688242163 dev=22.621223117578374 => NORMAL
t=120.5 cht=59.300000000000004 exp_cht=63.50091428571426 dev=-1.200914285714255 => NORMAL
t=121.0 cht=59.900000000000006 exp_cht=63.50091428571426 dev=-2.200914285714255 => EXCESSIVE_VIBRATION
t=181.3 cht=58.300000000000004 exp_cht=60.54963380244372 dev=-0.9496338024437208 => EXCESSIVE_VIBRATION
t=0.0 cht=50.2 exp_cht=28.57877688242163 dev=22.221223117578376 => NORMAL
t=120.4 cht=60.6 exp_cht=63.49770476190475 dev=-2.8977047619047482 => NORMAL
t=120.8 cht=59.5 exp_cht=63.49770476190475 dev=25.10229523809526 => SENSOR_DRIFT
t=181.2 cht=59.400000000000006 exp_cht=60.52513380244373 dev=27.074866197556275 => SENSOR_DRIFT
t=0.0 cht=50.6 exp_cht=28.578776882421625 dev=22.021223117578376 => NORMAL
t=120.5 cht=61.300000000000004 exp_cht=63.49770476190474 dev=-2.1977047619047383 => NORMAL
t=121.0 cht=61.1 exp_cht=63.0700714285714 dev=-1.9700714285714014 => EXCESSIVE_VIBRATION
t=181.3 cht=58.2 exp_cht=38.59174708909182 dev=19.608252910908185 => MISFIRE
t=0.0 cht=50.5 exp_cht=28.57877688242163 dev=24.021223117578373 => NORMAL
t=120.4 cht=59.6 exp_cht=63.50097142857142 dev=-3.3009714285714153 => NORMAL
t=0.0 cht=50.400000000000006 exp_cht=28.578776882421625 dev=22.72122311757838 => NORMAL
t=120.5 cht=59.5 exp_cht=63.50091428571426 dev=-1.8009142857142564 => NORMAL
t=120.9 cht=60.5 exp_cht=63.50091428571426 dev=-3.000914285714259 => NORMAL
t=181.2 cht=100.5 exp_cht=60.70303920784913 dev=39.79696079215087 => COOLING_DEGRADATION
t=0.0 cht=50.300000000000004 exp_cht=28.578776882421636 dev=21.82122311757837 => NORMAL
t=120.4 cht=61.900000000000006 exp_cht=63.50091428571427 dev=-1.6009142857142677 => NORMAL
t=120.9 cht=59.7 exp_cht=63.50091428571427 dev=-3.6009142857142677 => OIL_PRESSURE_DEGRADATION
t=181.3 cht=58.300000000000004 exp_cht=60.702039207849154 dev=-2.1020392078491525 => OIL_PRESSURE_DEGRADATION
t=0.0 cht=49.800000000000004 exp_cht=28.578776882421625 dev=22.32122311757838 => NORMAL
t=120.5 cht=59.1 exp_cht=63.43461428571427 dev=-2.7346142857142652 => NORMAL
t=120.9 cht=59.0 exp_cht=63.43461428571427 dev=-2.5346142857142624 => EXCESSIVE_VIBRATION
t=181.2 cht=59.2 exp_cht=60.54963380244373 dev=-1.3496338024437264 => EXCESSIVE_VIBRATION
t=0.0 cht=50.400000000000006 exp_cht=28.578776882421636 dev=22.021223117578366 => NORMAL
t=120.4 cht=59.5 exp_cht=63.284000918964075 dev=-2.184000918964074 => NORMAL
t=120.9 cht=59.5 exp_cht=63.516204761904746 dev=26.783795238095266 => SENSOR_DRIFT
t=181.2 cht=59.5 exp_cht=60.525133802443726 dev=29.574866197556283 => SENSOR_DRIFT
t=0.0 cht=49.300000000000004 exp_cht=28.57877688242163 dev=21.321223117578377 => NORMAL
t=120.4 cht=59.400000000000006 exp_cht=63.47870476190476 dev=-2.678704761904754 => NORMAL
t=120.8 cht=58.800000000000004 exp_cht=63.032571428571416 dev=-3.5325714285714156 => EXCESSIVE_VIBRATION
t=181.1 cht=56.1 exp_cht=38.591747089091804 dev=18.408252910908196 => MISFIRE
t=0.0 cht=48.5 exp_cht=28.578776882421625 dev=22.22122311757838 => NORMAL
t=120.4 cht=61.0 exp_cht=63.478704761904744 dev=-2.478704761904744 => NORMAL
t=0.0 cht=48.7 exp_cht=28.578776882421625 dev=21.72122311757838 => NORMAL
t=120.5 cht=60.0 exp_cht=62.64811351817042 dev=-2.448113518170416 => NORMAL
t=121.0 cht=57.300000000000004 exp_cht=63.56070476190474 dev=-2.860704761904735 => NORMAL
t=181.4 cht=99.80000000000001 exp_cht=60.620039207849146 dev=39.179960792150865 => COOLING_DEGRADATION
t=0.0 cht=50.900000000000006 exp_cht=28.578776882421625 dev=22.32122311757838 => NORMAL
t=120.5 cht=57.400000000000006 exp_cht=63.4512476190476 dev=-4.151247619047595 => NORMAL
t=120.9 cht=60.6 exp_cht=63.4512476190476 dev=-2.851247619047598 => OIL_PRESSURE_DEGRADATION
t=181.2 cht=58.5 exp_cht=60.54963380244373 dev=-1.8496338024437264 => OIL_PRESSURE_DEGRADATION
t=0.0 cht=49.800000000000004 exp_cht=28.57877688242163 dev=21.521223117578373 => NORMAL
t=120.4 cht=59.5 exp_cht=63.49620476190476 dev=-2.6962047619047524 => NORMAL
t=120.8 cht=60.0 exp_cht=63.49620476190476 dev=-3.4962047619047567 => EXCESSIVE_VIBRATION
t=181.1 cht=58.1 exp_cht=60.70203920784914 dev=-2.302039207849134 => EXCESSIVE_VIBRATION
t=0.0 cht=49.2 exp_cht=28.57877688242164 dev=22.821223117578366 => NORMAL
t=0.0 cht=51.0 exp_cht=28.57877688242164 dev=22.42122311757836 => NORMAL
t=120.5 cht=59.400000000000006 exp_cht=63.478704761904744 dev=-2.878704761904743 => NORMAL
t=180.8 cht=57.6 exp_cht=60.54963380244373 dev=-2.1496338024437236 => NORMAL
t=181.1 cht=60.6 exp_cht=60.54963380244373 dev=28.45036619755627 => SENSOR_DRIFT
t=241.6 cht=52.0 exp_cht=43.82405602146645 dev=37.975943978533564 => SENSOR_DRIFT
t=241.9 cht=51.400000000000006 exp_cht=43.82405602146645 dev=9.275943978533554 => SENSOR_DRIFT
t=247.2 cht=57.900000000000006 exp_cht=43.83375090585031 dev=14.166249094149691 => COOLING_DEGRADATION
t=0.0 cht=49.5 exp_cht=28.57877688242162 dev=21.92122311757838 => NORMAL
t=120.4 cht=60.900000000000006 exp_cht=63.43461428571427 dev=-2.134614285714264 => NORMAL
t=120.8 cht=60.2 exp_cht=63.50680476190476 dev=-3.3068047619047576 => EXCESSIVE_VIBRATION
t=181.1 cht=57.2 exp_cht=38.59174708909182 dev=19.908252910908182 => MISFIRE
t=0.0 cht=49.1 exp_cht=28.578776882421636 dev=23.021223117578366 => NORMAL
t=120.4 cht=60.400000000000006 exp_cht=63.436914285714266 dev=-3.0369142857142606 => NORMAL
t=0.0 cht=48.5 exp_cht=28.578776882421625 dev=21.82122311757838 => NORMAL
t=120.4 cht=58.800000000000004 exp_cht=63.50091428571428 dev=-3.5009142857142805 => NORMAL
t=120.8 cht=60.6 exp_cht=63.50091428571428 dev=-1.7009142857142763 => NORMAL
t=181.1 cht=98.60000000000001 exp_cht=60.54963380244373 dev=38.05036619755628 => COOLING_DEGRADATION
t=0.0 cht=50.0 exp_cht=28.57877688242163 dev=22.221223117578376 => NORMAL
t=120.4 cht=59.6 exp_cht=63.43461428571426 dev=-2.434614285714261 => NORMAL
t=120.8 cht=60.0 exp_cht=63.43461428571426 dev=-2.5346142857142553 => OIL_PRESSURE_DEGRADATION
t=181.1 cht=58.800000000000004 exp_cht=60.525133802443754 dev=-0.6251338024437487 => OIL_PRESSURE_DEGRADATION
t=0.0 cht=49.5 exp_cht=28.578776882421636 dev=22.021223117578366 => NORMAL
t=120.4 cht=59.900000000000006 exp_cht=63.45124761904759 dev=-3.5512476190475866 => NORMAL
t=120.8 cht=58.800000000000004 exp_cht=63.45124761904759 dev=-2.7512476190475894 => EXCESSIVE_VIBRATION
t=181.1 cht=59.1 exp_cht=60.70303920784912 dev=-0.8030392078491175 => EXCESSIVE_VIBRATION
t=0.0 cht=48.7 exp_cht=28.578776882421625 dev=21.121223117578378 => NORMAL
t=120.4 cht=59.7 exp_cht=63.44806758563075 dev=-2.8480675856307514 => NORMAL
t=120.8 cht=60.7 exp_cht=63.44806758563075 dev=26.25193241436925 => SENSOR_DRIFT
t=181.1 cht=59.0 exp_cht=60.70203920784912 dev=27.597960792150893 => SENSOR_DRIFT
t=0.0 cht=50.400000000000006 exp_cht=28.578776882421625 dev=22.421223117578375 => NORMAL
t=120.3 cht=60.6 exp_cht=63.4512476190476 dev=-2.851247619047598 => NORMAL
t=120.7 cht=59.900000000000006 exp_cht=62.774238095238076 dev=-2.87423809523807 => MISFIRE
t=181.0 cht=58.5 exp_cht=38.59174708909182 dev=19.908252910908182 => MISFIRE
t=0.0 cht=50.0 exp_cht=28.578776882421625 dev=22.021223117578376 => NORMAL
t=120.4 cht=60.1 exp_cht=63.41006758563075 dev=-2.6100675856307447 => NORMAL
t=0.0 cht=49.7 exp_cht=28.57877688242163 dev=22.621223117578374 => NORMAL
t=120.4 cht=59.900000000000006 exp_cht=63.4512476190476 dev=-3.5512476190475937 => NORMAL
t=120.8 cht=60.0 exp_cht=63.509204761904755 dev=-3.109204761904749 => NORMAL
t=181.1 cht=98.7 exp_cht=60.70203920784914 dev=38.697960792150866 => COOLING_DEGRADATION
t=0.0 cht=49.5 exp_cht=28.578776882421625 dev=22.521223117578376 => NORMAL
t=120.4 cht=60.0 exp_cht=63.50091428571426 dev=-3.000914285714259 => NORMAL
t=120.8 cht=59.800000000000004 exp_cht=63.50091428571426 dev=-3.6009142857142535 => OIL_PRESSURE_DEGRADATION
t=181.1 cht=58.400000000000006 exp_cht=60.47993380244371 dev=-0.7799338024437077 => OIL_PRESSURE_DEGRADATION
t=0.0 cht=50.800000000000004 exp_cht=28.578776882421636 dev=22.22122311757837 => NORMAL
t=120.4 cht=58.7 exp_cht=63.43691428571427 dev=-3.4369142857142734 => NORMAL
t=120.8 cht=58.800000000000004 exp_cht=63.43691428571427 dev=-3.136914285714269 => EXCESSIVE_VIBRATION
t=181.1 cht=58.0 exp_cht=60.54963380244375 dev=-2.149633802443745 => EXCESSIVE_VIBRATION
t=0.0 cht=50.300000000000004 exp_cht=28.578776882421625 dev=21.72122311757838 => NORMAL
t=120.4 cht=59.300000000000004 exp_cht=63.26183425229742 dev=-3.1618342522974174 => NORMAL
t=120.8 cht=59.7 exp_cht=63.26183425229742 dev=25.038165747702593 => SENSOR_DRIFT
t=181.1 cht=60.1 exp_cht=60.54963380244372 dev=26.25036619755629 => SENSOR_DRIFT
t=0.0 cht=49.0 exp_cht=28.578776882421625 dev=22.021223117578376 => NORMAL
t=0.0 cht=50.2 exp_cht=28.57877688242163 dev=22.621223117578374 => NORMAL
t=0.0 cht=49.0 exp_cht=28.57877688242163 dev=22.021223117578373 => NORMAL
t=0.0 cht=50.2 exp_cht=28.57877688242163 dev=22.621223117578374 => NORMAL
t=0.0 cht=49.0 exp_cht=28.57877688242163 dev=22.021223117578373 => NORMAL
t=0.0 cht=50.2 exp_cht=28.578776882421636 dev=22.621223117578367 => NORMAL
t=0.0 cht=49.0 exp_cht=28.578776882421636 dev=22.021223117578366 => NORMAL
t=120.1 cht=59.400000000000006 exp_cht=63.43691428571427 dev=-3.136914285714269 => NORMAL
t=240.3 cht=52.2 exp_cht=43.874006136057744 dev=10.125993863942256 => SENSOR_DRIFT
t=0.0 cht=50.2 exp_cht=28.578776882421625 dev=22.621223117578378 => NORMAL
t=0.0 cht=49.0 exp_cht=28.578776882421625 dev=22.021223117578376 => NORMAL
t=60.1 cht=52.2 exp_cht=63.07423920938987 dev=-10.274239209389869 => NORMAL
t=0.0 cht=49.900000000000006 exp_cht=28.578776882421625 dev=21.621223117578378 => NORMAL
t=0.1 cht=49.800000000000004 exp_cht=28.57877688242163 dev=21.721223117578376 => COOLING_DEGRADATION
t=60.2 cht=78.2 exp_cht=63.167905876056565 dev=16.032094123943438 => COOLING_DEGRADATION
t=0.0 cht=50.7 exp_cht=28.57877688242163 dev=22.121223117578374 => NORMAL
t=0.1 cht=48.5 exp_cht=28.578776882421636 dev=22.521223117578366 => NORMAL
t=60.2 cht=52.400000000000006 exp_cht=63.07423920938989 dev=-9.774239209389883 => OIL_PRESSURE_DEGRADATION
t=0.0 cht=50.400000000000006 exp_cht=28.578776882421636 dev=22.621223117578367 => NORMAL
t=0.1 cht=49.1 exp_cht=28.57877688242163 dev=22.321223117578377 => EXCESSIVE_VIBRATION
t=60.2 cht=54.6 exp_cht=63.07423920938989 dev=-8.474239209389886 => EXCESSIVE_VIBRATION
t=120.4 cht=60.6 exp_cht=63.47870476190474 dev=-2.8787047619047357 => EXCESSIVE_VIBRATION
t=0.0 cht=50.1 exp_cht=28.57877688242163 dev=21.521223117578373 => NORMAL
t=0.1 cht=50.5 exp_cht=28.57877688242163 dev=51.32122311757838 => NORMAL
t=60.2 cht=54.900000000000006 exp_cht=63.16790587605655 dev=19.63209412394346 => SENSOR_DRIFT
t=0.0 cht=49.900000000000006 exp_cht=28.578776882421625 dev=21.921223117578375 => NORMAL
t=0.1 cht=49.800000000000004 exp_cht=28.578776882421636 dev=21.921223117578364 => MISFIRE
t=60.2 cht=51.1 exp_cht=32.70278994623466 dev=20.197210053765346 => MISFIRE
t=0.0 cht=48.7 exp_cht=28.57877688242163 dev=22.221223117578376 => NORMAL
t=60.1 cht=52.400000000000006 exp_cht=63.07423920938989 dev=-9.474239209389886 => NORMAL
t=0.0 cht=49.7 exp_cht=28.57877688242162 dev=21.12122311757838 => NORMAL
t=0.1 cht=48.5 exp_cht=28.578776882421636 dev=21.72122311757837 => COOLING_DEGRADATION
t=60.2 cht=77.80000000000001 exp_cht=63.07423920938988 dev=15.025760790610128 => COOLING_DEGRADATION
t=0.0 cht=49.800000000000004 exp_cht=28.578776882421636 dev=22.32122311757837 => NORMAL
t=0.1 cht=50.2 exp_cht=28.57877688242162 dev=21.62122311757838 => NORMAL
t=60.2 cht=52.900000000000006 exp_cht=63.07423920938987 dev=-9.974239209389872 => OIL_PRESSURE_DEGRADATION
t=0.0 cht=50.6 exp_cht=28.578776882421625 dev=22.021223117578376 => NORMAL
t=0.1 cht=51.1 exp_cht=28.57877688242163 dev=22.521223117578373 => EXCESSIVE_VIBRATION
t=60.2 cht=52.5 exp_cht=63.07423920938987 dev=-10.174239209389867 => EXCESSIVE_VIBRATION
t=0.0 cht=49.900000000000006 exp_cht=28.840866434660434 dev=21.55913356533957 => NORMAL
t=0.1 cht=49.5 exp_cht=28.578776882421625 dev=50.42122311757838 => NORMAL
t=60.2 cht=52.5 exp_cht=63.07423920938989 dev=19.425760790610113 => SENSOR_DRIFT
t=0.0 cht=50.300000000000004 exp_cht=28.578776882421636 dev=22.32122311757837 => NORMAL
t=0.1 cht=49.7 exp_cht=28.57877688242163 dev=21.221223117578376 => MISFIRE
t=60.2 cht=50.1 exp_cht=32.702789946234674 dev=18.797210053765326 => MISFIRE
t=0.0 cht=50.6 exp_cht=28.578776882421625 dev=23.421223117578375 => NORMAL
t=60.1 cht=52.300000000000004 exp_cht=63.0742392093899 dev=-9.4742392093899 => NORMAL
t=0.0 cht=51.5 exp_cht=28.578776882421625 dev=22.921223117578375 => NORMAL
t=0.1 cht=48.0 exp_cht=28.57877688242162 dev=22.821223117578384 => COOLING_DEGRADATION
t=60.2 cht=78.30000000000001 exp_cht=63.16790587605654 dev=15.932094123943472 => COOLING_DEGRADATION
t=0.0 cht=49.0 exp_cht=28.57877688242163 dev=21.721223117578376 => NORMAL
t=0.1 cht=48.800000000000004 exp_cht=28.57877688242163 dev=22.521223117578373 => SENSOR_DRIFT
t=60.2 cht=52.2 exp_cht=63.07423920938988 dev=-9.174239209389874 => OIL_PRESSURE_DEGRADATION
t=0.0 cht=50.400000000000006 exp_cht=28.578776882421625 dev=22.021223117578376 => NORMAL
t=0.1 cht=50.0 exp_cht=28.57877688242162 dev=22.52122311757838 => EXCESSIVE_VIBRATION
t=60.2 cht=54.7 exp_cht=63.07423920938988 dev=-8.374239209389877 => EXCESSIVE_VIBRATION
t=0.0 cht=48.800000000000004 exp_cht=28.578776882421625 dev=22.22122311757838 => NORMAL
t=0.1 cht=49.5 exp_cht=28.578776882421625 dev=50.821223117578384 => NORMAL
t=60.2 cht=53.800000000000004 exp_cht=63.16790587605656 dev=19.732094123943448 => SENSOR_DRIFT
t=0.0 cht=50.6 exp_cht=28.57877688242164 dev=22.021223117578362 => NORMAL
t=0.1 cht=49.900000000000006 exp_cht=28.57877688242163 dev=22.621223117578374 => MISFIRE
t=60.2 cht=50.0 exp_cht=32.70278994623467 dev=19.19721005376534 => MISFIRE
t=0.0 cht=49.1 exp_cht=28.57877688242163 dev=21.92122311757837 => NORMAL
t=0.0 cht=50.2 exp_cht=28.57877688242163 dev=22.621223117578374 => NORMAL
t=0.0 cht=49.0 exp_cht=28.57877688242163 dev=22.021223117578373 => NORMAL
t=60.1 cht=52.2 exp_cht=63.07423920938987 dev=-10.274239209389869 => NORMAL
t=61.1 cht=52.5 exp_cht=63.16790587605656 dev=-8.467905876056555 => NORMAL
t=181.2 cht=59.900000000000006 exp_cht=60.47993380244373 dev=-0.47993380244373185 => NORMAL
t=182.3 cht=58.7 exp_cht=60.22390523101516 dev=-0.32390523101515356 => NORMAL
t=183.4 cht=59.400000000000006 exp_cht=59.29461199344373 dev=1.0053880065562737 => NORMAL
t=0.0 cht=50.2 exp_cht=28.57877688242162 dev=22.321223117578384 => NORMAL
t=60.1 cht=53.800000000000004 exp_cht=63.16790587605656 dev=-9.367905876056554 => NORMAL
t=61.1 cht=52.400000000000006 exp_cht=63.07423920938988 dev=-9.774239209389876 => NORMAL
t=181.2 cht=59.5 exp_cht=60.70203920784912 dev=-1.2020392078491184 => NORMAL
t=182.3 cht=59.0 exp_cht=60.22390523101516 dev=-1.2239052310151592 => NORMAL
t=182.4 cht=58.6 exp_cht=60.22390523101516 dev=-0.423905231015155 => NORMAL
t=183.5 cht=59.6 exp_cht=59.43710776809163 dev=1.2628922319083742 => COOLING_DEGRADATION
t=243.6 cht=89.4 exp_cht=43.87400613605773 dev=46.42599386394228 => COOLING_DEGRADATION
t=244.7 cht=89.10000000000001 exp_cht=43.82685393615333 dev=46.67314606384667 => COOLING_DEGRADATION
t=245.8 cht=89.7 exp_cht=43.83432316257908 dev=45.86567683742092 => COOLING_DEGRADATION
t=0.0 cht=49.900000000000006 exp_cht=28.57877688242163 dev=23.021223117578373 => NORMAL
t=60.1 cht=51.300000000000004 exp_cht=63.16790587605656 dev=-9.567905876056557 => NORMAL
t=61.1 cht=54.2 exp_cht=63.16790587605655 dev=-8.967905876056548 => NORMAL
t=181.2 cht=59.5 exp_cht=60.70203920784914 dev=-1.2020392078491398 => NORMAL
t=182.3 cht=58.0 exp_cht=60.400810636420566 dev=-1.900810636420566 => NORMAL
t=182.5 cht=58.900000000000006 exp_cht=60.400810636420566 dev=-1.0008106364205602 => OIL_PRESSURE_DEGRADATION
t=183.6 cht=58.0 exp_cht=59.43710776809161 dev=-0.13710776809160308 => OIL_PRESSURE_DEGRADATION
t=244.0 cht=52.5 exp_cht=43.86662012403053 dev=8.633379875969467 => OIL_PRESSURE_DEGRADATION
t=245.1 cht=52.5 exp_cht=43.84462941082218 dev=9.255370589177822 => OIL_PRESSURE_DEGRADATION
t=246.2 cht=52.400000000000006 exp_cht=43.86924759264038 dev=9.130752407359623 => OIL_PRESSURE_DEGRADATION
t=0.0 cht=48.7 exp_cht=28.57877688242162 dev=22.821223117578384 => NORMAL
t=60.1 cht=54.0 exp_cht=63.07423920938988 dev=-9.07423920938988 => NORMAL
t=61.1 cht=53.6 exp_cht=63.07423920938989 dev=-9.474239209389886 => NORMAL
t=181.5 cht=59.6 exp_cht=60.467633802443736 dev=-0.8676338024437342 => NORMAL
t=182.6 cht=59.300000000000004 exp_cht=59.89948300879294 dev=-0.49948300879293583 => NORMAL
t=182.7 cht=58.6 exp_cht=60.07638841419835 dev=-1.4763884141983468 => EXCESSIVE_VIBRATION
t=243.5 cht=52.2 exp_cht=43.82405602146645 dev=8.375943978533556 => EXCESSIVE_VIBRATION
t=244.6 cht=52.5 exp_cht=43.82405602146644 dev=9.075943978533566 => EXCESSIVE_VIBRATION
t=245.7 cht=53.400000000000006 exp_cht=43.83375090585032 dev=9.966249094149681 => EXCESSIVE_VIBRATION
t=0.0 cht=49.5 exp_cht=28.578776882421636 dev=21.22122311757837 => NORMAL
t=60.1 cht=52.800000000000004 exp_cht=63.07423920938989 dev=-9.274239209389883 => NORMAL
t=61.1 cht=53.0 exp_cht=63.07423920938988 dev=-8.57423920938988 => NORMAL
t=181.2 cht=57.900000000000006 exp_cht=60.54963380244372 dev=-1.8496338024437193 => NORMAL
t=182.3 cht=59.2 exp_cht=60.40081063642057 dev=28.89918936357944 => SENSOR_DRIFT
t=243.2 cht=52.5 exp_cht=43.82445027247955 dev=38.97554972752046 => SENSOR_DRIFT
t=244.3 cht=52.900000000000006 exp_cht=43.82405602146643 dev=38.57594397853357 => SENSOR_DRIFT
t=245.4 cht=51.5 exp_cht=43.84462941082218 dev=38.055370589177826 => SENSOR_DRIFT
t=0.0 cht=49.6 exp_cht=28.578776882421625 dev=22.32122311757838 => NORMAL
t=60.1 cht=52.1 exp_cht=63.16790587605656 dev=-9.467905876056555 => NORMAL
t=181.1 cht=58.5 exp_cht=60.54963380244375 dev=-1.3496338024437478 => NORMAL
t=182.2 cht=57.900000000000006 exp_cht=60.35463380244373 dev=-1.2546338024437276 => NORMAL
t=182.3 cht=59.1 exp_cht=60.146133802443735 dev=-0.7461338024437296 => MISFIRE
t=243.3 cht=52.1 exp_cht=29.811953908963346 dev=22.688046091036654 => MISFIRE
t=244.4 cht=51.400000000000006 exp_cht=29.811953908963346 dev=21.788046091036655 => MISFIRE
t=245.5 cht=49.2 exp_cht=29.811953908963346 dev=21.988046091036658 => MISFIRE
t=0.0 cht=50.2 exp_cht=28.578776882421636 dev=22.621223117578367 => NORMAL
t=0.0 cht=49.0 exp_cht=28.578776882421636 dev=22.021223117578366 => NORMAL
t=1.1 cht=47.1 exp_cht=15.41960376138648 dev=34.180396238613525 => COOLING_DEGRADATION
t=121.2 cht=58.300000000000004 exp_cht=63.48874761904761 dev=-2.488747619047608 => NORMAL
t=122.3 cht=59.6 exp_cht=62.837003597535514 dev=-2.137003597535511 => NORMAL
t=123.4 cht=59.300000000000004 exp_cht=63.329980952380936 dev=-4.029980952380932 => NORMAL
t=0.0 cht=48.7 exp_cht=28.578776882421625 dev=21.82122311757838 => NORMAL
t=121.1 cht=60.800000000000004 exp_cht=63.474414285714275 dev=-2.6744142857142705 => NORMAL
t=122.2 cht=59.6 exp_cht=63.42680476190477 dev=-3.126804761904765 => NORMAL
t=183.3 cht=98.80000000000001 exp_cht=59.46160776809162 dev=39.338392231908394 => COOLING_DEGRADATION
t=184.4 cht=99.7 exp_cht=59.425968989871166 dev=40.374031010128846 => COOLING_DEGRADATION
t=185.5 cht=98.80000000000001 exp_cht=59.246800375717115 dev=40.0531996242829 => COOLING_DEGRADATION
t=0.0 cht=51.2 exp_cht=28.840866434660423 dev=22.35913356533958 => NORMAL
t=120.9 cht=58.300000000000004 exp_cht=63.53841428571425 dev=-2.5384142857142535 => NORMAL
t=122.0 cht=59.1 exp_cht=63.36601428571428 dev=-2.7660142857142773 => OIL_PRESSURE_DEGRADATION
t=182.9 cht=57.300000000000004 exp_cht=59.29461199344373 dev=0.6053880065562751 => OIL_PRESSURE_DEGRADATION
t=184.0 cht=58.5 exp_cht=59.57504106194324 dev=-0.675041061943233 => OIL_PRESSURE_DEGRADATION
t=0.0 cht=49.800000000000004 exp_cht=28.57877688242163 dev=22.42122311757837 => NORMAL
t=120.9 cht=60.1 exp_cht=63.535204761904744 dev=-3.1352047619047383 => NORMAL
t=122.0 cht=58.7 exp_cht=63.42680476190475 dev=-3.226804761904745 => EXCESSIVE_VIBRATION
t=183.0 cht=57.7 exp_cht=59.29461199344373 dev=-1.0946119934437277 => EXCESSIVE_VIBRATION
t=184.1 cht=58.0 exp_cht=59.42263565653784 dev=-0.4226356565378424 => EXCESSIVE_VIBRATION
t=0.0 cht=49.5 exp_cht=28.57877688242163 dev=21.92122311757837 => NORMAL
t=121.1 cht=59.400000000000006 exp_cht=63.546704761904756 dev=-4.146704761904751 => NORMAL
t=122.2 cht=59.400000000000006 exp_cht=62.6404051848371 dev=26.3595948151629 => SENSOR_DRIFT
t=183.2 cht=58.300000000000004 exp_cht=59.615013173497026 dev=30.28498682650298 => SENSOR_DRIFT
t=184.3 cht=59.400000000000006 exp_cht=59.258973215223286 dev=27.341026784776723 => SENSOR_DRIFT
t=0.0 cht=50.0 exp_cht=28.578776882421625 dev=22.921223117578375 => NORMAL
t=120.6 cht=59.5 exp_cht=63.50920476190475 dev=-2.809204761904745 => NORMAL
t=121.5 cht=60.0 exp_cht=62.81173809523808 dev=-2.2117380952380756 => MISFIRE
t=182.2 cht=59.300000000000004 exp_cht=38.59174708909181 dev=20.708252910908193 => MISFIRE
t=183.3 cht=57.7 exp_cht=38.59174708909181 dev=19.108252910908192 => MISFIRE
t=0.0 cht=50.2 exp_cht=28.57877688242163 dev=22.621223117578374 => NORMAL
t=0.0 cht=49.0 exp_cht=28.57877688242163 dev=22.021223117578373 => NORMAL
t=1.1 cht=47.1 exp_cht=15.41960376138648 dev=34.180396238613525 => COOLING_DEGRADATION
t=2.1 cht=47.2 exp_cht=15.41960376138648 dev=33.28039623861352 => NORMAL
t=0.0 cht=49.2 exp_cht=28.578776882421625 dev=20.72122311757838 => NORMAL
t=0.9 cht=49.300000000000004 exp_cht=15.453876488659207 dev=33.9461235113408 => COOLING_DEGRADATION
t=1.9 cht=49.5 exp_cht=15.41960376138648 dev=34.08039623861352 => COOLING_DEGRADATION
t=2.9 cht=47.300000000000004 exp_cht=15.419603761386481 dev=33.28039623861352 => COOLING_DEGRADATION
t=0.0 cht=50.1 exp_cht=28.578776882421625 dev=21.521223117578376 => NORMAL
t=0.9 cht=49.0 exp_cht=15.45387648865921 dev=34.04612351134079 => COOLING_DEGRADATION
t=1.9 cht=47.2 exp_cht=15.41960376138648 dev=32.680396238613525 => SENSOR_DRIFT
t=0.0 cht=50.800000000000004 exp_cht=28.57877688242163 dev=22.221223117578376 => NORMAL
t=0.9 cht=48.300000000000004 exp_cht=15.453876488659212 dev=33.946123511340794 => EXCESSIVE_VIBRATION
t=1.9 cht=49.1 exp_cht=15.419603761386481 dev=33.68039623861352 => MISFIRE
t=0.0 cht=50.2 exp_cht=28.578776882421625 dev=21.621223117578378 => NORMAL
t=0.8 cht=48.7 exp_cht=15.45387648865921 dev=64.2461235113408 => NORMAL
t=1.8 cht=48.5 exp_cht=15.419603761386483 dev=61.78039623861352 => NORMAL
t=0.0 cht=49.5 exp_cht=28.578776882421625 dev=22.32122311757838 => NORMAL
t=0.9 cht=49.900000000000006 exp_cht=15.453876488659212 dev=34.84612351134079 => MISFIRE
t=1.9 cht=48.1 exp_cht=15.419603761386481 dev=33.38039623861352 => MISFIRE
t=0.0 cht=50.2 exp_cht=50.0 dev=1.2000000000000028 => NORMAL
t=0.0 cht=49.0 exp_cht=50.0 dev=0.6000000000000014 => NORMAL
t=1.1 cht=47.1 exp_cht=49.37180214455833 dev=0.22819785544167104 => NORMAL
t=2.1 cht=47.2 exp_cht=48.81062166572447 dev=-0.11062166572446586 => NORMAL
t=3.1 cht=47.300000000000004 exp_cht=48.25871668434942 dev=-0.8587166843494174 => NORMAL
t=4.1 cht=47.2 exp_cht=47.71593388994511 dev=-0.51593388994511 => NORMAL
t=0.0 cht=49.1 exp_cht=50.0 dev=0.5 => NORMAL
t=1.1 cht=49.900000000000006 exp_cht=49.37180214455833 dev=0.5281978554416753 => NORMAL
t=1.6 cht=49.1 exp_cht=49.09004278590956 dev=0.009957214090441369 => NORMAL
t=2.6 cht=47.6 exp_cht=48.533519379646314 dev=-0.2335193796463102 => NORMAL
t=3.6 cht=46.7 exp_cht=47.98619449620284 dev=-0.4861944962028417 => NORMAL
t=4.7 cht=46.400000000000006 exp_cht=47.3945800358742 dev=0.8054199641258037 => NORMAL
t=5.8 cht=47.900000000000006 exp_cht=46.81371302137186 dev=1.086286978628145 => NORMAL
t=0.0 cht=49.400000000000006 exp_cht=50.0 dev=1.1000000000000014 => NORMAL
t=1.1 cht=48.300000000000004 exp_cht=49.37180214455833 dev=-0.17180214455832754 => NORMAL
t=1.6 cht=45.900000000000006 exp_cht=49.09004278590956 dev=-0.09004278590956005 => OIL_PRESSURE_DEGRADATION
t=2.6 cht=47.300000000000004 exp_cht=48.533519379646314 dev=-0.3335193796463116 => OIL_PRESSURE_DEGRADATION
t=3.6 cht=47.2 exp_cht=47.98619449620284 dev=-0.7861944962028389 => OIL_PRESSURE_DEGRADATION
t=4.7 cht=46.2 exp_cht=47.3945800358742 dev=-1.1945800358741963 => OIL_PRESSURE_DEGRADATION
t=0.0 cht=51.6 exp_cht=50.0 dev=1.6000000000000014 => NORMAL
t=1.1 cht=49.6 exp_cht=49.37180214455833 dev=1.0281978554416753 => NORMAL
t=1.5 cht=46.900000000000006 exp_cht=49.14620697477351 dev=0.6537930252264914 => EXCESSIVE_VIBRATION
t=2.5 cht=48.2 exp_cht=48.58875525612106 dev=-0.3887552561210583 => EXCESSIVE_VIBRATION
t=3.5 cht=46.300000000000004 exp_cht=48.04051740394257 dev=-1.3405174039425702 => EXCESSIVE_VIBRATION
t=4.6 cht=45.300000000000004 exp_cht=47.44791609736995 dev=-1.0479160973699422 => EXCESSIVE_VIBRATION
t=0.0 cht=49.0 exp_cht=50.0 dev=0.5 => NORMAL
t=1.1 cht=47.2 exp_cht=49.37180214455833 dev=0.12819785544166962 => NORMAL
t=1.3 cht=49.1 exp_cht=49.25881656386517 dev=28.941183436134835 => SENSOR_DRIFT
t=2.3 cht=47.5 exp_cht=48.69950357241929 dev=29.40049642758072 => SENSOR_DRIFT
t=3.3 cht=46.900000000000006 exp_cht=48.14943521158069 dev=27.350564788419312 => SENSOR_DRIFT
t=4.4 cht=46.1 exp_cht=47.55485527142892 dev=28.145144728571083 => SENSOR_DRIFT
t=0.0 cht=50.800000000000004 exp_cht=50.0 dev=1.4000000000000057 => NORMAL
t=1.1 cht=49.300000000000004 exp_cht=49.37180214455833 dev=-0.07180214455832612 => NORMAL
t=1.4 cht=49.300000000000004 exp_cht=49.202464848668086 dev=0.09753515133191826 => EXCESSIVE_VIBRATION
t=2.4 cht=47.400000000000006 exp_cht=48.64408326914907 dev=-1.2440832691490655 => MISFIRE
t=3.4 cht=47.300000000000004 exp_cht=48.094930925352294 dev=-0.7949309253522898 => MISFIRE
t=0.0 cht=50.2 exp_cht=50.0 dev=1.2000000000000028 => NORMAL
t=0.0 cht=49.0 exp_cht=50.0 dev=0.6000000000000014 => NORMAL
t=1.1 cht=47.1 exp_cht=49.37180214455833 dev=0.22819785544167104 => NORMAL
t=2.1 cht=47.2 exp_cht=48.81062166572447 dev=-0.11062166572446586 => NORMAL
t=3.1 cht=47.300000000000004 exp_cht=48.25871668434942 dev=-0.8587166843494174 => NORMAL
t=4.1 cht=47.2 exp_cht=47.71593388994511 dev=-0.51593388994511 => NORMAL
t=5.2 cht=45.7 exp_cht=47.129229064893345 dev=-1.4292290648933417 => NORMAL
t=6.3 cht=46.7 exp_cht=46.55318249576009 dev=0.546817504239911 => NORMAL
t=7.4 cht=43.1 exp_cht=45.98760056146986 dev=-1.3876005614698599 => NORMAL
t=0.0 cht=49.300000000000004 exp_cht=50.0 dev=0.7000000000000028 => NORMAL
t=1.1 cht=49.300000000000004 exp_cht=49.37180214455833 dev=0.0281978554416753 => NORMAL
t=2.1 cht=48.0 exp_cht=48.81062166572447 dev=-0.410621665724463 => NORMAL
t=2.2 cht=47.900000000000006 exp_cht=48.75501631987705 dev=0.5449836801229537 => NORMAL
t=3.2 cht=46.800000000000004 exp_cht=48.20403041402861 dev=0.595969585971396 => NORMAL
t=4.3 cht=47.7 exp_cht=47.60845868104548 dev=0.09154131895452622 => NORMAL
t=5.4 cht=47.300000000000004 exp_cht=47.023706282891254 dev=1.0762937171087472 => NORMAL
t=6.5 cht=45.7 exp_cht=46.44957667228261 dev=1.3504233277173938 => NORMAL
t=7.6 cht=44.800000000000004 exp_cht=45.88587687247316 dev=0.7141231275268396 => NORMAL
t=8.7 cht=45.2 exp_cht=45.33241741239001 dev=-0.13241741239000504 => NORMAL
t=9.8 cht=44.1 exp_cht=44.78901226294861 dev=1.0109877370513942 => NORMAL
t=0.0 cht=50.7 exp_cht=50.0 dev=0.7000000000000028 => NORMAL
t=1.1 cht=49.400000000000006 exp_cht=49.37180214455833 dev=0.0281978554416753 => NORMAL
t=2.1 cht=47.1 exp_cht=48.81062166572447 dev=-0.6106216657244659 => NORMAL
t=2.2 cht=48.400000000000006 exp_cht=48.75501631987705 dev=-0.35501631987704485 => OIL_PRESSURE_DEGRADATION
t=3.2 cht=47.6 exp_cht=48.20403041402861 dev=-0.6040304140286068 => OIL_PRESSURE_DEGRADATION
t=4.3 cht=46.2 exp_cht=47.60845868104548 dev=-1.208458681045471 => OIL_PRESSURE_DEGRADATION
t=5.4 cht=45.800000000000004 exp_cht=47.023706282891254 dev=-1.22370628289125 => OIL_PRESSURE_DEGRADATION
t=6.5 cht=45.400000000000006 exp_cht=46.44957667228261 dev=-1.0495766722826048 => OIL_PRESSURE_DEGRADATION
t=0.0 cht=49.2 exp_cht=50.0 dev=0.30000000000000426 => NORMAL
t=1.1 cht=47.7 exp_cht=49.37180214455833 dev=-0.5718021445583261 => NORMAL
t=2.0 cht=48.2 exp_cht=48.86631976442087 dev=0.6336802355791278 => EXCESSIVE_VIBRATION
t=3.0 cht=45.800000000000004 exp_cht=48.313494174449474 dev=-0.6134941744494711 => EXCESSIVE_VIBRATION
t=4.0 cht=47.1 exp_cht=47.76980598777051 dev=-0.6698059877705091 => EXCESSIVE_VIBRATION
t=5.1 cht=44.800000000000004 exp_cht=47.18212250602295 dev=-0.28212250602294375 => EXCESSIVE_VIBRATION
t=6.2 cht=45.6 exp_cht=46.60511505876513 dev=-1.0051150587651279 => EXCESSIVE_VIBRATION
t=0.0 cht=49.900000000000006 exp_cht=50.0 dev=1.2000000000000028 => NORMAL
t=1.1 cht=48.6 exp_cht=49.37180214455833 dev=0.22819785544167104 => NORMAL
t=1.5 cht=48.2 exp_cht=49.14620697477351 dev=28.1537930252265 => SENSOR_DRIFT
t=2.5 cht=48.400000000000006 exp_cht=48.58875525612106 dev=29.41124474387894 => SENSOR_DRIFT
t=3.5 cht=47.5 exp_cht=48.04051740394257 dev=28.859482596057433 => SENSOR_DRIFT
t=4.6 cht=44.5 exp_cht=47.44791609736995 dev=28.15208390263006 => SENSOR_DRIFT
t=0.0 cht=50.900000000000006 exp_cht=50.0 dev=0.9000000000000057 => NORMAL
t=1.1 cht=48.900000000000006 exp_cht=49.37180214455833 dev=0.12819785544166962 => NORMAL
t=2.0 cht=47.0 exp_cht=48.86631976442087 dev=-1.066319764420868 => MISFIRE
t=3.0 cht=48.0 exp_cht=48.313494174449474 dev=-0.3134941744494739 => MISFIRE
t=4.0 cht=46.6 exp_cht=47.76980598777051 dev=-1.1698059877705091 => MISFIRE
t=5.1 cht=45.0 exp_cht=47.18212250602295 dev=-0.6821225060229494 => MISFIRE
t=0.0 cht=50.2 exp_cht=28.57877688242163 dev=22.621223117578374 => NORMAL
t=0.0 cht=50.2 exp_cht=28.57877688242163 dev=22.621223117578374 => NORMAL
t=0.0 cht=50.2 exp_cht=28.57877688242162 dev=22.62122311757838 => NORMAL
t=0.0 cht=50.2 exp_cht=28.578776882421636 dev=22.621223117578367 => NORMAL
t=0.0 cht=50.2 exp_cht=28.578776882421625 dev=22.621223117578378 => NORMAL
t=0.0 cht=50.2 exp_cht=28.57877688242163 dev=22.621223117578374 => NORMAL
t=0.0 cht=50.2 exp_cht=28.57877688242163 dev=22.621223117578374 => NORMAL
t=0.0 cht=50.2 exp_cht=28.578776882421618 dev=22.621223117578385 => NORMAL
t=0.0 cht=49.0 exp_cht=28.578776882421618 dev=22.021223117578383 => NORMAL
t=1.1 cht=47.1 exp_cht=15.419603761386481 dev=34.18039623861352 => COOLING_DEGRADATION
t=2.1 cht=47.2 exp_cht=15.419603761386476 dev=33.28039623861353 => NORMAL
t=3.1 cht=47.300000000000004 exp_cht=15.419603761386481 dev=31.980396238613523 => NORMAL
t=4.1 cht=47.2 exp_cht=15.41960376138648 dev=31.780396238613523 => NORMAL
t=5.2 cht=45.7 exp_cht=15.41960376138648 dev=30.280396238613523 => NORMAL
t=6.3 cht=46.7 exp_cht=15.41960376138648 dev=31.680396238613522 => SENSOR_DRIFT
t=7.4 cht=43.1 exp_cht=15.41960376138648 dev=29.180396238613522 => SENSOR_DRIFT
t=8.5 cht=44.5 exp_cht=15.41960376138648 dev=29.08039623861352 => SENSOR_DRIFT
t=9.6 cht=42.900000000000006 exp_cht=15.419603761386481 dev=27.580396238613517 => SENSOR_DRIFT
t=10.7 cht=41.300000000000004 exp_cht=15.419603761386481 dev=27.580396238613517 => SENSOR_DRIFT
t=11.8 cht=40.7 exp_cht=15.419603761386481 dev=26.18039623861352 => SENSOR_DRIFT
t=12.9 cht=40.2 exp_cht=15.419603761386481 dev=26.980396238613523 => NORMAL
t=0.0 cht=49.400000000000006 exp_cht=28.578776882421625 dev=21.921223117578375 => NORMAL
t=1.1 cht=49.300000000000004 exp_cht=15.419603761386483 dev=33.88039623861352 => COOLING_DEGRADATION
t=2.1 cht=48.800000000000004 exp_cht=15.419603761386481 dev=33.58039623861352 => NORMAL
t=3.1 cht=46.900000000000006 exp_cht=15.41960376138648 dev=32.180396238613525 => NORMAL
t=3.5 cht=47.5 exp_cht=15.419603761386481 dev=32.18039623861352 => COOLING_DEGRADATION
t=4.6 cht=47.800000000000004 exp_cht=15.419603761386481 dev=32.38039623861352 => COOLING_DEGRADATION
t=5.7 cht=45.400000000000006 exp_cht=15.419603761386483 dev=32.08039623861352 => COOLING_DEGRADATION
t=6.8 cht=47.7 exp_cht=15.419603761386481 dev=32.28039623861352 => COOLING_DEGRADATION
t=7.9 cht=45.400000000000006 exp_cht=15.419603761386481 dev=30.18039623861352 => COOLING_DEGRADATION
t=9.0 cht=44.400000000000006 exp_cht=15.419603761386481 dev=29.980396238613523 => COOLING_DEGRADATION
t=10.1 cht=44.300000000000004 exp_cht=15.419603761386481 dev=31.18039623861352 => COOLING_DEGRADATION
t=11.2 cht=43.300000000000004 exp_cht=15.419603761386481 dev=29.480396238613523 => COOLING_DEGRADATION
t=12.3 cht=44.1 exp_cht=15.41960376138648 dev=28.680396238613522 => COOLING_DEGRADATION
t=13.4 cht=42.0 exp_cht=15.419603761386483 dev=28.580396238613517 => COOLING_DEGRADATION
t=0.0 cht=50.2 exp_cht=28.57877688242163 dev=21.621223117578374 => NORMAL
t=1.1 cht=48.6 exp_cht=15.41960376138648 dev=34.08039623861352 => COOLING_DEGRADATION
t=2.1 cht=48.5 exp_cht=15.419603761386483 dev=33.08039623861352 => NORMAL
t=2.8 cht=47.900000000000006 exp_cht=15.41960376138648 dev=33.58039623861352 => NORMAL
t=3.8 cht=46.900000000000006 exp_cht=15.41960376138648 dev=31.780396238613523 => NORMAL
t=4.9 cht=45.6 exp_cht=15.41960376138648 dev=31.280396238613523 => NORMAL
t=6.0 cht=44.300000000000004 exp_cht=15.419603761386481 dev=30.88039623861352 => SENSOR_DRIFT
t=7.1 cht=45.2 exp_cht=15.419603761386481 dev=29.78039623861352 => SENSOR_DRIFT
t=8.2 cht=43.7 exp_cht=15.419603761386481 dev=28.68039623861352 => SENSOR_DRIFT
t=0.0 cht=48.400000000000006 exp_cht=28.578776882421625 dev=22.521223117578376 => NORMAL
t=1.1 cht=47.400000000000006 exp_cht=15.419603761386481 dev=33.68039623861352 => COOLING_DEGRADATION
t=2.1 cht=46.0 exp_cht=15.419603761386483 dev=32.18039623861352 => NORMAL
t=2.7 cht=49.7 exp_cht=15.41960376138648 dev=34.28039623861352 => EXCESSIVE_VIBRATION
t=3.7 cht=46.0 exp_cht=15.41960376138648 dev=32.680396238613525 => EXCESSIVE_VIBRATION
t=4.8 cht=46.400000000000006 exp_cht=15.419603761386481 dev=30.980396238613523 => EXCESSIVE_VIBRATION
t=5.9 cht=44.2 exp_cht=15.41960376138648 dev=30.380396238613525 => EXCESSIVE_VIBRATION
t=7.0 cht=43.300000000000004 exp_cht=15.41960376138648 dev=29.08039623861352 => EXCESSIVE_VIBRATION
t=8.1 cht=43.800000000000004 exp_cht=15.41960376138648 dev=30.58039623861352 => MISFIRE
t=9.2 cht=42.400000000000006 exp_cht=15.419603761386481 dev=26.980396238613523 => EXCESSIVE_VIBRATION
t=10.3 cht=42.300000000000004 exp_cht=15.419603761386483 dev=27.480396238613523 => EXCESSIVE_VIBRATION
t=0.0 cht=49.7 exp_cht=28.57877688242163 dev=22.121223117578374 => NORMAL
t=1.1 cht=48.7 exp_cht=15.419603761386483 dev=33.28039623861352 => COOLING_DEGRADATION
t=2.1 cht=47.7 exp_cht=15.41960376138648 dev=32.98039623861352 => NORMAL
t=2.9 cht=47.300000000000004 exp_cht=15.419603761386483 dev=60.98039623861352 => NORMAL
t=3.9 cht=46.2 exp_cht=15.41960376138648 dev=61.38039623861353 => NORMAL
t=5.0 cht=46.0 exp_cht=15.419603761386481 dev=61.88039623861353 => NORMAL
t=6.1 cht=45.1 exp_cht=15.419603761386481 dev=59.180396238613525 => SENSOR_DRIFT
t=7.2 cht=43.6 exp_cht=15.419603761386481 dev=58.880396238613514 => SENSOR_DRIFT
t=8.3 cht=43.6 exp_cht=15.41960376138648 dev=57.98039623861352 => SENSOR_DRIFT
t=9.4 cht=42.300000000000004 exp_cht=15.419603761386481 dev=56.58039623861352 => SENSOR_DRIFT
t=10.5 cht=41.400000000000006 exp_cht=15.41960376138648 dev=57.180396238613525 => SENSOR_DRIFT
t=0.0 cht=50.400000000000006 exp_cht=28.578776882421625 dev=21.921223117578375 => NORMAL
t=1.1 cht=48.0 exp_cht=15.419603761386476 dev=34.180396238613525 => COOLING_DEGRADATION
t=2.1 cht=47.6 exp_cht=15.41960376138648 dev=32.38039623861353 => NORMAL
t=2.3 cht=47.7 exp_cht=15.419603761386483 dev=32.78039623861352 => MISFIRE
t=3.3 cht=47.6 exp_cht=15.419603761386476 dev=32.180396238613525 => MISFIRE
t=4.4 cht=45.800000000000004 exp_cht=15.419603761386481 dev=32.18039623861352 => MISFIRE
t=5.5 cht=46.900000000000006 exp_cht=15.419603761386481 dev=31.480396238613523 => MISFIRE
t=6.6 cht=44.6 exp_cht=15.41960376138648 dev=30.58039623861352 => MISFIRE
t=0.0 cht=50.2 exp_cht=28.578776882421625 dev=22.621223117578378 => NORMAL
t=0.0 cht=49.0 exp_cht=28.578776882421625 dev=22.021223117578376 => NORMAL
t=120.1 cht=59.400000000000006 exp_cht=63.436914285714266 dev=-3.136914285714262 => NORMAL
t=121.2 cht=58.300000000000004 exp_cht=63.4887476190476 dev=-2.488747619047601 => NORMAL
t=122.3 cht=59.6 exp_cht=62.837003597535514 dev=-2.137003597535511 => NORMAL
t=0.0 cht=49.6 exp_cht=28.57877688242163 dev=21.021223117578373 => NORMAL
t=120.1 cht=59.800000000000004 exp_cht=63.26183425229741 dev=-3.2618342522974118 => NORMAL
t=121.2 cht=58.800000000000004 exp_cht=63.51620476190475 dev=-3.31620476190475 => NORMAL
t=121.3 cht=59.2 exp_cht=63.51620476190475 dev=-3.31620476190475 => NORMAL
t=122.4 cht=61.400000000000006 exp_cht=63.42680476190476 dev=-1.2268047619047593 => COOLING_DEGRADATION
t=123.5 cht=62.300000000000004 exp_cht=63.346614285714274 dev=0.15338571428572578 => COOLING_DEGRADATION
t=0.0 cht=48.900000000000006 exp_cht=28.57877688242163 dev=22.92122311757837 => NORMAL
t=120.1 cht=60.400000000000006 exp_cht=63.26183425229742 dev=-2.861834252297413 => NORMAL
t=121.2 cht=59.7 exp_cht=63.29933425229739 dev=-2.799334252297392 => NORMAL
t=121.3 cht=60.400000000000006 exp_cht=63.29933425229739 dev=-2.899334252297386 => OIL_PRESSURE_DEGRADATION
t=122.4 cht=59.400000000000006 exp_cht=63.366014285714265 dev=-2.8660142857142645 => OIL_PRESSURE_DEGRADATION
t=123.5 cht=60.5 exp_cht=63.329980952380936 dev=-2.829980952380936 => OIL_PRESSURE_DEGRADATION
t=0.0 cht=51.0 exp_cht=28.84086643466043 dev=22.15913356533957 => NORMAL
t=120.1 cht=60.800000000000004 exp_cht=63.43461428571427 dev=-2.634614285714264 => NORMAL
t=121.2 cht=59.1 exp_cht=63.44756758563074 dev=-3.2475675856307404 => EXCESSIVE_VIBRATION
t=122.3 cht=60.800000000000004 exp_cht=63.42680476190474 dev=-2.6268047619047366 => EXCESSIVE_VIBRATION
t=123.4 cht=59.0 exp_cht=63.329980952380936 dev=-3.5299809523809316 => EXCESSIVE_VIBRATION
t=124.5 cht=60.400000000000006 exp_cht=63.39090476190476 dev=-2.2909047619047556 => EXCESSIVE_VIBRATION
t=0.0 cht=51.400000000000006 exp_cht=28.57877688242163 dev=22.821223117578377 => NORMAL
t=120.1 cht=58.800000000000004 exp_cht=63.43461428571427 dev=-3.2346142857142652 => NORMAL
t=121.1 cht=59.5 exp_cht=63.43461428571427 dev=26.565385714285732 => SENSOR_DRIFT
t=122.2 cht=60.6 exp_cht=63.380347619047605 dev=26.119652380952395 => SENSOR_DRIFT
t=0.0 cht=50.1 exp_cht=28.578776882421636 dev=21.621223117578367 => NORMAL
t=120.1 cht=59.400000000000006 exp_cht=63.28400091896408 dev=-3.8840009189640767 => NORMAL
t=121.2 cht=59.300000000000004 exp_cht=63.54430476190476 dev=-2.844304761904759 => MISFIRE
t=122.3 cht=59.300000000000004 exp_cht=61.775406356098856 dev=-1.6754063560988541 => MISFIRE
t=0.0 cht=50.2 exp_cht=28.57877688242162 dev=22.62122311757838 => NORMAL
t=0.0 cht=49.0 exp_cht=28.57877688242162 dev=22.02122311757838 => NORMAL
t=120.1 cht=59.400000000000006 exp_cht=63.43691428571426 dev=-3.136914285714255 => NORMAL
t=121.2 cht=58.300000000000004 exp_cht=63.4887476190476 dev=-2.488747619047601 => NORMAL
t=0.0 cht=49.2 exp_cht=28.578776882421625 dev=22.021223117578376 => NORMAL
t=0.1 cht=49.7 exp_cht=28.578776882421636 dev=21.621223117578367 => COOLING_DEGRADATION
t=120.2 cht=103.30000000000001 exp_cht=63.41006758563075 dev=41.18993241436926 => COOLING_DEGRADATION
t=121.3 cht=102.7 exp_cht=63.44756758563074 dev=41.652432414369265 => COOLING_DEGRADATION
t=0.0 cht=49.400000000000006 exp_cht=28.57877688242162 dev=22.42122311757838 => NORMAL
t=0.1 cht=50.7 exp_cht=28.578776882421625 dev=22.121223117578378 => NORMAL
t=120.2 cht=60.0 exp_cht=62.869836930868836 dev=-2.46983693086883 => OIL_PRESSURE_DEGRADATION
t=121.3 cht=59.300000000000004 exp_cht=63.48874761904761 dev=-2.988747619047608 => OIL_PRESSURE_DEGRADATION
t=0.0 cht=49.5 exp_cht=28.57877688242163 dev=22.021223117578373 => NORMAL
t=0.1 cht=50.300000000000004 exp_cht=28.578776882421636 dev=22.521223117578366 => EXCESSIVE_VIBRATION
t=120.2 cht=59.5 exp_cht=63.44806758563075 dev=-3.4480675856307528 => EXCESSIVE_VIBRATION
t=121.3 cht=58.6 exp_cht=63.47441428571428 dev=-3.574414285714276 => EXCESSIVE_VIBRATION
t=0.0 cht=49.800000000000004 exp_cht=28.57877688242162 dev=21.221223117578383 => NORMAL
t=0.1 cht=49.5 exp_cht=28.578776882421625 dev=50.62122311757838 => NORMAL
t=120.2 cht=60.0 exp_cht=63.191839014202166 dev=26.20816098579784 => SENSOR_DRIFT
t=121.3 cht=61.6 exp_cht=63.51620476190475 dev=26.383795238095253 => SENSOR_DRIFT
t=0.0 cht=51.1 exp_cht=28.578776882421625 dev=22.521223117578376 => NORMAL
t=0.1 cht=49.7 exp_cht=28.578776882421625 dev=21.72122311757838 => MISFIRE
t=120.2 cht=58.0 exp_cht=32.70278994623466 dev=25.397210053765342 => MISFIRE
t=121.3 cht=60.1 exp_cht=32.702789946234674 dev=27.397210053765328 => MISFIRE
t=0.0 cht=50.0 exp_cht=28.57877688242163 dev=21.92122311757837 => NORMAL
t=120.1 cht=59.300000000000004 exp_cht=63.49770476190475 dev=-3.097704761904744 => NORMAL
t=121.2 cht=60.5 exp_cht=63.47441428571425 dev=-2.9744142857142535 => NORMAL
t=0.0 cht=51.2 exp_cht=28.840866434660438 dev=22.359133565339565 => NORMAL
t=0.1 cht=49.900000000000006 exp_cht=28.578776882421625 dev=22.22122311757838 => COOLING_DEGRADATION
t=120.2 cht=104.80000000000001 exp_cht=63.2618342522974 dev=41.63816574770261 => COOLING_DEGRADATION
t=121.3 cht=105.7 exp_cht=63.47441428571427 dev=42.225585714285735 => COOLING_DEGRADATION
t=0.0 cht=51.0 exp_cht=28.57877688242162 dev=23.321223117578384 => NORMAL
t=0.1 cht=48.2 exp_cht=28.57877688242163 dev=20.821223117578377 => SENSOR_DRIFT
t=120.2 cht=59.900000000000006 exp_cht=63.4512476190476 dev=-2.7512476190475965 => OIL_PRESSURE_DEGRADATION
t=121.3 cht=58.800000000000004 exp_cht=63.53841428571426 dev=-3.0384142857142606 => OIL_PRESSURE_DEGRADATION
t=0.0 cht=51.2 exp_cht=28.57877688242162 dev=22.62122311757838 => NORMAL
t=0.1 cht=50.7 exp_cht=28.57877688242163 dev=22.121223117578374 => EXCESSIVE_VIBRATION
t=120.2 cht=61.5 exp_cht=63.448067585630746 dev=-1.9480675856307457 => EXCESSIVE_VIBRATION
t=121.3 cht=59.0 exp_cht=63.22933901420216 dev=-3.029339014202158 => EXCESSIVE_VIBRATION
t=0.0 cht=51.1 exp_cht=28.578776882421625 dev=22.521223117578376 => NORMAL
t=0.1 cht=49.6 exp_cht=28.578776882421625 dev=52.22122311757839 => NORMAL
t=120.2 cht=60.0 exp_cht=63.45124761904761 dev=26.648752380952402 => SENSOR_DRIFT
t=121.3 cht=60.300000000000004 exp_cht=63.53520476190475 dev=25.364795238095255 => SENSOR_DRIFT
t=0.0 cht=50.0 exp_cht=28.578776882421625 dev=22.621223117578378 => NORMAL
t=0.1 cht=50.6 exp_cht=28.582443549088303 dev=22.017556450911698 => MISFIRE
t=120.2 cht=58.1 exp_cht=32.702789946234674 dev=26.59721005376533 => MISFIRE
t=121.3 cht=58.900000000000006 exp_cht=32.70278994623467 dev=27.19721005376534 => MISFIRE
t=0.0 cht=50.7 exp_cht=28.57877688242162 dev=22.321223117578384 => NORMAL
t=120.1 cht=59.900000000000006 exp_cht=63.448067585630746 dev=-2.9480675856307457 => NORMAL
t=121.2 cht=60.5 exp_cht=63.29933425229739 dev=-2.799334252297392 => NORMAL
t=0.0 cht=50.400000000000006 exp_cht=28.578776882421625 dev=21.82122311757838 => NORMAL
t=0.0 cht=52.5 exp_cht=28.578776882421625 dev=23.921223117578375 => NORMAL
t=0.1 cht=49.5 exp_cht=28.57877688242163 dev=22.42122311757837 => COOLING_DEGRADATION
t=120.2 cht=104.30000000000001 exp_cht=62.673238518170436 dev=42.326761481829564 => COOLING_DEGRADATION
t=240.4 cht=99.0 exp_cht=43.82445027247955 dev=56.57554972752045 => COOLING_DEGRADATION
t=0.0 cht=50.5 exp_cht=28.57877688242163 dev=21.92122311757837 => NORMAL
t=0.0 cht=50.2 exp_cht=28.578776882421625 dev=22.621223117578378 => NORMAL
t=1.1 cht=48.300000000000004 exp_cht=15.41960376138648 dev=33.98039623861352 => COOLING_DEGRADATION
t=2.1 cht=45.900000000000006 exp_cht=15.41960376138648 dev=32.48039623861352 => NORMAL
t=3.1 cht=47.5 exp_cht=15.419603761386481 dev=33.08039623861352 => NORMAL
t=4.1 cht=48.2 exp_cht=15.419603761386481 dev=32.78039623861352 => NORMAL
t=5.2 cht=44.6 exp_cht=15.41960376138648 dev=30.680396238613522 => NORMAL
t=6.3 cht=45.6 exp_cht=15.419603761386481 dev=30.18039623861352 => SENSOR_DRIFT
t=7.4 cht=43.6 exp_cht=15.419603761386483 dev=28.88039623861352 => SENSOR_DRIFT
t=8.5 cht=42.7 exp_cht=15.419603761386481 dev=28.68039623861352 => SENSOR_DRIFT
t=9.6 cht=43.2 exp_cht=15.419603761386481 dev=27.78039623861352 => SENSOR_DRIFT
t=10.7 cht=42.0 exp_cht=15.419603761386476 dev=27.98039623861353 => SENSOR_DRIFT
t=11.8 cht=42.300000000000004 exp_cht=15.41960376138648 dev=26.880396238613525 => NORMAL
t=12.9 cht=40.0 exp_cht=15.419603761386483 dev=26.080396238613517 => NORMAL
t=14.0 cht=39.6 exp_cht=15.419603761386481 dev=24.980396238613523 => NORMAL
t=0.0 cht=50.1 exp_cht=28.57877688242163 dev=21.521223117578373 => NORMAL
t=1.1 cht=49.800000000000004 exp_cht=15.41960376138648 dev=34.38039623861353 => COOLING_DEGRADATION
t=2.1 cht=48.6 exp_cht=15.419603761386481 dev=34.08039623861352 => NORMAL
t=3.1 cht=48.800000000000004 exp_cht=15.41960376138648 dev=33.38039623861353 => NORMAL
t=4.1 cht=47.400000000000006 exp_cht=15.41960376138648 dev=31.980396238613526 => NORMAL
t=5.2 cht=44.400000000000006 exp_cht=15.419603761386481 dev=31.18039623861352 => NORMAL
t=6.3 cht=44.6 exp_cht=15.419603761386481 dev=30.28039623861352 => SENSOR_DRIFT
t=7.4 cht=44.800000000000004 exp_cht=15.419603761386476 dev=29.38039623861353 => SENSOR_DRIFT
t=8.5 cht=44.2 exp_cht=15.41960376138648 dev=28.780396238613523 => SENSOR_DRIFT
t=9.6 cht=42.300000000000004 exp_cht=15.419603761386476 dev=27.580396238613524 => SENSOR_DRIFT
t=0.0 cht=49.2 exp_cht=28.578776882421636 dev=21.72122311757837 => NORMAL
t=1.1 cht=47.7 exp_cht=15.419603761386481 dev=33.38039623861352 => COOLING_DEGRADATION
t=2.1 cht=48.900000000000006 exp_cht=15.419603761386483 dev=33.48039623861352 => NORMAL
t=3.1 cht=46.7 exp_cht=15.41960376138648 dev=31.780396238613523 => NORMAL
t=4.1 cht=46.900000000000006 exp_cht=15.419603761386476 dev=31.48039623861353 => NORMAL
t=5.2 cht=46.7 exp_cht=15.419603761386481 dev=31.78039623861352 => NORMAL
t=6.3 cht=44.800000000000004 exp_cht=15.419603761386481 dev=30.68039623861352 => SENSOR_DRIFT
t=7.4 cht=43.900000000000006 exp_cht=15.41960376138648 dev=29.480396238613526 => SENSOR_DRIFT
t=8.5 cht=43.300000000000004 exp_cht=15.419603761386476 dev=28.38039623861353 => SENSOR_DRIFT
t=9.6 cht=42.900000000000006 exp_cht=15.419603761386483 dev=27.88039623861352 => SENSOR_DRIFT
t=10.7 cht=41.5 exp_cht=15.419603761386476 dev=26.780396238613527 => SENSOR_DRIFT
t=11.8 cht=41.1 exp_cht=15.419603761386481 dev=26.28039623861352 => SENSOR_DRIFT
t=12.9 cht=40.300000000000004 exp_cht=15.419603761386481 dev=26.38039623861352 => SENSOR_DRIFT
t=14.0 cht=38.0 exp_cht=15.419603761386481 dev=25.18039623861352 => NORMAL
t=15.1 cht=41.0 exp_cht=15.419603761386481 dev=25.580396238613517 => NORMAL
t=16.2 cht=39.400000000000006 exp_cht=15.41960376138648 dev=23.980396238613526 => NORMAL
t=17.2 cht=37.4 exp_cht=15.419603761386483 dev=23.18039623861352 => NORMAL
t=18.2 cht=37.2 exp_cht=15.419603761386481 dev=22.980396238613523 => NORMAL
t=19.2 cht=36.300000000000004 exp_cht=15.41960376138648 dev=21.98039623861352 => SENSOR_DRIFT
t=20.2 cht=36.6 exp_cht=15.419603761386481 dev=21.480396238613515 => SENSOR_DRIFT
t=21.2 cht=35.7 exp_cht=15.41960376138648 dev=20.98039623861352 => SENSOR_DRIFT
t=22.2 cht=33.7 exp_cht=15.419603761386481 dev=20.480396238613515 => SENSOR_DRIFT
t=23.2 cht=36.0 exp_cht=15.41960376138648 dev=20.58039623861352 => SENSOR_DRIFT
t=24.2 cht=34.300000000000004 exp_cht=15.419603761386476 dev=19.580396238613524 => SENSOR_DRIFT
t=25.2 cht=33.6 exp_cht=15.419603761386481 dev=18.18039623861352 => SENSOR_DRIFT
t=26.2 cht=32.6 exp_cht=15.41960376138648 dev=18.58039623861352 => SENSOR_DRIFT
t=27.2 cht=32.5 exp_cht=15.419603761386474 dev=18.38039623861353 => SENSOR_DRIFT
t=28.2 cht=32.7 exp_cht=15.419603761386481 dev=17.980396238613515 => SENSOR_DRIFT
t=29.2 cht=31.6 exp_cht=15.419603761386483 dev=16.380396238613518 => SENSOR_DRIFT
t=30.2 cht=31.900000000000002 exp_cht=16.816559290304312 dev=16.083440709695687 => SENSOR_DRIFT
t=31.2 cht=31.8 exp_cht=16.81655929030431 dev=14.983440709695692 => SENSOR_DRIFT
t=32.2 cht=32.7 exp_cht=16.713934450190333 dev=16.38606554980967 => SENSOR_DRIFT
t=33.2 cht=32.9 exp_cht=22.642575717535177 dev=10.457424282464824 => SENSOR_DRIFT
t=34.2 cht=32.1 exp_cht=32.64069903714376 dev=1.3593009628562385 => NORMAL
t=35.2 cht=34.1 exp_cht=32.60767876416161 dev=2.0923212358383907 => NORMAL
t=36.2 cht=35.1 exp_cht=62.29161643550365 dev=-24.991616435503644 => NORMAL
t=37.2 cht=36.6 exp_cht=62.587004761904765 dev=-24.28700476190476 => NORMAL
t=38.2 cht=36.5 exp_cht=62.18280476190475 dev=-24.982804761904745 => NORMAL
t=39.2 cht=37.800000000000004 exp_cht=62.44890476190475 dev=-22.548904761904744 => NORMAL
t=40.2 cht=39.1 exp_cht=63.503238095238096 dev=-22.60323809523809 => NORMAL
t=41.2 cht=39.300000000000004 exp_cht=63.40087142857143 dev=-22.400871428571428 => NORMAL
t=42.2 cht=42.5 exp_cht=63.28120091896407 dev=-20.781200918964068 => NORMAL
t=43.2 cht=42.1 exp_cht=63.3727476190476 dev=-19.7727476190476 => NORMAL
t=44.2 cht=43.2 exp_cht=62.56439538705954 dev=-18.06439538705954 => NORMAL
t=45.2 cht=44.2 exp_cht=62.41496167764984 dev=-16.514961677649836 => NORMAL
t=46.2 cht=45.0 exp_cht=62.414961677649856 dev=-17.414961677649856 => NORMAL
t=47.2 cht=45.800000000000004 exp_cht=62.44812638353219 dev=-15.748126383532188 => NORMAL
t=48.2 cht=46.0 exp_cht=62.4247263835322 dev=-14.124726383532199 => NORMAL
t=49.2 cht=46.900000000000006 exp_cht=62.44962834431651 dev=-15.249628344316505 => NORMAL
t=50.2 cht=48.1 exp_cht=62.75620831222959 dev=-14.256208312229589 => NORMAL
t=51.2 cht=47.300000000000004 exp_cht=63.014836222649045 dev=-15.014836222649045 => NORMAL
t=52.2 cht=48.1 exp_cht=63.139572542723215 dev=-13.639572542723215 => NORMAL
t=53.2 cht=49.400000000000006 exp_cht=63.1395725427232 dev=-12.439572542723198 => NORMAL
t=54.2 cht=49.400000000000006 exp_cht=63.13957254272321 dev=-13.239572542723202 => NORMAL
t=55.2 cht=49.7 exp_cht=63.16857254272323 dev=-10.568572542723231 => NORMAL
t=56.2 cht=51.6 exp_cht=63.16857254272321 dev=-11.56857254272321 => NORMAL
t=57.2 cht=50.5 exp_cht=63.13890587605654 dev=-10.438905876056538 => NORMAL
t=58.2 cht=50.900000000000006 exp_cht=63.16790587605654 dev=-10.767905876056531 => NORMAL
t=59.2 cht=52.1 exp_cht=63.16790587605655 dev=-10.267905876056545 => NORMAL
t=60.2 cht=51.800000000000004 exp_cht=63.16790587605656 dev=-9.667905876056558 => NORMAL
t=61.2 cht=54.400000000000006 exp_cht=63.07423920938988 dev=-8.374239209389877 => NORMAL
t=62.2 cht=53.300000000000004 exp_cht=63.07423920938987 dev=-9.174239209389867 => NORMAL
t=63.2 cht=54.1 exp_cht=63.07423920938987 dev=-7.674239209389867 => NORMAL
t=64.2 cht=54.900000000000006 exp_cht=63.07423920938987 dev=-6.274239209389869 => NORMAL
t=65.3 cht=55.900000000000006 exp_cht=63.07423920938987 dev=-7.174239209389867 => NORMAL
t=66.4 cht=55.0 exp_cht=63.07423920938988 dev=-7.674239209389874 => NORMAL
t=67.5 cht=56.5 exp_cht=63.07423920938986 dev=-6.374239209389856 => NORMAL
t=68.6 cht=57.2 exp_cht=63.07423920938987 dev=-5.87423920938987 => NORMAL
t=69.7 cht=55.300000000000004 exp_cht=63.1269868284375 dev=-6.626986828437502 => NORMAL
t=70.8 cht=56.6 exp_cht=63.10995349510416 dev=-6.509953495104156 => NORMAL
t=71.9 cht=57.5 exp_cht=63.231435717326384 dev=-5.731435717326384 => NORMAL
t=73.0 cht=56.2 exp_cht=63.31130476494543 dev=-5.511304764945429 => NORMAL
t=74.1 cht=59.0 exp_cht=63.311304764945426 dev=-4.311304764945426 => NORMAL
t=75.2 cht=57.400000000000006 exp_cht=63.25188809827875 dev=-4.951888098278744 => NORMAL
t=76.3 cht=58.400000000000006 exp_cht=63.07490587605655 dev=-4.674905876056542 => NORMAL
t=77.4 cht=56.7 exp_cht=63.074905876056526 dev=-4.6749058760565205 => NORMAL
t=78.5 cht=58.1 exp_cht=63.15623920938988 dev=-5.056239209389879 => NORMAL
t=79.6 cht=58.2 exp_cht=63.16857254272321 dev=-4.56857254272321 => NORMAL
t=80.7 cht=58.0 exp_cht=63.0919892093899 dev=-4.491989209389899 => NORMAL
t=81.8 cht=57.900000000000006 exp_cht=63.046022542723215 dev=-3.8460225427232118 => NORMAL
t=82.9 cht=59.0 exp_cht=62.93210361570797 dev=-3.932103615707973 => NORMAL
t=84.0 cht=59.800000000000004 exp_cht=62.96393218713655 dev=-3.1639321871365453 => NORMAL
t=85.1 cht=58.5 exp_cht=63.02642254272321 dev=-3.2264225427232063 => NORMAL
t=86.2 cht=58.2 exp_cht=62.929170282374656 dev=-4.229170282374653 => NORMAL
t=87.3 cht=59.400000000000006 exp_cht=62.894503615707954 dev=-3.294503615707953 => NORMAL
t=88.4 cht=59.2 exp_cht=62.998235042723216 dev=-3.698235042723212 => NORMAL
t=89.5 cht=57.5 exp_cht=62.80852994098745 dev=-2.5085299409874438 => NORMAL
t=90.6 cht=58.300000000000004 exp_cht=62.981568376056565 dev=-3.581568376056559 => NORMAL
t=91.7 cht=58.6 exp_cht=62.91082802046988 dev=-4.310828020469877 => NORMAL
t=92.8 cht=59.7 exp_cht=62.71860831222959 dev=-3.0186083122295884 => NORMAL
t=93.9 cht=58.2 exp_cht=62.87360288931573 dev=-2.373602889315727 => NORMAL
t=95.0 cht=59.5 exp_cht=62.98156837605655 dev=-1.5815683760565449 => NORMAL
t=96.1 cht=59.400000000000006 exp_cht=62.520795387059536 dev=-2.1207953870595304 => NORMAL
t=97.2 cht=58.6 exp_cht=62.52079538705954 dev=-2.520795387059543 => NORMAL
t=98.3 cht=59.5 exp_cht=62.77105338798717 dev=-2.2710533879871733 => NORMAL
t=99.4 cht=59.7 exp_cht=62.61744776801191 dev=-2.917447768011904 => NORMAL
t=100.5 cht=60.5 exp_cht=62.557252529916674 dev=-2.057252529916674 => SENSOR_DRIFT
t=101.6 cht=58.800000000000004 exp_cht=62.37909703118519 dev=-1.579097031185185 => NORMAL
t=102.7 cht=59.300000000000004 exp_cht=62.56439538705954 dev=-1.9643953870595396 => NORMAL
t=103.8 cht=59.900000000000006 exp_cht=63.40726758563074 dev=-3.0072675856307356 => NORMAL
t=104.9 cht=59.300000000000004 exp_cht=62.47851723320541 dev=-2.078517233205403 => SENSOR_DRIFT
t=106.0 cht=59.800000000000004 exp_cht=62.620808085472234 dev=-2.620808085472234 => NORMAL
t=107.1 cht=58.6 exp_cht=62.511681939087765 dev=-3.3116819390877623 => NORMAL
t=108.2 cht=60.300000000000004 exp_cht=63.20203901420219 dev=-2.7020390142021924 => NORMAL
t=109.3 cht=59.1 exp_cht=62.49581560150378 dev=-2.095815601503773 => NORMAL
t=110.4 cht=61.6 exp_cht=62.44265258674075 dev=-0.8426525867407477 => SENSOR_DRIFT
t=111.5 cht=59.7 exp_cht=62.495815601503764 dev=-2.2958156015037616 => NORMAL
t=112.6 cht=60.5 exp_cht=63.20203901420217 dev=-2.5020390142021682 => NORMAL
t=113.7 cht=60.2 exp_cht=63.450600918964085 dev=-3.1506009189640807 => NORMAL
t=114.8 cht=60.300000000000004 exp_cht=63.45338095238094 dev=-3.1533809523809353 => NORMAL
t=115.9 cht=59.2 exp_cht=63.043005680868866 dev=-3.4430056808688647 => NORMAL
t=117.0 cht=59.2 exp_cht=63.04300568086884 dev=-3.0430056808688377 => NORMAL
t=118.1 cht=57.900000000000006 exp_cht=63.69068095238095 dev=-4.390680952380947 => NORMAL
t=119.2 cht=59.800000000000004 exp_cht=63.751471428571406 dev=-3.5514714285714035 => NORMAL
t=120.3 cht=60.5 exp_cht=63.49770476190474 dev=-2.897704761904741 => NORMAL
t=121.4 cht=59.6 exp_cht=63.53841428571429 dev=-2.9384142857142876 => NORMAL
t=122.5 cht=60.0 exp_cht=63.365167585630736 dev=-3.265167585630735 => NORMAL
t=123.6 cht=58.5 exp_cht=62.615280184837104 dev=-2.9152801848371013 => NORMAL
t=124.7 cht=59.300000000000004 exp_cht=63.39276758563076 dev=-3.592767585630753 => NORMAL
t=125.8 cht=59.7 exp_cht=63.37190476190475 dev=-3.1719047619047487 => NORMAL
t=126.9 cht=59.7 exp_cht=63.37190476190476 dev=-3.671904761904756 => NORMAL
t=128.0 cht=60.400000000000006 exp_cht=63.37190476190477 dev=-2.971904761904767 => NORMAL
t=129.1 cht=58.7 exp_cht=63.37190476190476 dev=-2.5719047619047544 => NORMAL
t=130.2 cht=60.6 exp_cht=63.402404761904755 dev=-2.102404761904751 => NORMAL
t=131.3 cht=59.800000000000004 exp_cht=63.39417142857142 dev=-2.794171428571417 => NORMAL
t=132.4 cht=59.900000000000006 exp_cht=63.390904761904764 dev=-3.4909047619047584 => NORMAL
t=133.5 cht=58.1 exp_cht=63.39417142857141 dev=-3.6941714285714085 => NORMAL
t=134.6 cht=60.1 exp_cht=63.416404761904744 dev=-3.3164047619047423 => NORMAL
t=135.7 cht=58.5 exp_cht=63.404671428571426 dev=-3.204671428571423 => NORMAL
t=136.8 cht=59.300000000000004 exp_cht=63.40467142857141 dev=-2.6046714285714074 => NORMAL
t=137.9 cht=59.0 exp_cht=63.364171428571424 dev=-2.8641714285714244 => NORMAL
t=139.0 cht=60.5 exp_cht=63.39517142857142 dev=-2.895171428571423 => NORMAL
t=140.1 cht=58.0 exp_cht=63.31617142857141 dev=-3.9161714285714027 => NORMAL
t=141.2 cht=59.2 exp_cht=63.316171428571415 dev=-3.6161714285714126 => NORMAL
t=142.3 cht=59.2 exp_cht=63.31617142857142 dev=-2.3161714285714226 => NORMAL
t=143.4 cht=58.6 exp_cht=63.31617142857142 dev=-3.6161714285714197 => NORMAL
t=144.5 cht=60.5 exp_cht=63.394571428571425 dev=-2.8945714285714246 => NORMAL
t=145.6 cht=58.800000000000004 exp_cht=63.31617142857142 dev=-2.3161714285714226 => NORMAL
t=146.7 cht=58.2 exp_cht=63.31617142857142 dev=-3.8161714285714226 => NORMAL
t=147.8 cht=59.800000000000004 exp_cht=63.39457142857142 dev=-2.794571428571416 => NORMAL
t=148.9 cht=58.400000000000006 exp_cht=63.316171428571415 dev=-4.116171428571413 => NORMAL
t=150.0 cht=59.900000000000006 exp_cht=63.32473809523809 dev=-3.1247380952380865 => NORMAL
t=151.1 cht=58.900000000000006 exp_cht=63.28733809523809 dev=-2.7873380952380913 => NORMAL
t=152.2 cht=59.5 exp_cht=63.083542857142845 dev=-2.1835428571428395 => NORMAL
t=153.3 cht=60.300000000000004 exp_cht=63.07127619047618 dev=-2.771276190476179 => NORMAL
t=154.4 cht=58.1 exp_cht=62.724875238095244 dev=-2.4248752380952396 => NORMAL
t=155.5 cht=59.2 exp_cht=62.431773650793666 dev=-3.231773650793663 => NORMAL
t=156.6 cht=58.6 exp_cht=62.19986345971087 dev=-1.3998634597108648 => NORMAL
t=157.7 cht=59.6 exp_cht=62.092596793044194 dev=-2.492596793044193 => NORMAL
t=158.8 cht=57.0 exp_cht=61.76747671890675 dev=-1.4674767189067452 => NORMAL
t=159.9 cht=59.900000000000006 exp_cht=61.72091107875848 dev=-1.8209110787584777 => NORMAL
t=161.0 cht=58.1 exp_cht=61.68862536447275 dev=-1.0886253644727475 => NORMAL
t=162.1 cht=59.0 exp_cht=61.592329099859136 dev=-2.5923290998591355 => NORMAL
t=163.2 cht=58.5 exp_cht=61.580662433192465 dev=-0.780662433192461 => NORMAL
t=164.3 cht=58.400000000000006 exp_cht=61.57606107264823 dev=-2.176061072648224 => NORMAL
t=165.4 cht=58.900000000000006 exp_cht=61.655300194404724 dev=-1.3553001944047196 => NORMAL
t=166.5 cht=59.300000000000004 exp_cht=61.59984678693395 dev=-1.9998467869339507 => NORMAL
t=167.6 cht=59.300000000000004 exp_cht=61.55839440598158 dev=-1.3583944059815778 => NORMAL
t=168.7 cht=58.5 exp_cht=61.84150971821424 dev=-2.241509718214239 => NORMAL
t=169.8 cht=58.800000000000004 exp_cht=61.265422977410125 dev=-1.5654229774101225 => NORMAL
t=170.9 cht=57.0 exp_cht=61.31292297741013 dev=-1.7129229774101304 => NORMAL
t=172.0 cht=60.1 exp_cht=61.310022977410114 dev=-1.2100229774101123 => NORMAL
t=173.1 cht=58.1 exp_cht=61.297522977410146 dev=-1.8975229774101408 => NORMAL
t=174.2 cht=59.1 exp_cht=61.25852297741016 dev=-2.1585229774101578 => NORMAL
t=175.3 cht=56.900000000000006 exp_cht=61.234689644076816 dev=-2.7346896440768163 => NORMAL
t=176.4 cht=57.900000000000006 exp_cht=61.234689644076795 dev=-1.6346896440767935 => NORMAL
t=177.5 cht=57.1 exp_cht=61.16708964407681 dev=-1.367089644076806 => NORMAL
t=178.6 cht=58.400000000000006 exp_cht=61.08338964407682 dev=-1.6833896440768115 => NORMAL
t=179.7 cht=56.7 exp_cht=60.778039207849154 dev=-1.3780392078491488 => NORMAL
t=180.8 cht=58.7 exp_cht=60.54963380244373 dev=-0.34963380244372644 => NORMAL
t=181.9 cht=58.6 exp_cht=60.508039207849144 dev=-1.4080392078491428 => NORMAL
t=183.0 cht=57.800000000000004 exp_cht=59.461607768091625 dev=0.238392231908378 => NORMAL
t=184.1 cht=58.900000000000006 exp_cht=59.422635656537835 dev=0.6773643434621661 => NORMAL
t=185.2 cht=57.1 exp_cht=59.413796150364995 dev=-0.9137961503649947 => NORMAL
t=186.3 cht=57.6 exp_cht=59.24680037571712 dev=0.15319962428288392 => NORMAL
t=187.4 cht=58.6 exp_cht=59.38929615036499 dev=-0.1892961503649886 => NORMAL
t=188.5 cht=58.5 exp_cht=59.566201555770405 dev=0.23379844422959906 => NORMAL
t=189.6 cht=56.900000000000006 exp_cht=59.2468003757171 dev=-0.24680037571710045 => NORMAL
t=190.7 cht=59.7 exp_cht=59.18296154787829 dev=0.5170384521217102 => NORMAL
t=191.8 cht=57.900000000000006 exp_cht=59.182961547878286 dev=0.017038452121717285 => NORMAL
t=192.9 cht=58.1 exp_cht=59.01363773835446 dev=-0.11363773835445556 => NORMAL
t=194.0 cht=58.2 exp_cht=58.82177107168783 dev=0.5782289283121784 => NORMAL
t=195.1 cht=57.2 exp_cht=59.17561169439438 dev=-0.7756116943943709 => NORMAL
t=196.2 cht=57.7 exp_cht=60.50671746031744 dev=-0.7067174603174351 => NORMAL
t=197.3 cht=56.5 exp_cht=58.179061683436956 dev=1.020938316563047 => NORMAL
t=198.4 cht=57.7 exp_cht=51.19695433367591 dev=6.703045666324094 => SENSOR_DRIFT
t=199.5 cht=56.300000000000004 exp_cht=49.90792857142858 dev=7.192071428571424 => SENSOR_DRIFT
t=200.6 cht=57.7 exp_cht=49.6275142857143 dev=8.072485714285705 => SENSOR_DRIFT
t=201.7 cht=55.7 exp_cht=47.30763046607248 dev=10.79236953392752 => SENSOR_DRIFT
t=202.8 cht=57.0 exp_cht=45.41093567190829 dev=11.589064328091709 => SENSOR_DRIFT
t=203.9 cht=56.0 exp_cht=44.38469048736995 dev=12.515309512630054 => SENSOR_DRIFT
t=205.0 cht=55.7 exp_cht=44.30118300147572 dev=12.098816998524285 => SENSOR_DRIFT
t=206.1 cht=54.400000000000006 exp_cht=44.099542994876586 dev=12.80045700512342 => SENSOR_DRIFT
t=207.2 cht=57.300000000000004 exp_cht=44.08469697545259 dev=13.215303024547417 => SENSOR_DRIFT
t=208.3 cht=55.300000000000004 exp_cht=43.93977545383149 dev=11.460224546168519 => SENSOR_DRIFT
t=209.4 cht=54.6 exp_cht=44.021184977641 dev=10.978815022359 => SENSOR_DRIFT
t=210.5 cht=56.0 exp_cht=43.98825977627187 dev=12.011740223728133 => SENSOR_DRIFT
t=211.6 cht=55.0 exp_cht=43.91872031006564 dev=11.481279689934368 => SENSOR_DRIFT
t=212.7 cht=55.400000000000006 exp_cht=43.84579627924706 dev=11.554203720752945 => SENSOR_DRIFT
t=213.8 cht=53.5 exp_cht=43.8829932280099 dev=11.617006771990098 => SENSOR_DRIFT
t=214.9 cht=55.6 exp_cht=43.81119759642631 dev=11.78880240357369 => SENSOR_DRIFT
t=216.0 cht=53.1 exp_cht=43.841769622427854 dev=12.158230377572146 => SENSOR_DRIFT
t=217.1 cht=54.300000000000004 exp_cht=43.79832022628387 dev=12.20167977371613 => SENSOR_DRIFT
t=218.2 cht=53.0 exp_cht=43.82685393615334 dev=9.77314606384666 => SENSOR_DRIFT
t=219.3 cht=53.2 exp_cht=43.82445027247955 dev=10.975549727520452 => SENSOR_DRIFT
t=220.4 cht=52.800000000000004 exp_cht=43.87400613605773 dev=9.925993863942274 => SENSOR_DRIFT
t=221.5 cht=54.300000000000004 exp_cht=43.89354352835429 dev=10.406456471645711 => SENSOR_DRIFT
t=222.6 cht=53.6 exp_cht=43.8935435283543 dev=10.006456471645706 => SENSOR_DRIFT
t=223.7 cht=54.300000000000004 exp_cht=43.8337509058503 dev=10.466249094149703 => SENSOR_DRIFT
t=224.8 cht=53.2 exp_cht=43.862313724547676 dev=10.237686275452326 => SENSOR_DRIFT
t=225.9 cht=53.1 exp_cht=43.78453431399794 dev=9.315465686002064 => SENSOR_DRIFT
t=227.0 cht=53.800000000000004 exp_cht=43.83375090585031 dev=11.466249094149696 => SENSOR_DRIFT
t=228.1 cht=52.6 exp_cht=43.87400613605772 dev=9.925993863942281 => SENSOR_DRIFT
t=229.2 cht=53.2 exp_cht=43.82685393615335 dev=10.173146063846652 => SENSOR_DRIFT
t=230.3 cht=54.0 exp_cht=43.87400613605773 dev=10.12599386394227 => SENSOR_DRIFT
t=231.4 cht=52.900000000000006 exp_cht=43.82685393615334 dev=10.173146063846659 => SENSOR_DRIFT
t=232.5 cht=52.800000000000004 exp_cht=43.798320226283856 dev=9.001679773716148 => SENSOR_DRIFT
t=233.6 cht=53.2 exp_cht=43.82685393615334 dev=9.373146063846661 => SENSOR_DRIFT
t=234.7 cht=53.0 exp_cht=43.87400613605773 dev=9.62599386394227 => SENSOR_DRIFT
t=235.8 cht=51.6 exp_cht=43.869247592640356 dev=9.130752407359644 => SENSOR_DRIFT
t=236.9 cht=53.800000000000004 exp_cht=43.869247592640356 dev=9.930752407359648 => SENSOR_DRIFT
t=238.0 cht=53.0 exp_cht=43.86924759264037 dev=9.13075240735963 => SENSOR_DRIFT
t=239.1 cht=54.300000000000004 exp_cht=43.86662012403054 dev=10.433379875969464 => SENSOR_DRIFT
t=240.2 cht=51.1 exp_cht=43.84462941082218 dev=9.355370589177824 => SENSOR_DRIFT
t=241.3 cht=52.7 exp_cht=43.84462941082219 dev=8.95537058917781 => SENSOR_DRIFT
t=242.4 cht=51.900000000000006 exp_cht=43.84462941082218 dev=8.755370589177822 => SENSOR_DRIFT
t=243.5 cht=52.900000000000006 exp_cht=43.82405602146644 dev=9.775943978533562 => SENSOR_DRIFT
t=244.6 cht=52.2 exp_cht=43.8107527295604 dev=8.789247270439603 => SENSOR_DRIFT
t=245.7 cht=53.800000000000004 exp_cht=43.866620124030526 dev=9.933379875969479 => SENSOR_DRIFT
t=246.8 cht=53.0 exp_cht=43.83432316257908 dev=9.165676837420918 => SENSOR_DRIFT
t=247.9 cht=53.1 exp_cht=43.8446294108222 dev=9.2553705891778 => SENSOR_DRIFT
t=249.0 cht=50.6 exp_cht=43.86924759264037 dev=9.030752407359635 => SENSOR_DRIFT
t=250.1 cht=51.7 exp_cht=43.87400613605773 dev=9.025993863942276 => SENSOR_DRIFT
t=251.2 cht=53.0 exp_cht=43.82405602146645 dev=9.175943978533553 => SENSOR_DRIFT
t=252.3 cht=51.300000000000004 exp_cht=43.84462941082218 dev=9.15537058917782 => SENSOR_DRIFT
t=253.4 cht=50.5 exp_cht=43.87400613605773 dev=8.12599386394227 => SENSOR_DRIFT
t=254.5 cht=52.300000000000004 exp_cht=43.866620124030554 dev=8.633379875969446 => SENSOR_DRIFT
t=255.6 cht=52.800000000000004 exp_cht=43.87400613605773 dev=8.925993863942274 => SENSOR_DRIFT
t=256.6 cht=51.1 exp_cht=43.86231372454768 dev=9.83768627545232 => SENSOR_DRIFT
t=257.6 cht=52.900000000000006 exp_cht=43.84462941082219 dev=9.055370589177812 => SENSOR_DRIFT
t=258.6 cht=51.5 exp_cht=43.82405602146643 dev=9.275943978533569 => SENSOR_DRIFT
t=259.6 cht=51.900000000000006 exp_cht=43.84462941082218 dev=8.255370589177822 => SENSOR_DRIFT
t=260.6 cht=51.0 exp_cht=43.84462941082219 dev=9.655370589177807 => SENSOR_DRIFT
t=261.6 cht=51.300000000000004 exp_cht=43.86662012403054 dev=9.233379875969462 => SENSOR_DRIFT
t=262.6 cht=52.5 exp_cht=43.87400613605772 dev=8.925993863942281 => SENSOR_DRIFT
t=263.6 cht=50.1 exp_cht=43.824450272479545 dev=7.675549727520455 => SENSOR_DRIFT
t=264.6 cht=52.2 exp_cht=43.87400613605773 dev=8.325993863942273 => SENSOR_DRIFT
t=265.6 cht=53.1 exp_cht=43.87400613605775 dev=9.72599386394225 => SENSOR_DRIFT
t=266.6 cht=51.400000000000006 exp_cht=43.86662012403054 dev=10.433379875969464 => SENSOR_DRIFT
t=267.6 cht=52.300000000000004 exp_cht=43.84462941082219 dev=8.655370589177807 => SENSOR_DRIFT
t=268.6 cht=51.900000000000006 exp_cht=43.86924759264037 dev=8.030752407359635 => SENSOR_DRIFT
t=269.6 cht=51.0 exp_cht=43.84462941082218 dev=8.65537058917782 => SENSOR_DRIFT
t=270.6 cht=51.2 exp_cht=43.84462941082219 dev=7.455370589177811 => SENSOR_DRIFT
t=271.6 cht=51.5 exp_cht=43.84462941082218 dev=8.65537058917782 => SENSOR_DRIFT
t=272.6 cht=52.300000000000004 exp_cht=43.84462941082218 dev=8.555370589177826 => SENSOR_DRIFT
t=273.6 cht=52.800000000000004 exp_cht=43.84462941082218 dev=8.955370589177825 => SENSOR_DRIFT
t=274.6 cht=52.1 exp_cht=43.84462941082219 dev=8.35537058917781 => SENSOR_DRIFT
t=275.6 cht=52.800000000000004 exp_cht=43.83520598739876 dev=8.964794012601246 => SENSOR_DRIFT
t=276.6 cht=52.400000000000006 exp_cht=43.835205987398766 dev=8.56479401260124 => SENSOR_DRIFT
t=0.0 cht=50.2 exp_cht=28.578776882421636 dev=22.621223117578367 => NORMAL
t=0.0 cht=49.0 exp_cht=28.578776882421636 dev=22.021223117578366 => NORMAL
t=120.1 cht=59.400000000000006 exp_cht=63.43691428571427 dev=-3.136914285714269 => NORMAL
t=121.2 cht=58.300000000000004 exp_cht=63.48874761904761 dev=-2.488747619047608 => NORMAL
t=122.3 cht=59.6 exp_cht=62.83700359753551 dev=-2.1370035975355037 => NORMAL
t=123.4 cht=59.300000000000004 exp_cht=63.329980952380936 dev=-4.029980952380932 => NORMAL
t=124.5 cht=59.7 exp_cht=63.389404761904764 dev=-3.689404761904761 => NORMAL
t=125.6 cht=58.1 exp_cht=62.6404051848371 dev=-2.440405184837097 => NORMAL
t=126.7 cht=59.900000000000006 exp_cht=63.416404761904744 dev=-2.216404761904741 => NORMAL
t=127.8 cht=60.1 exp_cht=63.371904761904744 dev=-3.1719047619047416 => NORMAL
t=128.9 cht=58.7 exp_cht=63.37190476190475 dev=-2.5719047619047473 => NORMAL
t=130.0 cht=61.1 exp_cht=63.38940476190477 dev=-2.2894047619047697 => NORMAL
t=131.1 cht=59.400000000000006 exp_cht=63.37190476190476 dev=-2.8719047619047586 => NORMAL
t=132.2 cht=59.900000000000006 exp_cht=63.37190476190475 dev=-3.471904761904746 => NORMAL
t=0.0 cht=50.2 exp_cht=28.57877688242163 dev=22.621223117578374 => NORMAL
t=0.0 cht=49.0 exp_cht=28.57877688242163 dev=22.021223117578373 => NORMAL
t=1.1 cht=47.1 exp_cht=15.41960376138648 dev=34.180396238613525 => COOLING_DEGRADATION
t=2.1 cht=47.2 exp_cht=15.41960376138648 dev=33.28039623861352 => NORMAL
t=3.1 cht=47.300000000000004 exp_cht=15.419603761386481 dev=31.980396238613523 => NORMAL
t=4.1 cht=47.2 exp_cht=15.41960376138648 dev=31.780396238613523 => NORMAL
t=5.2 cht=45.7 exp_cht=15.419603761386481 dev=30.28039623861352 => NORMAL
t=6.3 cht=46.7 exp_cht=15.419603761386481 dev=31.68039623861352 => SENSOR_DRIFT
t=7.4 cht=43.1 exp_cht=15.419603761386481 dev=29.18039623861352 => SENSOR_DRIFT
t=8.5 cht=44.5 exp_cht=15.419603761386481 dev=29.080396238613517 => SENSOR_DRIFT
t=9.6 cht=42.900000000000006 exp_cht=15.41960376138648 dev=27.58039623861352 => SENSOR_DRIFT
t=10.7 cht=41.300000000000004 exp_cht=15.419603761386476 dev=27.580396238613524 => SENSOR_DRIFT
t=11.8 cht=40.7 exp_cht=15.41960376138648 dev=26.180396238613522 => SENSOR_DRIFT
t=12.9 cht=40.2 exp_cht=15.41960376138648 dev=26.980396238613526 => NORMAL
t=0.0 cht=50.2 exp_cht=28.578776882421636 dev=22.621223117578367 => NORMAL
t=0.0 cht=49.0 exp_cht=28.578776882421636 dev=22.021223117578366 => NORMAL
t=120.1 cht=59.400000000000006 exp_cht=63.436914285714266 dev=-3.136914285714262 => NORMAL
t=121.2 cht=58.300000000000004 exp_cht=63.4887476190476 dev=-2.488747619047601 => NORMAL
t=122.3 cht=59.6 exp_cht=62.83700359753551 dev=-2.1370035975355037 => NORMAL
t=123.4 cht=59.300000000000004 exp_cht=63.32998095238095 dev=-4.029980952380946 => NORMAL
t=124.5 cht=59.7 exp_cht=63.38940476190477 dev=-3.6894047619047683 => NORMAL
t=125.6 cht=58.1 exp_cht=62.6404051848371 dev=-2.440405184837097 => NORMAL
t=126.7 cht=59.900000000000006 exp_cht=63.41640476190475 dev=-2.216404761904748 => NORMAL
t=127.8 cht=60.1 exp_cht=63.37190476190475 dev=-3.1719047619047487 => NORMAL
t=128.9 cht=58.7 exp_cht=63.37190476190476 dev=-2.5719047619047544 => NORMAL
t=130.0 cht=61.1 exp_cht=63.389404761904764 dev=-2.2894047619047626 => NORMAL
t=131.1 cht=59.400000000000006 exp_cht=63.371904761904744 dev=-2.8719047619047444 => NORMAL
t=132.2 cht=59.900000000000006 exp_cht=63.371904761904744 dev=-3.4719047619047387 => NORMAL
t=0.0 cht=50.2 exp_cht=28.578776882421625 dev=22.621223117578378 => NORMAL
t=0.0 cht=49.0 exp_cht=28.578776882421625 dev=22.021223117578376 => NORMAL
t=120.1 cht=59.400000000000006 exp_cht=63.43691428571427 dev=-3.136914285714269 => NORMAL
t=121.2 cht=58.300000000000004 exp_cht=63.48874761904761 dev=-2.488747619047608 => NORMAL
t=122.3 cht=59.6 exp_cht=62.83700359753549 dev=-2.1370035975354895 => NORMAL
t=123.4 cht=59.300000000000004 exp_cht=63.32998095238095 dev=-4.029980952380946 => NORMAL
t=124.5 cht=59.7 exp_cht=63.38940476190474 dev=-3.68940476190474 => NORMAL
t=125.6 cht=58.1 exp_cht=62.6404051848371 dev=-2.440405184837097 => NORMAL
t=0.0 cht=48.1 exp_cht=28.57877688242163 dev=22.621223117578374 => NORMAL
t=120.1 cht=58.6 exp_cht=63.49770476190475 dev=-2.297704761904747 => NORMAL
t=121.2 cht=60.5 exp_cht=63.47211428571427 dev=-2.9721142857142695 => NORMAL
t=122.0 cht=60.1 exp_cht=63.47211428571427 dev=-2.6721142857142652 => NORMAL
t=123.1 cht=61.6 exp_cht=63.37407142857141 dev=-0.37407142857141196 => COOLING_DEGRADATION
t=124.2 cht=62.7 exp_cht=63.39276758563074 dev=0.1072324143692569 => COOLING_DEGRADATION
t=125.3 cht=65.4 exp_cht=63.39090476190475 dev=2.009095238095256 => COOLING_DEGRADATION
t=126.4 cht=66.60000000000001 exp_cht=63.206534252297395 dev=3.593465747702602 => COOLING_DEGRADATION
t=127.5 cht=65.4 exp_cht=63.40240476190475 dev=4.397595238095249 => COOLING_DEGRADATION
t=0.0 cht=47.7 exp_cht=28.578776882421636 dev=22.621223117578367 => NORMAL
t=120.1 cht=60.0 exp_cht=63.261834252297405 dev=-3.2618342522974046 => NORMAL
t=121.2 cht=59.300000000000004 exp_cht=63.53520476190475 dev=-3.1352047619047454 => NORMAL
t=122.1 cht=59.400000000000006 exp_cht=63.53520476190475 dev=-3.035204761904751 => OIL_PRESSURE_DEGRADATION
t=123.2 cht=58.800000000000004 exp_cht=63.36943425229739 dev=-2.8694342522973884 => OIL_PRESSURE_DEGRADATION
t=124.3 cht=59.800000000000004 exp_cht=63.14693901420217 dev=-3.3469390142021638 => OIL_PRESSURE_DEGRADATION
t=125.4 cht=60.400000000000006 exp_cht=63.32781428571427 dev=-2.9278142857142626 => OIL_PRESSURE_DEGRADATION
t=126.5 cht=60.0 exp_cht=63.39411428571427 dev=-3.3941142857142665 => OIL_PRESSURE_DEGRADATION
t=127.6 cht=59.7 exp_cht=63.39090476190476 dev=-1.9909047619047513 => OIL_PRESSURE_DEGRADATION
t=0.0 cht=49.0 exp_cht=28.57877688242163 dev=22.42122311757837 => NORMAL
t=120.1 cht=59.300000000000004 exp_cht=63.45124761904761 dev=-3.851247619047605 => NORMAL
t=121.2 cht=59.1 exp_cht=63.47211428571428 dev=-2.572114285714271 => NORMAL
t=122.1 cht=59.2 exp_cht=63.47211428571428 dev=-2.4721142857142766 => EXCESSIVE_VIBRATION
t=123.2 cht=60.5 exp_cht=63.39628095238094 dev=-1.596280952380937 => EXCESSIVE_VIBRATION
t=124.3 cht=59.400000000000006 exp_cht=63.353314285714276 dev=-3.753314285714275 => EXCESSIVE_VIBRATION
t=125.4 cht=58.5 exp_cht=63.39411428571427 dev=-2.794114285714265 => EXCESSIVE_VIBRATION
t=126.5 cht=59.1 exp_cht=63.39417142857142 dev=-1.8941714285714184 => EXCESSIVE_VIBRATION
t=127.6 cht=59.900000000000006 exp_cht=63.38940476190475 dev=-2.88940476190475 => EXCESSIVE_VIBRATION
t=0.0 cht=49.7 exp_cht=28.57877688242163 dev=21.821223117578377 => NORMAL
t=120.1 cht=59.2 exp_cht=62.42425526531218 dev=-2.4242552653121834 => NORMAL
t=121.2 cht=59.5 exp_cht=63.53520476190476 dev=-3.9352047619047568 => NORMAL
t=122.1 cht=60.7 exp_cht=63.53520476190476 dev=25.664795238095245 => SENSOR_DRIFT
t=123.2 cht=58.400000000000006 exp_cht=63.14693901420217 dev=26.353060985797832 => SENSOR_DRIFT
t=124.3 cht=60.900000000000006 exp_cht=63.35476758563075 dev=25.545232414369252 => SENSOR_DRIFT
t=125.4 cht=59.7 exp_cht=63.354767585630746 dev=26.645232414369254 => SENSOR_DRIFT
t=126.5 cht=59.400000000000006 exp_cht=63.327814285714275 dev=25.57218571428573 => SENSOR_DRIFT
t=127.6 cht=60.400000000000006 exp_cht=63.394171428571426 dev=25.805828571428577 => SENSOR_DRIFT
t=0.0 cht=49.300000000000004 exp_cht=28.578776882421625 dev=23.021223117578376 => NORMAL
t=120.1 cht=59.2 exp_cht=63.49620476190476 dev=-3.9962047619047567 => NORMAL
t=121.2 cht=60.5 exp_cht=63.47441428571427 dev=-2.9744142857142677 => NORMAL
t=122.0 cht=58.7 exp_cht=63.06020476190475 dev=-1.5602047619047497 => MISFIRE
t=123.1 cht=60.1 exp_cht=61.741673022765525 dev=-0.5416730227655222 => EXCESSIVE_VIBRATION
t=124.2 cht=57.800000000000004 exp_cht=32.60767876416161 dev=27.09232123583839 => MISFIRE
t=125.3 cht=59.300000000000004 exp_cht=32.702789946234674 dev=26.797210053765326 => MISFIRE
t=0.0 cht=50.2 exp_cht=28.57877688242163 dev=22.621223117578374 => NORMAL
t=0.0 cht=49.0 exp_cht=28.57877688242163 dev=22.021223117578373 => NORMAL
t=120.1 cht=59.400000000000006 exp_cht=63.43691428571428 dev=-3.136914285714276 => NORMAL
t=121.2 cht=58.300000000000004 exp_cht=63.4887476190476 dev=-2.488747619047601 => NORMAL
t=122.3 cht=59.6 exp_cht=62.837003597535514 dev=-2.137003597535511 => NORMAL
t=123.4 cht=59.300000000000004 exp_cht=63.32998095238093 dev=-4.0299809523809245 => NORMAL
t=124.5 cht=59.7 exp_cht=63.389404761904764 dev=-3.689404761904761 => NORMAL
t=0.0 cht=48.6 exp_cht=28.578776882421625 dev=22.82122311757838 => NORMAL
t=120.1 cht=59.1 exp_cht=63.448067585630746 dev=-3.4480675856307457 => NORMAL
t=121.2 cht=59.800000000000004 exp_cht=63.53520476190475 dev=-3.035204761904751 => NORMAL
t=122.3 cht=59.2 exp_cht=63.40316758563073 dev=-3.0031675856307274 => NORMAL
t=123.4 cht=59.900000000000006 exp_cht=63.39307142857142 dev=-2.6930714285714146 => NORMAL
t=124.5 cht=59.900000000000006 exp_cht=63.38940476190475 dev=-2.0894047619047456 => NORMAL
t=0.0 cht=49.6 exp_cht=28.57877688242162 dev=23.12122311757838 => NORMAL
t=120.1 cht=59.7 exp_cht=63.50920476190477 dev=-2.6092047619047634 => NORMAL
t=121.2 cht=59.800000000000004 exp_cht=63.474414285714275 dev=-3.574414285714269 => NORMAL
t=122.3 cht=59.6 exp_cht=63.365167585630736 dev=-3.065167585630732 => NORMAL
t=123.4 cht=60.400000000000006 exp_cht=63.32998095238093 dev=-2.629980952380926 => NORMAL
t=124.5 cht=58.900000000000006 exp_cht=63.32781428571427 dev=-4.027814285714264 => NORMAL
t=125.6 cht=59.900000000000006 exp_cht=63.39090476190476 dev=-3.2909047619047556 => NORMAL
t=126.7 cht=60.300000000000004 exp_cht=63.39417142857141 dev=-3.094171428571407 => NORMAL
t=127.8 cht=58.7 exp_cht=63.371904761904744 dev=-3.3719047619047444 => NORMAL
t=128.9 cht=59.800000000000004 exp_cht=63.33294761904761 dev=-3.232947619047607 => NORMAL
t=130.0 cht=60.1 exp_cht=63.38940476190475 dev=-2.7894047619047484 => NORMAL
t=0.0 cht=49.5 exp_cht=28.57877688242163 dev=22.621223117578374 => NORMAL
t=120.1 cht=59.2 exp_cht=63.261834252297405 dev=-2.861834252297399 => NORMAL
t=121.2 cht=59.2 exp_cht=63.53520476190475 dev=-2.4352047619047497 => NORMAL
t=122.3 cht=59.2 exp_cht=63.43001428571426 dev=-3.830014285714256 => NORMAL
t=123.4 cht=59.1 exp_cht=63.39307142857143 dev=-2.493071428571426 => NORMAL
t=124.5 cht=59.6 exp_cht=63.39090476190475 dev=-3.5909047619047456 => NORMAL
t=125.6 cht=60.1 exp_cht=63.402404761904755 dev=-3.0024047619047494 => NORMAL
t=126.7 cht=58.7 exp_cht=63.41640476190475 dev=-3.6164047619047466 => NORMAL
t=127.8 cht=59.5 exp_cht=63.37190476190476 dev=-3.171904761904756 => NORMAL
t=128.9 cht=59.300000000000004 exp_cht=63.371904761904744 dev=-3.07190476190474 => NORMAL
t=0.0 cht=50.0 exp_cht=28.57877688242163 dev=21.621223117578374 => NORMAL
t=120.1 cht=58.7 exp_cht=63.19183901420218 dev=-1.6918390142021806 => NORMAL
t=121.2 cht=59.0 exp_cht=63.485567585630726 dev=-3.1855675856307215 => NORMAL
t=122.3 cht=60.7 exp_cht=63.40780476190474 dev=-2.7078047619047396 => NORMAL
t=123.4 cht=58.400000000000006 exp_cht=63.14693901420216 dev=-2.646939014202161 => NORMAL
t=124.5 cht=60.900000000000006 exp_cht=63.354767585630746 dev=-2.4547675856307407 => NORMAL
t=125.6 cht=59.7 exp_cht=63.354767585630746 dev=-3.054767585630742 => NORMAL
t=126.7 cht=59.400000000000006 exp_cht=63.39090476190476 dev=-2.7909047619047556 => NORMAL
t=127.8 cht=60.400000000000006 exp_cht=63.394171428571426 dev=-2.5941714285714212 => NORMAL
t=128.9 cht=59.7 exp_cht=63.389404761904764 dev=-2.889404761904764 => NORMAL
t=130.0 cht=58.7 exp_cht=63.39090476190476 dev=-3.0909047619047527 => NORMAL
t=0.0 cht=49.6 exp_cht=28.57877688242162 dev=22.721223117578383 => NORMAL
t=120.1 cht=60.400000000000006 exp_cht=63.436914285714266 dev=-3.0369142857142606 => NORMAL
t=121.2 cht=58.5 exp_cht=63.48556758563074 dev=-2.8855675856307386 => NORMAL
t=122.3 cht=59.5 exp_cht=63.438304761904746 dev=-3.0383047619047403 => NORMAL
t=123.4 cht=61.1 exp_cht=63.39307142857142 dev=-2.293071428571416 => NORMAL
t=124.5 cht=60.7 exp_cht=63.38940476190475 dev=-2.689404761904747 => NORMAL
t=125.6 cht=61.0 exp_cht=63.37190476190475 dev=-2.3719047619047515 => NORMAL
t=126.7 cht=61.0 exp_cht=63.41640476190476 dev=-2.416404761904758 => NORMAL
t=127.8 cht=60.2 exp_cht=63.37190476190475 dev=-3.1719047619047487 => NORMAL
t=128.9 cht=59.0 exp_cht=63.37190476190475 dev=-2.471904761904746 => NORMAL
t=130.0 cht=59.0 exp_cht=63.37190476190475 dev=-3.77190476190475 => NORMAL
t=0.0 cht=49.5 exp_cht=28.578776882421636 dev=21.621223117578367 => NORMAL
t=120.1 cht=59.5 exp_cht=63.28400091896407 dev=-2.784000918964068 => NORMAL
t=121.2 cht=60.6 exp_cht=63.47211428571427 dev=-2.4721142857142695 => NORMAL
t=122.3 cht=60.1 exp_cht=63.43001428571428 dev=-3.3300142857142774 => NORMAL
t=123.4 cht=59.5 exp_cht=63.32998095238092 dev=-3.429980952380916 => NORMAL
t=124.5 cht=59.0 exp_cht=63.327814285714275 dev=-4.327814285714275 => NORMAL
t=125.6 cht=58.1 exp_cht=63.40240476190476 dev=-2.402404761904762 => NORMAL
t=126.7 cht=61.7 exp_cht=63.33294761904761 dev=-1.6329476190476058 => NORMAL
t=127.8 cht=60.1 exp_cht=63.40240476190476 dev=-3.3024047619047607 => NORMAL
t=128.9 cht=58.400000000000006 exp_cht=63.402404761904734 dev=-3.202404761904731 => NORMAL
t=130.0 cht=59.800000000000004 exp_cht=63.40240476190476 dev=-2.2024047619047593 => NORMAL
t=0.0 cht=51.7 exp_cht=28.57877688242163 dev=23.121223117578374 => NORMAL
t=120.1 cht=59.0 exp_cht=63.43691428571428 dev=-2.636914285714276 => NORMAL
t=121.2 cht=59.300000000000004 exp_cht=63.53520476190475 dev=-3.535204761904751 => NORMAL
t=122.3 cht=58.300000000000004 exp_cht=63.23910091896408 dev=-3.4391009189640727 => NORMAL
t=123.4 cht=58.900000000000006 exp_cht=63.39157142857142 dev=-4.491571428571412 => NORMAL
t=124.5 cht=60.2 exp_cht=63.39411428571427 dev=-3.1941142857142637 => NORMAL
t=125.6 cht=59.900000000000006 exp_cht=63.39417142857143 dev=-3.494171428571427 => NORMAL
t=126.7 cht=58.1 exp_cht=63.37190476190476 dev=-2.8719047619047586 => NORMAL
t=127.8 cht=60.0 exp_cht=63.37190476190475 dev=-2.6719047619047487 => NORMAL
t=128.9 cht=60.6 exp_cht=63.38940476190474 dev=-2.0894047619047385 => NORMAL
t=130.0 cht=57.900000000000006 exp_cht=63.38940476190475 dev=-3.7894047619047484 => NORMAL
t=0.0 cht=49.6 exp_cht=28.578776882421625 dev=22.021223117578376 => NORMAL
t=120.1 cht=60.2 exp_cht=63.43461428571427 dev=-2.7346142857142652 => NORMAL
t=121.2 cht=60.300000000000004 exp_cht=63.22933901420217 dev=-2.1293390142021664 => NORMAL
t=122.3 cht=59.5 exp_cht=63.40316758563075 dev=-3.2031675856307444 => NORMAL
t=123.4 cht=59.900000000000006 exp_cht=63.40457142857142 dev=-3.504571428571417 => NORMAL
t=124.5 cht=58.400000000000006 exp_cht=63.371904761904744 dev=-2.57190476190474 => NORMAL
t=125.6 cht=57.2 exp_cht=63.389404761904764 dev=-3.2894047619047626 => NORMAL
t=126.7 cht=61.7 exp_cht=63.39090476190474 dev=-1.69090476190474 => NORMAL
t=127.8 cht=60.2 exp_cht=63.38940476190475 dev=-3.189404761904747 => NORMAL
t=0.0 cht=50.2 exp_cht=28.578776882421636 dev=22.621223117578367 => NORMAL
t=0.0 cht=49.0 exp_cht=28.578776882421636 dev=22.021223117578366 => NORMAL
t=120.1 cht=59.400000000000006 exp_cht=63.43691428571427 dev=-3.136914285714269 => NORMAL
t=121.2 cht=58.300000000000004 exp_cht=63.4887476190476 dev=-2.488747619047601 => NORMAL
t=122.3 cht=59.6 exp_cht=62.83700359753549 dev=-2.1370035975354895 => NORMAL
t=123.4 cht=59.300000000000004 exp_cht=63.32998095238095 dev=-4.029980952380946 => NORMAL
t=124.5 cht=59.7 exp_cht=63.38940476190475 dev=-3.689404761904747 => NORMAL
t=125.6 cht=58.1 exp_cht=62.64040518483709 dev=-2.44040518483709 => NORMAL
t=126.7 cht=59.900000000000006 exp_cht=63.416404761904744 dev=-2.216404761904741 => NORMAL
t=127.8 cht=60.1 exp_cht=63.371904761904744 dev=-3.1719047619047416 => NORMAL
t=128.9 cht=58.7 exp_cht=63.37190476190475 dev=-2.5719047619047473 => NORMAL
t=130.0 cht=61.1 exp_cht=63.38940476190475 dev=-2.2894047619047484 => NORMAL
t=131.1 cht=59.400000000000006 exp_cht=63.371904761904744 dev=-2.8719047619047444 => NORMAL
t=132.2 cht=59.900000000000006 exp_cht=63.37190476190475 dev=-3.471904761904746 => NORMAL
t=133.3 cht=59.300000000000004 exp_cht=63.40240476190475 dev=-1.8024047619047465 => NORMAL
t=134.4 cht=58.2 exp_cht=63.37190476190475 dev=-3.27190476190475 => NORMAL
t=135.5 cht=60.800000000000004 exp_cht=63.39417142857142 dev=-2.594171428571414 => NORMAL
t=136.6 cht=58.900000000000006 exp_cht=63.37190476190475 dev=-3.77190476190475 => NORMAL
t=137.7 cht=59.400000000000006 exp_cht=63.38550476190475 dev=-3.085504761904744 => NORMAL
t=138.8 cht=60.1 exp_cht=63.384671428571416 dev=-3.184671428571413 => NORMAL
t=139.9 cht=58.800000000000004 exp_cht=63.316171428571415 dev=-2.8161714285714154 => NORMAL
t=141.0 cht=60.300000000000004 exp_cht=63.305671428571415 dev=-3.005671428571411 => NORMAL
t=142.1 cht=57.7 exp_cht=63.30567142857143 dev=-3.6056714285714264 => NORMAL
t=143.2 cht=60.7 exp_cht=63.31617142857141 dev=-2.6161714285714055 => NORMAL
t=144.3 cht=59.6 exp_cht=63.31617142857142 dev=-2.6161714285714197 => NORMAL
t=145.4 cht=58.1 exp_cht=63.31617142857144 dev=-2.8161714285714368 => NORMAL
t=146.5 cht=59.800000000000004 exp_cht=63.31617142857142 dev=-3.416171428571417 => NORMAL
t=147.6 cht=59.7 exp_cht=63.305671428571415 dev=-3.505671428571411 => NORMAL
t=148.7 cht=58.6 exp_cht=63.316171428571415 dev=-2.716171428571414 => NORMAL
t=149.8 cht=58.400000000000006 exp_cht=63.34740476190475 dev=-3.1474047619047454 => NORMAL
t=150.9 cht=59.400000000000006 exp_cht=63.287338095238084 dev=-3.287338095238084 => NORMAL
t=152.0 cht=59.2 exp_cht=63.09267619047618 dev=-1.9926761904761818 => NORMAL
t=153.1 cht=59.400000000000006 exp_cht=63.09267619047618 dev=-2.5926761904761833 => NORMAL
t=154.2 cht=59.400000000000006 exp_cht=62.724875238095265 dev=-3.0248752380952624 => NORMAL
t=155.3 cht=59.5 exp_cht=62.58974190476192 dev=-3.0897419047619223 => NORMAL
t=156.4 cht=56.900000000000006 exp_cht=61.96424441209181 dev=-2.064244412091803 => NORMAL
t=157.5 cht=59.400000000000006 exp_cht=62.19121107875848 dev=-1.691211078758478 => NORMAL
t=158.6 cht=59.2 exp_cht=61.77869100462103 dev=-2.278691004621031 => NORMAL
t=159.7 cht=58.1 exp_cht=62.042430126377525 dev=-1.6424301263775192 => NORMAL
t=0.0 cht=50.2 exp_cht=28.578776882421625 dev=22.621223117578378 => NORMAL
t=0.0 cht=49.0 exp_cht=28.578776882421625 dev=22.021223117578376 => NORMAL
t=120.1 cht=59.400000000000006 exp_cht=63.43691428571427 dev=-3.136914285714269 => NORMAL
t=121.2 cht=58.300000000000004 exp_cht=63.48874761904761 dev=-2.488747619047608 => NORMAL
t=122.3 cht=59.6 exp_cht=62.83700359753551 dev=-2.1370035975355037 => NORMAL
t=122.4 cht=60.7 exp_cht=62.97217142857142 dev=-2.2721714285714185 => MISFIRE
t=123.5 cht=60.5 exp_cht=29.531135875461175 dev=30.968864124538825 => MISFIRE
t=124.6 cht=58.300000000000004 exp_cht=32.702789946234674 dev=28.397210053765328 => MISFIRE
t=125.7 cht=59.2 exp_cht=32.702789946234674 dev=27.897210053765328 => MISFIRE
t=126.8 cht=59.800000000000004 exp_cht=32.702789946234674 dev=27.09721005376533 => MISFIRE
t=127.9 cht=59.300000000000004 exp_cht=32.70278994623467 dev=26.797210053765333 => MISFIRE
t=129.0 cht=60.1 exp_cht=32.67324449168922 dev=27.626755508310787 => MISFIRE
t=130.1 cht=59.0 exp_cht=32.640699037143754 dev=27.459300962856247 => MISFIRE
t=0.0 cht=49.400000000000006 exp_cht=28.57877688242163 dev=22.121223117578374 => NORMAL
t=120.1 cht=58.900000000000006 exp_cht=63.49770476190475 dev=-3.297704761904747 => NORMAL
t=121.2 cht=59.7 exp_cht=63.44756758563072 dev=-3.3475675856307205 => NORMAL
t=122.3 cht=58.800000000000004 exp_cht=63.36371428571428 dev=-2.6637142857142777 => NORMAL
t=122.4 cht=58.900000000000006 exp_cht=63.44640476190475 dev=-3.446404761904752 => INJECTOR_ABNORMALITY
t=123.5 cht=57.400000000000006 exp_cht=61.77064957255141 dev=-0.8706495725514074 => INJECTOR_ABNORMALITY
t=124.6 cht=59.900000000000006 exp_cht=61.715006356098854 dev=-1.8150063560988485 => INJECTOR_ABNORMALITY
t=125.7 cht=59.2 exp_cht=29.55150506819915 dev=30.648494931800855 => INJECTOR_ABNORMALITY
t=126.8 cht=59.0 exp_cht=29.53734437675594 dev=30.362655623244066 => INJECTOR_ABNORMALITY
t=127.9 cht=60.400000000000006 exp_cht=29.674900136406844 dev=30.72509986359316 => INJECTOR_ABNORMALITY
t=129.0 cht=59.300000000000004 exp_cht=29.67490013640684 dev=31.025099863593162 => INJECTOR_ABNORMALITY
t=0.0 cht=50.6 exp_cht=28.578776882421636 dev=22.021223117578366 => COOLING_DEGRADATION
t=120.1 cht=61.300000000000004 exp_cht=63.497704761904764 dev=-2.1977047619047596 => NORMAL
t=121.2 cht=58.7 exp_cht=63.47441428571427 dev=-2.774414285714265 => NORMAL
t=122.3 cht=59.300000000000004 exp_cht=63.40780476190476 dev=-1.8078047619047553 => NORMAL
t=122.4 cht=59.5 exp_cht=63.40780476190476 dev=-3.4078047619047567 => NORMAL
t=123.5 cht=60.400000000000006 exp_cht=63.37407142857141 dev=-1.5740714285714077 => COOLING_DEGRADATION
t=124.6 cht=62.900000000000006 exp_cht=63.389404761904764 dev=0.2105952380952374 => COOLING_DEGRADATION
t=125.7 cht=64.5 exp_cht=63.371904761904744 dev=1.1280952380952556 => COOLING_DEGRADATION
t=126.8 cht=66.8 exp_cht=63.37190476190475 dev=4.028095238095254 => COOLING_DEGRADATION
t=127.9 cht=67.10000000000001 exp_cht=63.39090476190476 dev=5.509095238095249 => COOLING_DEGRADATION
t=129.0 cht=70.4 exp_cht=63.40240476190476 dev=6.9975952380952435 => COOLING_DEGRADATION
t=130.1 cht=70.60000000000001 exp_cht=63.40240476190476 dev=9.29759523809524 => COOLING_DEGRADATION
t=0.0 cht=50.5 exp_cht=28.57877688242163 dev=21.92122311757837 => NORMAL
t=120.1 cht=60.2 exp_cht=63.28400091896407 dev=-3.0840009189640654 => NORMAL
t=121.2 cht=60.300000000000004 exp_cht=63.51620476190475 dev=-3.2162047619047485 => NORMAL
t=122.3 cht=57.800000000000004 exp_cht=63.42680476190476 dev=-4.5268047619047564 => NORMAL
t=122.5 cht=59.800000000000004 exp_cht=63.42680476190476 dev=-3.626804761904758 => OIL_PRESSURE_DEGRADATION
t=123.6 cht=58.5 exp_cht=63.39307142857141 dev=-3.4930714285714046 => OIL_PRESSURE_DEGRADATION
t=124.7 cht=59.5 exp_cht=63.39090476190476 dev=-3.890904761904757 => OIL_PRESSURE_DEGRADATION
t=125.8 cht=59.5 exp_cht=63.390904761904764 dev=-2.9909047619047584 => OIL_PRESSURE_DEGRADATION
t=126.9 cht=58.6 exp_cht=63.389404761904764 dev=-3.389404761904764 => OIL_PRESSURE_DEGRADATION
t=128.0 cht=58.7 exp_cht=63.39417142857142 dev=-2.3941714285714184 => OIL_PRESSURE_DEGRADATION
t=129.1 cht=60.1 exp_cht=63.37190476190475 dev=-3.1719047619047487 => OIL_PRESSURE_DEGRADATION
t=130.2 cht=60.900000000000006 exp_cht=63.389404761904764 dev=-2.4894047619047583 => OIL_PRESSURE_DEGRADATION
t=0.0 cht=48.800000000000004 exp_cht=28.57877688242163 dev=22.521223117578373 => NORMAL
t=120.1 cht=59.300000000000004 exp_cht=63.497704761904764 dev=-3.297704761904761 => NORMAL
t=121.2 cht=60.7 exp_cht=63.535204761904744 dev=-2.835204761904741 => NORMAL
t=122.3 cht=59.5 exp_cht=62.837003597535514 dev=-2.137003597535511 => NORMAL
t=122.4 cht=59.7 exp_cht=63.42680476190475 dev=30.773195238095255 => SENSOR_DRIFT
t=123.5 cht=60.5 exp_cht=63.20536758563073 dev=30.794632414369268 => SENSOR_DRIFT
t=124.6 cht=60.0 exp_cht=63.37190476190477 dev=31.228095238095236 => SENSOR_DRIFT
t=125.7 cht=59.400000000000006 exp_cht=63.327814285714275 dev=31.172185714285725 => SENSOR_DRIFT
t=126.8 cht=59.0 exp_cht=63.389404761904764 dev=31.31059523809524 => SENSOR_DRIFT
t=127.9 cht=60.5 exp_cht=63.39417142857142 dev=30.905828571428593 => SENSOR_DRIFT
t=129.0 cht=59.6 exp_cht=63.39417142857142 dev=30.60582857142858 => SENSOR_DRIFT
t=130.1 cht=60.0 exp_cht=63.32781428571427 dev=32.77218571428574 => SENSOR_DRIFT
t=0.0 cht=50.5 exp_cht=28.578776882421625 dev=22.72122311757838 => NORMAL
t=120.1 cht=60.5 exp_cht=63.191839014202166 dev=-2.6918390142021664 => NORMAL
t=121.2 cht=60.1 exp_cht=63.53841428571426 dev=-2.5384142857142606 => NORMAL
t=122.3 cht=59.900000000000006 exp_cht=63.42680476190476 dev=-3.126804761904758 => NORMAL
t=122.4 cht=58.5 exp_cht=63.42680476190476 dev=-2.7268047619047593 => COMBUSTION_INSTABILITY
t=123.5 cht=59.400000000000006 exp_cht=63.41267142857142 dev=-2.512671428571416 => COMBUSTION_INSTABILITY
t=124.6 cht=58.800000000000004 exp_cht=62.14107142857142 dev=-2.2410714285714164 => COMBUSTION_INSTABILITY
t=125.7 cht=59.0 exp_cht=62.60567142857141 dev=-3.305671428571408 => COMBUSTION_INSTABILITY
t=126.8 cht=59.300000000000004 exp_cht=62.650871428571406 dev=-3.1508714285714063 => COMBUSTION_INSTABILITY
t=127.9 cht=59.900000000000006 exp_cht=62.6508714285714 dev=-2.4508714285713964 => COMBUSTION_INSTABILITY
t=129.0 cht=59.800000000000004 exp_cht=62.6056714285714 dev=-2.8056714285713937 => COMBUSTION_INSTABILITY
t=130.1 cht=58.300000000000004 exp_cht=62.60567142857141 dev=-2.305671428571408 => COMBUSTION_INSTABILITY
t=0.0 cht=49.5 exp_cht=28.57877688242163 dev=21.021223117578373 => NORMAL
t=120.1 cht=60.800000000000004 exp_cht=62.64811351817042 dev=-1.7481135181704133 => NORMAL
t=121.2 cht=61.1 exp_cht=63.51620476190475 dev=-2.4162047619047513 => NORMAL
t=122.3 cht=59.800000000000004 exp_cht=63.380347619047605 dev=-2.680347619047602 => NORMAL
t=122.4 cht=60.0 exp_cht=63.380347619047605 dev=-3.180347619047602 => EXCESSIVE_VIBRATION
t=123.5 cht=60.2 exp_cht=63.39307142857143 dev=-3.193071428571429 => EXCESSIVE_VIBRATION
t=124.6 cht=61.6 exp_cht=63.371904761904744 dev=-1.771904761904743 => EXCESSIVE_VIBRATION
t=125.7 cht=61.5 exp_cht=63.39090476190476 dev=-1.890904761904757 => EXCESSIVE_VIBRATION
t=126.8 cht=59.800000000000004 exp_cht=63.39411428571426 dev=-3.594114285714255 => EXCESSIVE_VIBRATION
t=127.9 cht=58.5 exp_cht=63.392767585630736 dev=-3.2927675856307346 => EXCESSIVE_VIBRATION
t=0.0 cht=50.2 exp_cht=28.578776882421625 dev=22.621223117578378 => NORMAL
t=120.1 cht=59.400000000000006 exp_cht=63.50091428571427 dev=-2.8009142857142706 => NORMAL
t=121.2 cht=61.0 exp_cht=63.29933425229742 dev=-2.2993342522974203 => NORMAL
t=122.3 cht=59.400000000000006 exp_cht=63.403167585630726 dev=-3.5031675856307203 => NORMAL
t=123.4 cht=59.7 exp_cht=63.329980952380936 dev=-3.629980952380933 => NORMAL
t=124.5 cht=58.2 exp_cht=63.39090476190474 dev=-3.2909047619047413 => NORMAL
t=125.6 cht=58.7 exp_cht=63.371904761904744 dev=-2.8719047619047444 => NORMAL
t=126.7 cht=59.6 exp_cht=63.390904761904764 dev=-3.7909047619047627 => NORMAL
t=127.8 cht=60.5 exp_cht=63.371904761904744 dev=-2.8719047619047444 => NORMAL
t=128.9 cht=60.5 exp_cht=63.37190476190476 dev=-2.471904761904753 => NORMAL
t=130.0 cht=59.800000000000004 exp_cht=63.394171428571426 dev=-1.8941714285714255 => NORMAL
t=131.1 cht=58.800000000000004 exp_cht=63.402404761904755 dev=-2.602404761904751 => NORMAL
t=132.2 cht=60.1 exp_cht=63.41640476190477 dev=-2.416404761904772 => NORMAL
t=133.3 cht=59.800000000000004 exp_cht=63.402404761904755 dev=-3.5024047619047494 => NORMAL
t=134.4 cht=59.300000000000004 exp_cht=63.40240476190476 dev=-3.602404761904758 => NORMAL
t=135.5 cht=59.400000000000006 exp_cht=63.41640476190473 dev=-3.016404761904724 => NORMAL
t=136.6 cht=59.7 exp_cht=63.402404761904755 dev=-3.5024047619047494 => NORMAL
t=137.7 cht=59.7 exp_cht=63.38550476190474 dev=-2.6855047619047383 => NORMAL
t=138.8 cht=58.800000000000004 exp_cht=63.39517142857141 dev=-2.7951714285714075 => NORMAL
t=139.9 cht=59.6 exp_cht=63.30567142857142 dev=-1.9056714285714165 => NORMAL
t=141.0 cht=59.1 exp_cht=63.316171428571415 dev=-3.3161714285714154 => NORMAL
t=142.1 cht=59.400000000000006 exp_cht=63.31617142857142 dev=-3.716171428571421 => NORMAL
t=143.2 cht=60.6 exp_cht=63.31617142857142 dev=-2.716171428571421 => NORMAL
t=144.3 cht=60.400000000000006 exp_cht=63.316171428571415 dev=-2.9161714285714098 => NORMAL
t=145.4 cht=60.0 exp_cht=63.31617142857142 dev=-2.6161714285714197 => NORMAL
t=146.5 cht=59.6 exp_cht=63.30567142857142 dev=-3.4056714285714165 => NORMAL
t=147.6 cht=58.400000000000006 exp_cht=63.31617142857142 dev=-3.1161714285714197 => NORMAL
t=148.7 cht=60.2 exp_cht=63.305671428571415 dev=-3.105671428571412 => NORMAL
t=149.8 cht=60.300000000000004 exp_cht=63.2873380952381 dev=-2.0873380952380955 => NORMAL
t=150.9 cht=59.1 exp_cht=63.28733809523809 dev=-3.18733809523809 => NORMAL
t=152.0 cht=59.300000000000004 exp_cht=63.07127619047618 dev=-2.8712761904761805 => NORMAL
t=153.1 cht=58.5 exp_cht=63.07127619047619 dev=-4.371276190476188 => NORMAL
t=154.2 cht=59.400000000000006 exp_cht=62.76287523809523 dev=-3.362875238095228 => NORMAL
t=155.3 cht=59.400000000000006 exp_cht=62.60590857142859 dev=-2.8059085714285885 => NORMAL
t=156.4 cht=58.2 exp_cht=62.238363459710875 dev=-2.438363459710871 => NORMAL
t=157.5 cht=59.400000000000006 exp_cht=62.23286345971086 dev=-1.932863459710859 => NORMAL
t=158.6 cht=59.2 exp_cht=61.82293012637751 dev=-2.2229301263775056 => NORMAL
t=159.7 cht=58.400000000000006 exp_cht=61.967196793044174 dev=-2.3671967930441724 => NORMAL
t=160.8 cht=58.900000000000006 exp_cht=61.62538624271627 dev=-0.5253862427162659 => NORMAL
t=161.9 cht=58.300000000000004 exp_cht=61.592329099859114 dev=-1.4923290998591128 => NORMAL
t=163.0 cht=58.7 exp_cht=61.59966243319245 dev=-1.499662433192448 => NORMAL
t=164.1 cht=58.400000000000006 exp_cht=62.03281924202377 dev=-1.4328192420237684 => NORMAL
t=165.2 cht=58.300000000000004 exp_cht=61.960819242023774 dev=-1.7608192420237714 => NORMAL
t=166.3 cht=59.6 exp_cht=61.61106107264823 dev=-2.011061072648232 => NORMAL
t=167.4 cht=58.400000000000006 exp_cht=61.56618012026728 dev=-1.5661801202672834 => NORMAL
t=168.5 cht=60.300000000000004 exp_cht=61.40377059645776 dev=-1.1037705964577569 => NORMAL
t=169.6 cht=58.0 exp_cht=61.27892297741012 dev=-2.1789229774101173 => NORMAL
t=170.7 cht=58.2 exp_cht=61.28942297741012 dev=-3.0894229774101163 => NORMAL
t=171.8 cht=59.5 exp_cht=61.33485631074347 dev=-1.8348563107434686 => NORMAL
t=172.9 cht=58.900000000000006 exp_cht=61.258689644076796 dev=-2.35868964407679 => NORMAL
t=174.0 cht=58.1 exp_cht=61.233689644076804 dev=-1.9336896440768 => NORMAL
t=175.1 cht=60.2 exp_cht=61.247189644076805 dev=-1.047189644076802 => NORMAL
t=176.2 cht=58.800000000000004 exp_cht=61.233689644076804 dev=-2.2336896440768044 => NORMAL
t=177.3 cht=59.2 exp_cht=61.196189644076796 dev=-1.496189644076793 => NORMAL
t=178.4 cht=58.2 exp_cht=61.1530896440768 dev=-1.7530896440767947 => NORMAL
t=179.5 cht=60.1 exp_cht=60.77903920784914 dev=-0.6790392078491365 => NORMAL
t=180.6 cht=59.7 exp_cht=60.778039207849154 dev=-1.0780392078491516 => NORMAL
t=181.7 cht=58.300000000000004 exp_cht=60.467633802443736 dev=-1.1676338024437314 => NORMAL
t=182.8 cht=59.0 exp_cht=59.87380119061113 dev=0.0261988093888732 => NORMAL
t=183.9 cht=58.400000000000006 exp_cht=59.25563988188994 dev=-0.255639881889941 => NORMAL
t=185.0 cht=58.0 exp_cht=59.389296150365 dev=0.21070384963500288 => NORMAL
t=186.1 cht=59.5 exp_cht=59.38929615036499 dev=0.11070384963500857 => NORMAL
t=187.2 cht=59.1 exp_cht=59.389296150365006 dev=-0.2892961503650042 => NORMAL
t=188.3 cht=57.6 exp_cht=59.246800375717115 dev=0.35319962428288676 => NORMAL
t=189.4 cht=59.400000000000006 exp_cht=59.413796150364995 dev=-0.013796150364989046 => NORMAL
t=190.5 cht=59.7 exp_cht=59.18296154787828 dev=0.5170384521217244 => NORMAL
t=0.0 cht=49.0 exp_cht=28.840866434660434 dev=21.45913356533957 => NORMAL
t=120.1 cht=58.5 exp_cht=62.57101828007518 dev=-1.971018280075178 => NORMAL
t=121.2 cht=59.1 exp_cht=63.47441428571425 dev=-2.7744142857142506 => NORMAL
t=122.3 cht=58.900000000000006 exp_cht=63.42680476190477 dev=-3.826804761904768 => NORMAL
t=123.4 cht=60.300000000000004 exp_cht=63.40457142857142 dev=-3.1045714285714183 => NORMAL
t=124.5 cht=60.1 exp_cht=63.39090476190476 dev=-3.2909047619047556 => NORMAL
t=125.6 cht=60.0 exp_cht=63.330114285714274 dev=-3.230114285714272 => NORMAL
t=126.7 cht=58.400000000000006 exp_cht=63.394171428571426 dev=-3.294171428571424 => NORMAL
t=127.8 cht=58.800000000000004 exp_cht=63.39417142857142 dev=-3.594171428571414 => NORMAL
t=128.9 cht=57.2 exp_cht=63.39090476190476 dev=-3.4909047619047513 => NORMAL
t=130.0 cht=59.7 exp_cht=63.394171428571426 dev=-2.3941714285714255 => NORMAL
t=131.1 cht=59.7 exp_cht=63.39417142857143 dev=-3.6941714285714298 => NORMAL
t=132.2 cht=59.7 exp_cht=63.402404761904734 dev=-2.9024047619047337 => NORMAL
t=133.3 cht=59.1 exp_cht=63.38940476190475 dev=-3.489404761904744 => NORMAL
t=134.4 cht=58.900000000000006 exp_cht=63.394171428571426 dev=-2.49417142857142 => NORMAL
t=135.5 cht=59.7 exp_cht=63.37190476190475 dev=-2.6719047619047487 => NORMAL
t=136.6 cht=61.1 exp_cht=63.40467142857142 dev=-2.3046714285714174 => NORMAL
t=137.7 cht=58.900000000000006 exp_cht=63.38550476190475 dev=-2.585504761904744 => NORMAL
t=138.8 cht=58.900000000000006 exp_cht=63.384671428571416 dev=-3.48467142857141 => NORMAL
t=139.9 cht=59.400000000000006 exp_cht=63.316171428571415 dev=-2.8161714285714154 => NORMAL
t=141.0 cht=59.7 exp_cht=63.31617142857142 dev=-3.5161714285714183 => NORMAL
t=142.1 cht=58.300000000000004 exp_cht=63.31617142857141 dev=-4.016171428571404 => NORMAL
t=143.2 cht=60.900000000000006 exp_cht=63.30567142857142 dev=-2.4056714285714165 => NORMAL
t=144.3 cht=59.300000000000004 exp_cht=63.316171428571415 dev=-2.6161714285714126 => NORMAL
t=145.4 cht=59.800000000000004 exp_cht=63.31617142857144 dev=-3.5161714285714325 => NORMAL
t=146.5 cht=58.5 exp_cht=63.30567142857142 dev=-2.2056714285714207 => NORMAL
t=147.6 cht=60.1 exp_cht=63.31617142857142 dev=-2.8161714285714226 => NORMAL
t=148.7 cht=59.6 exp_cht=63.31617142857142 dev=-3.716171428571421 => NORMAL
t=149.8 cht=60.1 exp_cht=63.28733809523809 dev=-3.18733809523809 => NORMAL
t=150.9 cht=59.300000000000004 exp_cht=63.2873380952381 dev=-3.5873380952380955 => NORMAL
t=152.0 cht=59.0 exp_cht=63.07127619047619 dev=-3.7712761904761862 => NORMAL
t=153.1 cht=58.300000000000004 exp_cht=63.08354285714284 dev=-2.9835428571428366 => NORMAL
t=154.2 cht=60.0 exp_cht=62.72487523809526 dev=-2.424875238095254 => NORMAL
t=155.3 cht=58.900000000000006 exp_cht=62.60590857142858 dev=-3.205908571428573 => NORMAL
t=156.4 cht=58.300000000000004 exp_cht=62.287896793044204 dev=-3.0878967930442016 => NORMAL
t=157.5 cht=58.2 exp_cht=62.24199679304421 dev=-2.7419967930442084 => NORMAL
t=158.6 cht=59.7 exp_cht=62.166582507329906 dev=-2.4665825073299033 => NORMAL
t=159.7 cht=60.5 exp_cht=62.042430126377525 dev=-1.5424301263775249 => NORMAL
t=160.8 cht=59.0 exp_cht=61.644386242716266 dev=-2.5443862427162642 => NORMAL
t=161.9 cht=58.7 exp_cht=61.58111481414483 dev=-1.88111481414483 => NORMAL
t=163.0 cht=59.5 exp_cht=61.87790155494893 dev=-2.077901554948923 => NORMAL
t=164.1 cht=59.300000000000004 exp_cht=61.5997277393149 dev=-2.2997277393148963 => NORMAL
t=165.2 cht=59.800000000000004 exp_cht=61.58384678693396 dev=-1.7838467869339567 => NORMAL
t=166.3 cht=59.800000000000004 exp_cht=61.59206107264824 dev=-1.4920610726482408 => NORMAL
t=167.4 cht=58.6 exp_cht=61.55839440598158 dev=-1.158394405981575 => NORMAL
t=168.5 cht=59.1 exp_cht=61.37608488217204 dev=-1.3760848821720373 => NORMAL
t=169.6 cht=59.400000000000006 exp_cht=61.2512372631244 dev=-1.1512372631244006 => NORMAL
t=170.7 cht=58.900000000000006 exp_cht=61.302922977410134 dev=-1.3029229774101339 => NORMAL
t=171.8 cht=58.7 exp_cht=61.31002297741013 dev=-2.110022977410125 => NORMAL
t=172.9 cht=58.0 exp_cht=61.272689644076806 dev=-1.072689644076803 => NORMAL
t=174.0 cht=58.5 exp_cht=61.233689644076804 dev=-2.3336896440767987 => NORMAL
t=175.1 cht=59.1 exp_cht=61.23368964407681 dev=-1.3336896440768058 => NORMAL
t=176.2 cht=59.5 exp_cht=61.233689644076804 dev=-1.7336896440768044 => NORMAL
t=177.3 cht=58.800000000000004 exp_cht=61.23468964407681 dev=-1.1346896440768077 => NORMAL
t=178.4 cht=59.1 exp_cht=61.1660896440768 dev=-2.066089644076797 => NORMAL
t=179.5 cht=58.0 exp_cht=60.76503920784914 dev=-0.4650392078491379 => NORMAL
t=180.6 cht=59.7 exp_cht=60.77803920784913 dev=-1.0780392078491303 => NORMAL
t=181.7 cht=57.400000000000006 exp_cht=60.62103920784914 dev=-2.3210392078491324 => NORMAL
t=182.8 cht=58.400000000000006 exp_cht=60.02620659601653 dev=-1.626206596016523 => NORMAL
t=183.9 cht=57.5 exp_cht=59.422635656537835 dev=-0.5226356565378296 => NORMAL
t=185.0 cht=58.800000000000004 exp_cht=59.41379615036499 dev=0.08620384963501238 => NORMAL
t=186.1 cht=57.900000000000006 exp_cht=59.567201555770396 dev=-0.9672015557703944 => NORMAL
t=187.2 cht=58.2 exp_cht=59.566201555770405 dev=-0.36620155577040236 => NORMAL
t=188.3 cht=58.7 exp_cht=59.41379615036501 dev=-0.3137961503650075 => NORMAL
t=189.4 cht=58.5 exp_cht=59.24680037571709 dev=-0.24680037571709335 => NORMAL
t=190.5 cht=57.0 exp_cht=59.32545732252616 dev=-1.025457322526158 => NORMAL
t=191.6 cht=58.400000000000006 exp_cht=59.182961547878286 dev=0.1170384521217187 => NORMAL
t=192.7 cht=57.900000000000006 exp_cht=59.18296154787829 dev=-0.282961547878287 => NORMAL
t=193.8 cht=58.300000000000004 exp_cht=58.8217710716878 dev=0.4782289283122054 => NORMAL
t=194.9 cht=58.800000000000004 exp_cht=58.76212272003946 dev=0.4378772799605457 => NORMAL
t=196.0 cht=58.900000000000006 exp_cht=60.4788119047619 dev=-1.578811904761892 => NORMAL
t=197.1 cht=58.900000000000006 exp_cht=58.48803678304505 dev=0.41196321695495897 => NORMAL
t=198.2 cht=57.7 exp_cht=58.09803869493121 dev=-0.09803869493121198 => NORMAL
t=199.3 cht=57.6 exp_cht=49.933428571428585 dev=7.666571428571416 => SENSOR_DRIFT
t=200.4 cht=56.1 exp_cht=49.63484761904763 dev=7.465152380952368 => SENSOR_DRIFT
t=201.5 cht=56.2 exp_cht=47.59613932429874 dev=10.003860675701262 => SENSOR_DRIFT
t=202.6 cht=56.5 exp_cht=45.8672694668347 dev=10.6327305331653 => SENSOR_DRIFT
t=203.7 cht=56.300000000000004 exp_cht=44.30554690557924 dev=12.79445309442076 => SENSOR_DRIFT
t=204.8 cht=55.5 exp_cht=44.35166594344507 dev=12.248334056554931 => SENSOR_DRIFT
t=205.9 cht=56.900000000000006 exp_cht=44.144467424937865 dev=12.75553257506214 => SENSOR_DRIFT
t=207.0 cht=56.1 exp_cht=44.10235643984453 dev=11.997643560155474 => SENSOR_DRIFT
t=208.1 cht=55.7 exp_cht=43.835721577931515 dev=12.764278422068486 => SENSOR_DRIFT
t=209.2 cht=55.7 exp_cht=43.9623210517814 dev=11.937678948218604 => SENSOR_DRIFT
t=210.3 cht=54.7 exp_cht=43.988499251575874 dev=10.911500748424132 => SENSOR_DRIFT
t=211.4 cht=53.6 exp_cht=43.89196883888787 dev=11.008031161112136 => SENSOR_DRIFT
t=212.5 cht=53.900000000000006 exp_cht=43.769519933476815 dev=11.63048006652319 => SENSOR_DRIFT
t=213.6 cht=53.800000000000004 exp_cht=43.80730731823601 dev=11.89269268176399 => SENSOR_DRIFT
t=214.7 cht=53.5 exp_cht=43.8265605377978 dev=9.973439462202201 => SENSOR_DRIFT
t=215.8 cht=53.1 exp_cht=43.813235912558376 dev=11.58676408744163 => SENSOR_DRIFT
t=216.9 cht=53.5 exp_cht=43.88892182233225 dev=10.61107817766775 => SENSOR_DRIFT
t=218.0 cht=53.5 exp_cht=43.834323162579075 dev=10.665676837420925 => SENSOR_DRIFT
t=219.1 cht=55.1 exp_cht=43.82685393615334 dev=11.27314606384666 => SENSOR_DRIFT
t=220.2 cht=53.2 exp_cht=43.824450272479545 dev=9.57554972752046 => SENSOR_DRIFT
t=221.3 cht=53.900000000000006 exp_cht=43.82685393615334 dev=10.373146063846661 => SENSOR_DRIFT
t=222.4 cht=53.900000000000006 exp_cht=43.862313724547676 dev=10.337686275452327 => SENSOR_DRIFT
t=223.5 cht=54.800000000000004 exp_cht=43.82685393615333 dev=10.973146063846677 => SENSOR_DRIFT
t=224.6 cht=52.900000000000006 exp_cht=43.84462941082218 dev=10.555370589177826 => SENSOR_DRIFT
t=225.7 cht=53.300000000000004 exp_cht=43.874006136057744 dev=10.025993863942261 => SENSOR_DRIFT
t=226.8 cht=53.6 exp_cht=43.874006136057744 dev=9.725993863942257 => SENSOR_DRIFT
t=227.9 cht=52.1 exp_cht=43.82685393615334 dev=9.77314606384666 => SENSOR_DRIFT
t=229.0 cht=52.7 exp_cht=43.83432316257908 dev=10.165676837420918 => SENSOR_DRIFT
t=230.1 cht=53.1 exp_cht=43.87400613605773 dev=10.325993863942273 => SENSOR_DRIFT
t=231.2 cht=52.900000000000006 exp_cht=43.82405602146644 dev=9.475943978533564 => SENSOR_DRIFT
t=232.3 cht=53.5 exp_cht=43.87400613605773 dev=9.62599386394227 => SENSOR_DRIFT
t=233.4 cht=52.900000000000006 exp_cht=43.862313724547676 dev=9.03768627545233 => SENSOR_DRIFT
t=234.5 cht=52.400000000000006 exp_cht=43.798320226283856 dev=9.501679773716148 => SENSOR_DRIFT
t=235.6 cht=53.5 exp_cht=43.798320226283856 dev=9.701679773716144 => SENSOR_DRIFT
t=236.7 cht=53.6 exp_cht=43.87400613605773 dev=9.725993863942271 => SENSOR_DRIFT
t=237.8 cht=51.6 exp_cht=43.8446294108222 dev=9.455370589177804 => SENSOR_DRIFT
t=238.9 cht=50.300000000000004 exp_cht=43.834323162579096 dev=9.56567683742091 => SENSOR_DRIFT
t=240.0 cht=51.400000000000006 exp_cht=43.87400613605773 dev=9.025993863942276 => SENSOR_DRIFT
t=241.1 cht=51.5 exp_cht=43.84462941082219 dev=9.255370589177808 => SENSOR_DRIFT
t=242.2 cht=52.7 exp_cht=43.866620124030554 dev=8.833379875969449 => SENSOR_DRIFT
t=243.3 cht=50.7 exp_cht=43.84462941082219 dev=8.755370589177808 => SENSOR_DRIFT
t=244.4 cht=52.900000000000006 exp_cht=43.84462941082218 dev=9.055370589177826 => SENSOR_DRIFT
t=245.5 cht=52.800000000000004 exp_cht=43.84462941082218 dev=9.555370589177826 => SENSOR_DRIFT
t=246.6 cht=52.5 exp_cht=43.84462941082218 dev=8.65537058917782 => SENSOR_DRIFT
t=247.7 cht=53.7 exp_cht=43.82405602146644 dev=9.875943978533563 => SENSOR_DRIFT
t=248.8 cht=50.900000000000006 exp_cht=43.82405602146644 dev=8.275943978533562 => SENSOR_DRIFT
t=249.9 cht=51.6 exp_cht=43.84462941082219 dev=9.95537058917781 => SENSOR_DRIFT
t=251.0 cht=51.5 exp_cht=43.893543528354286 dev=8.706456471645716 => SENSOR_DRIFT
t=252.1 cht=51.900000000000006 exp_cht=43.87400613605775 dev=8.625993863942249 => SENSOR_DRIFT
t=253.2 cht=52.0 exp_cht=43.87400613605773 dev=9.025993863942276 => SENSOR_DRIFT
t=254.3 cht=52.1 exp_cht=43.824450272479545 dev=8.275549727520456 => SENSOR_DRIFT
t=255.4 cht=53.2 exp_cht=43.84462941082219 dev=9.35537058917781 => SENSOR_DRIFT
t=256.4 cht=51.5 exp_cht=43.87400613605773 dev=9.025993863942276 => SENSOR_DRIFT
t=257.4 cht=53.1 exp_cht=43.82405602146644 dev=9.275943978533562 => SENSOR_DRIFT
t=258.4 cht=52.400000000000006 exp_cht=43.83375090585031 dev=8.766249094149693 => SENSOR_DRIFT
t=259.4 cht=51.7 exp_cht=43.87400613605773 dev=9.225993863942271 => SENSOR_DRIFT
t=260.4 cht=50.6 exp_cht=43.87400613605773 dev=8.925993863942274 => SENSOR_DRIFT
t=261.4 cht=52.2 exp_cht=43.82445027247955 dev=9.175549727520448 => SENSOR_DRIFT
t=262.4 cht=51.5 exp_cht=43.84462941082218 dev=8.755370589177822 => SENSOR_DRIFT
t=263.4 cht=51.300000000000004 exp_cht=43.84462941082219 dev=8.255370589177808 => SENSOR_DRIFT
t=264.4 cht=51.5 exp_cht=43.84462941082219 dev=9.055370589177812 => SENSOR_DRIFT
t=265.4 cht=53.0 exp_cht=43.84462941082218 dev=9.15537058917782 => SENSOR_DRIFT
t=266.4 cht=52.1 exp_cht=43.874006136057744 dev=8.825993863942259 => SENSOR_DRIFT
t=267.4 cht=51.7 exp_cht=43.84462941082218 dev=8.955370589177825 => SENSOR_DRIFT
t=268.4 cht=51.300000000000004 exp_cht=43.84462941082219 dev=8.45537058917781 => SENSOR_DRIFT
t=269.4 cht=51.7 exp_cht=43.84462941082217 dev=9.35537058917783 => SENSOR_DRIFT
t=270.4 cht=52.300000000000004 exp_cht=43.84462941082219 dev=8.45537058917781 => SENSOR_DRIFT
t=271.4 cht=51.0 exp_cht=43.84462941082218 dev=8.15537058917782 => SENSOR_DRIFT
t=272.4 cht=51.7 exp_cht=43.84462941082218 dev=7.955370589177825 => SENSOR_DRIFT
t=273.4 cht=52.5 exp_cht=43.84462941082218 dev=9.755370589177822 => SENSOR_DRIFT
t=274.4 cht=51.6 exp_cht=43.84462941082219 dev=8.255370589177808 => SENSOR_DRIFT
t=275.4 cht=51.900000000000006 exp_cht=43.835205987398766 dev=8.06479401260124 => SENSOR_DRIFT
t=276.4 cht=50.900000000000006 exp_cht=43.8645827126343 dev=7.635417287365698 => SENSOR_DRIFT
t=277.4 cht=52.1 exp_cht=43.8645827126343 dev=8.7354172873657 => SENSOR_DRIFT
t=278.4 cht=51.5 exp_cht=43.83520598739876 dev=8.164794012601241 => SENSOR_DRIFT
t=279.4 cht=51.6 exp_cht=43.835205987398766 dev=9.264794012601236 => SENSOR_DRIFT
t=280.4 cht=51.6 exp_cht=43.835205987398766 dev=8.864794012601237 => SENSOR_DRIFT
t=281.4 cht=51.400000000000006 exp_cht=43.83520598739876 dev=9.664794012601241 => SENSOR_DRIFT
t=282.4 cht=51.6 exp_cht=43.84058979365329 dev=7.859410206346716 => SENSOR_DRIFT
t=283.4 cht=52.7 exp_cht=43.84058979365329 dev=9.259410206346715 => SENSOR_DRIFT
t=284.4 cht=52.800000000000004 exp_cht=43.82934826822956 dev=8.970651731770445 => SENSOR_DRIFT
t=285.4 cht=51.5 exp_cht=43.829348268229566 dev=7.970651731770438 => SENSOR_DRIFT
t=286.4 cht=52.900000000000006 exp_cht=43.84203247875588 dev=9.057967521244123 => SENSOR_DRIFT
t=287.4 cht=51.5 exp_cht=43.82145908940014 dev=9.278540910599858 => SENSOR_DRIFT
t=288.4 cht=52.300000000000004 exp_cht=43.84203247875588 dev=8.657967521244117 => SENSOR_DRIFT
t=289.4 cht=52.0 exp_cht=43.842032478755876 dev=9.257967521244126 => SENSOR_DRIFT
t=290.4 cht=51.6 exp_cht=43.842032478755876 dev=8.957967521244129 => SENSOR_DRIFT
t=291.4 cht=52.2 exp_cht=43.84203247875588 dev=8.457967521244122 => SENSOR_DRIFT
t=292.4 cht=52.400000000000006 exp_cht=43.877574836745765 dev=8.52242516325424 => SENSOR_DRIFT
t=293.4 cht=52.2 exp_cht=43.84819811151022 dev=8.951801888489783 => SENSOR_DRIFT
t=294.4 cht=51.5 exp_cht=43.84819811151022 dev=9.551801888489784 => SENSOR_DRIFT
t=295.4 cht=52.300000000000004 exp_cht=43.84819811151022 dev=8.451801888489783 => SENSOR_DRIFT
t=296.4 cht=52.7 exp_cht=43.851632833732445 dev=9.54836716626756 => SENSOR_DRIFT
t=297.4 cht=52.300000000000004 exp_cht=43.826681853340276 dev=8.473318146659729 => SENSOR_DRIFT
t=298.4 cht=52.300000000000004 exp_cht=43.88065533733179 dev=10.419344662668216 => SENSOR_DRIFT
t=299.4 cht=51.7 exp_cht=43.96071061524169 dev=9.339289384758317 => SENSOR_DRIFT
t=300.4 cht=52.6 exp_cht=43.96071061524169 dev=8.839289384758317 => SENSOR_DRIFT
t=301.4 cht=50.6 exp_cht=43.96071061524169 dev=9.239289384758315 => SENSOR_DRIFT
t=302.4 cht=51.5 exp_cht=43.96071061524168 dev=8.839289384758324 => SENSOR_DRIFT
t=303.4 cht=52.0 exp_cht=43.960710615241695 dev=8.039289384758305 => SENSOR_DRIFT
t=304.4 cht=52.0 exp_cht=43.96071061524168 dev=8.139289384758321 => SENSOR_DRIFT
t=305.4 cht=52.2 exp_cht=43.96071061524168 dev=8.339289384758324 => SENSOR_DRIFT
t=306.4 cht=50.2 exp_cht=43.96071061524169 dev=7.739289384758315 => SENSOR_DRIFT
t=307.4 cht=51.5 exp_cht=43.96071061524168 dev=7.839289384758324 => SENSOR_DRIFT
t=308.4 cht=52.300000000000004 exp_cht=43.96071061524169 dev=8.339289384758317 => SENSOR_DRIFT
t=309.4 cht=51.5 exp_cht=43.96071061524169 dev=7.5392893847583125 => SENSOR_DRIFT
t=310.4 cht=51.5 exp_cht=43.97583564174138 dev=7.824164358258628 => SENSOR_DRIFT
t=311.4 cht=52.5 exp_cht=43.97583564174138 dev=8.92416435825863 => SENSOR_DRIFT
t=312.4 cht=51.400000000000006 exp_cht=43.97583564174138 dev=9.224164358258626 => SENSOR_DRIFT
t=313.4 cht=52.1 exp_cht=43.97583564174137 dev=9.02416435825863 => SENSOR_DRIFT
t=314.4 cht=52.7 exp_cht=43.97583564174138 dev=8.724164358258626 => SENSOR_DRIFT
t=315.4 cht=52.6 exp_cht=43.97583564174138 dev=8.824164358258628 => SENSOR_DRIFT
t=316.4 cht=52.7 exp_cht=43.97583564174138 dev=8.724164358258626 => SENSOR_DRIFT
t=317.4 cht=52.1 exp_cht=43.97583564174138 dev=10.624164358258625 => SENSOR_DRIFT
t=318.4 cht=52.400000000000006 exp_cht=43.9830030575211 dev=9.016996942478897 => SENSOR_DRIFT
t=319.4 cht=52.400000000000006 exp_cht=43.971173890854445 dev=8.428826109145561 => SENSOR_DRIFT
t=320.4 cht=51.6 exp_cht=43.971173890854445 dev=7.628826109145557 => SENSOR_DRIFT
t=321.4 cht=52.5 exp_cht=43.93909751544992 dev=9.360902484550081 => SENSOR_DRIFT
t=322.4 cht=51.7 exp_cht=43.93439612450583 dev=9.465603875494175 => SENSOR_DRIFT
t=323.4 cht=52.1 exp_cht=43.93439612450584 dev=8.665603875494163 => SENSOR_DRIFT
t=324.4 cht=51.6 exp_cht=43.98422295350418 dev=7.815777046495825 => SENSOR_DRIFT
t=325.4 cht=50.5 exp_cht=43.98422295350418 dev=8.415777046495826 => SENSOR_DRIFT
t=326.4 cht=53.2 exp_cht=57.85764980604231 dev=-4.657649806042308 => NORMAL
t=327.4 cht=52.2 exp_cht=44.00415116155483 dev=9.295848838445174 => SENSOR_DRIFT
t=328.4 cht=52.400000000000006 exp_cht=44.02419321894432 dev=8.475806781055681 => SENSOR_DRIFT
t=329.4 cht=50.300000000000004 exp_cht=44.00879692264802 dev=8.591203077351985 => SENSOR_DRIFT
t=330.4 cht=51.400000000000006 exp_cht=57.857649806042325 dev=-5.257649806042323 => NORMAL
t=331.4 cht=52.6 exp_cht=44.038877171333304 dev=8.561122828666697 => SENSOR_DRIFT
t=332.4 cht=53.7 exp_cht=44.05506695955728 dev=9.644933040442723 => SENSOR_DRIFT
t=333.4 cht=50.6 exp_cht=57.85764980604234 dev=-5.057649806042335 => NORMAL
t=334.4 cht=52.2 exp_cht=44.07033927077009 dev=8.729660729229913 => SENSOR_DRIFT
t=335.4 cht=52.5 exp_cht=44.0703392707701 dev=9.229660729229906 => SENSOR_DRIFT
t=336.4 cht=52.6 exp_cht=57.85764980604234 dev=-4.357649806042339 => NORMAL
t=337.4 cht=51.7 exp_cht=44.05579648743137 dev=8.544203512568629 => SENSOR_DRIFT
t=338.4 cht=51.1 exp_cht=44.05579648743138 dev=9.344203512568626 => SENSOR_DRIFT
t=339.4 cht=52.2 exp_cht=44.05579648743138 dev=8.144203512568623 => SENSOR_DRIFT
t=340.4 cht=52.5 exp_cht=44.05579648743138 dev=8.44420351256862 => SENSOR_DRIFT
t=341.4 cht=52.2 exp_cht=57.857649806042325 dev=-5.657649806042322 => NORMAL
t=342.4 cht=52.800000000000004 exp_cht=44.055796487431365 dev=8.744203512568639 => SENSOR_DRIFT
t=343.4 cht=52.800000000000004 exp_cht=44.05579648743138 dev=9.344203512568626 => SENSOR_DRIFT
t=344.4 cht=51.900000000000006 exp_cht=44.06908537632026 dev=9.630914623679743 => SENSOR_DRIFT
t=345.4 cht=52.2 exp_cht=44.034427414316816 dev=8.965572585683184 => SENSOR_DRIFT
t=346.4 cht=53.0 exp_cht=44.034427414316816 dev=8.965572585683184 => SENSOR_DRIFT
t=347.4 cht=51.0 exp_cht=44.034427414316816 dev=8.965572585683184 => SENSOR_DRIFT
t=348.4 cht=52.800000000000004 exp_cht=45.54237677276523 dev=7.45762322723477 => SENSOR_DRIFT
t=349.4 cht=51.7 exp_cht=57.857649806042325 dev=-5.0576498060423205 => NORMAL
t=350.4 cht=52.2 exp_cht=44.03442741431682 dev=8.16557258568318 => SENSOR_DRIFT
t=351.4 cht=50.900000000000006 exp_cht=44.034427414316816 dev=8.965572585683184 => SENSOR_DRIFT
t=352.4 cht=51.2 exp_cht=57.857649806042325 dev=-4.657649806042322 => NORMAL
t=353.4 cht=52.2 exp_cht=44.034427414316816 dev=8.965572585683184 => SENSOR_DRIFT
t=354.4 cht=52.6 exp_cht=44.034427414316816 dev=8.565572585683185 => SENSOR_DRIFT
t=355.4 cht=52.2 exp_cht=44.03442741431681 dev=8.165572585683194 => SENSOR_DRIFT
t=356.4 cht=52.0 exp_cht=57.85764980604232 dev=-5.857649806042318 => NORMAL
t=357.4 cht=52.400000000000006 exp_cht=45.54237677276524 dev=7.157623227234765 => SENSOR_DRIFT
t=358.4 cht=51.5 exp_cht=57.85764980604232 dev=-5.357649806042318 => NORMAL
t=359.4 cht=51.900000000000006 exp_cht=57.85764980604232 dev=-4.257649806042316 => NORMAL
t=360.4 cht=51.400000000000006 exp_cht=45.53732405934588 dev=7.562675940654124 => SENSOR_DRIFT
t=361.4 cht=51.6 exp_cht=44.02937470089744 dev=8.57062529910256 => SENSOR_DRIFT
t=362.4 cht=51.300000000000004 exp_cht=57.85764980604232 dev=-4.457649806042312 => NORMAL
t=363.4 cht=51.7 exp_cht=57.85764980604231 dev=-5.257649806042309 => NORMAL
t=0.0 cht=50.1 exp_cht=28.578776882421636 dev=21.621223117578367 => NORMAL
t=120.1 cht=60.5 exp_cht=63.43461428571427 dev=-2.934614285714268 => NORMAL
t=121.2 cht=58.2 exp_cht=63.54670476190475 dev=-2.246704761904745 => NORMAL
t=122.3 cht=59.400000000000006 exp_cht=63.21693425229741 dev=-3.116934252297412 => NORMAL
t=123.4 cht=60.2 exp_cht=63.36943425229742 dev=-3.169434252297414 => NORMAL
t=124.5 cht=59.300000000000004 exp_cht=63.392767585630736 dev=-3.7927675856307346 => NORMAL
t=125.6 cht=58.900000000000006 exp_cht=63.389404761904764 dev=-2.7894047619047626 => NORMAL
t=126.7 cht=59.6 exp_cht=63.32781428571427 dev=-3.527814285714264 => NORMAL
t=127.8 cht=60.1 exp_cht=63.394171428571426 dev=-1.9941714285714198 => NORMAL
t=128.9 cht=58.800000000000004 exp_cht=63.32781428571427 dev=-3.4278142857142626 => NORMAL
t=130.0 cht=59.2 exp_cht=63.39276758563074 dev=-3.592767585630739 => NORMAL
t=131.1 cht=61.7 exp_cht=63.39090476190475 dev=-1.690904761904747 => NORMAL
t=132.2 cht=58.6 exp_cht=63.40240476190475 dev=-3.202404761904745 => NORMAL
t=133.3 cht=60.1 exp_cht=63.40467142857144 dev=-3.3046714285714387 => NORMAL
t=134.4 cht=61.0 exp_cht=63.40467142857142 dev=-2.404671428571419 => NORMAL
t=135.5 cht=57.800000000000004 exp_cht=63.39090476190476 dev=-4.390904761904757 => NORMAL
t=136.6 cht=59.0 exp_cht=63.39090476190476 dev=-3.2909047619047556 => NORMAL
t=137.7 cht=59.5 exp_cht=63.38550476190477 dev=-2.985504761904764 => NORMAL
t=138.8 cht=58.300000000000004 exp_cht=63.39517142857142 dev=-3.395171428571423 => NORMAL
t=139.9 cht=58.5 exp_cht=63.305671428571415 dev=-3.105671428571412 => NORMAL
t=141.0 cht=60.0 exp_cht=63.31617142857144 dev=-2.416171428571431 => NORMAL
t=142.1 cht=60.1 exp_cht=63.31617142857141 dev=-2.1161714285714055 => NORMAL
t=143.2 cht=58.7 exp_cht=63.39457142857142 dev=-3.8945714285714175 => NORMAL
t=144.3 cht=58.5 exp_cht=63.316171428571415 dev=-3.016171428571411 => NORMAL
t=145.4 cht=60.0 exp_cht=63.31617142857142 dev=-2.716171428571421 => NORMAL
t=146.5 cht=59.5 exp_cht=63.394571428571425 dev=-3.294571428571423 => NORMAL
t=147.6 cht=59.1 exp_cht=63.31617142857142 dev=-2.916171428571417 => NORMAL
t=148.7 cht=59.2 exp_cht=63.31617142857142 dev=-3.5161714285714183 => NORMAL
t=149.8 cht=58.7 exp_cht=63.4060714285714 dev=-3.5060714285713956 => NORMAL
t=150.9 cht=58.800000000000004 exp_cht=63.32473809523809 dev=-3.6247380952380865 => NORMAL
t=152.0 cht=58.900000000000006 exp_cht=63.07369047619048 dev=-3.273690476190474 => NORMAL
t=153.1 cht=59.900000000000006 exp_cht=63.08354285714287 dev=-3.183542857142861 => NORMAL
t=154.2 cht=57.7 exp_cht=62.72487523809524 dev=-1.7248752380952368 => NORMAL
t=155.3 cht=58.900000000000006 exp_cht=62.644408571428585 dev=-3.444408571428582 => NORMAL
t=156.4 cht=57.800000000000004 exp_cht=62.22923012637753 dev=-1.22923012637753 => NORMAL
t=157.5 cht=58.800000000000004 exp_cht=61.96787774542514 dev=-2.067877745425136 => NORMAL
t=158.6 cht=59.800000000000004 exp_cht=62.144449173996556 dev=-2.3444491739965514 => NORMAL
t=159.7 cht=60.1 exp_cht=62.05156345971087 dev=-1.6515634597108644 => NORMAL
t=160.8 cht=60.0 exp_cht=62.068811078758465 dev=-2.068811078758465 => NORMAL
t=161.9 cht=59.6 exp_cht=61.59232909985913 dev=-1.992329099859127 => NORMAL
t=163.0 cht=59.800000000000004 exp_cht=62.02935393590132 dev=-2.129353935901314 => NORMAL
t=164.1 cht=59.7 exp_cht=61.580727739314895 dev=-1.8807277393148922 => NORMAL
t=165.2 cht=59.0 exp_cht=61.583846786933954 dev=-1.6838467869339482 => NORMAL
t=166.3 cht=58.6 exp_cht=61.59206107264825 dev=-2.8920610726482465 => NORMAL
t=167.4 cht=60.7 exp_cht=61.55839440598157 dev=-0.8583944059815707 => NORMAL
t=168.5 cht=59.5 exp_cht=61.39027059645776 dev=-1.8902705964577606 => NORMAL
t=169.6 cht=59.7 exp_cht=61.278922977410154 dev=-1.5789229774101514 => NORMAL
t=170.7 cht=59.900000000000006 exp_cht=61.28942297741015 dev=-1.3894229774101419 => NORMAL
t=171.8 cht=58.6 exp_cht=61.33485631074347 dev=-1.9348563107434629 => NORMAL
t=172.9 cht=59.300000000000004 exp_cht=61.27268964407679 dev=-1.9726896440767874 => NORMAL
t=174.0 cht=60.1 exp_cht=61.258522977410145 dev=-1.1585229774101435 => NORMAL
t=175.1 cht=59.2 exp_cht=61.233689644076804 dev=-1.9336896440768 => NORMAL
t=176.2 cht=58.7 exp_cht=61.23368964407681 dev=-2.0336896440768086 => NORMAL
t=177.3 cht=57.5 exp_cht=61.2206896440768 dev=-1.6206896440767977 => NORMAL
t=178.4 cht=58.900000000000006 exp_cht=61.16608964407681 dev=-0.9660896440768099 => NORMAL
t=179.5 cht=58.7 exp_cht=60.79153920784915 dev=-1.9915392078491436 => NORMAL
t=180.6 cht=59.2 exp_cht=60.77803920784914 dev=-1.5780392078491374 => NORMAL
t=181.7 cht=59.2 exp_cht=60.44313380244372 dev=-1.2431338024437153 => NORMAL
t=182.8 cht=58.800000000000004 exp_cht=59.84930119061112 dev=-0.3493011906111221 => NORMAL
t=183.9 cht=58.5 exp_cht=59.398135656537825 dev=-0.8981356565378249 => NORMAL
t=185.0 cht=58.300000000000004 exp_cht=59.56720155577042 dev=-1.2672015557704128 => NORMAL
t=186.1 cht=58.2 exp_cht=59.56720155577041 dev=0.13279844422959286 => NORMAL
t=187.2 cht=58.1 exp_cht=59.2468003757171 dev=0.5531996242829038 => NORMAL
t=188.3 cht=58.300000000000004 exp_cht=59.2468003757171 dev=-0.04680037571709761 => NORMAL
t=189.4 cht=58.5 exp_cht=59.389296150365006 dev=-0.8892961503650056 => NORMAL
t=190.5 cht=57.2 exp_cht=59.18296154787828 dev=0.41703845212172297 => NORMAL
t=191.6 cht=58.6 exp_cht=59.18296154787828 dev=1.0170384521217244 => NORMAL
t=192.7 cht=57.300000000000004 exp_cht=59.18296154787828 dev=0.41703845212172297 => NORMAL
t=193.8 cht=58.800000000000004 exp_cht=58.82177107168782 dev=1.2782289283121813 => NORMAL
t=194.9 cht=57.6 exp_cht=58.76212272003946 dev=0.9378772799605457 => NORMAL
t=196.0 cht=56.5 exp_cht=60.47881190476189 dev=0.22118809523811223 => NORMAL
t=197.1 cht=57.1 exp_cht=58.50006620870452 dev=-0.6000662087045114 => NORMAL
t=198.2 cht=56.7 exp_cht=58.09803869493119 dev=1.0019613050688108 => NORMAL
t=199.3 cht=58.400000000000006 exp_cht=49.93342857142858 dev=8.466571428571427 => SENSOR_DRIFT
t=200.4 cht=56.7 exp_cht=49.63484761904763 dev=7.465152380952368 => SENSOR_DRIFT
t=201.5 cht=56.1 exp_cht=47.59613932429874 dev=10.003860675701262 => SENSOR_DRIFT
t=202.6 cht=56.1 exp_cht=45.84003884884371 dev=10.659961151156288 => SENSOR_DRIFT
t=203.7 cht=57.1 exp_cht=44.33722686112485 dev=12.762773138875154 => SENSOR_DRIFT
t=204.8 cht=54.900000000000006 exp_cht=44.35166594344507 dev=13.348334056554933 => SENSOR_DRIFT
t=205.9 cht=56.1 exp_cht=44.10897073814781 dev=13.091029261852192 => SENSOR_DRIFT
t=207.0 cht=53.6 exp_cht=44.09733286821821 dev=11.40266713178179 => SENSOR_DRIFT
t=208.1 cht=55.0 exp_cht=43.892623253927084 dev=11.707376746072917 => SENSOR_DRIFT
t=209.2 cht=55.6 exp_cht=43.95244816168187 dev=12.64755183831813 => SENSOR_DRIFT
t=210.3 cht=53.300000000000004 exp_cht=43.96869944440327 dev=10.831300555596734 => SENSOR_DRIFT
t=211.4 cht=54.6 exp_cht=43.91553927190658 dev=11.984460728093424 => SENSOR_DRIFT
t=212.5 cht=55.2 exp_cht=43.852693248944036 dev=11.54730675105597 => SENSOR_DRIFT
t=213.6 cht=53.6 exp_cht=43.80730731823603 dev=11.292692681763974 => SENSOR_DRIFT
t=214.7 cht=54.2 exp_cht=43.851113554907904 dev=10.548886445092101 => SENSOR_DRIFT
t=215.8 cht=53.400000000000006 exp_cht=43.87722941082218 dev=12.322770589177821 => SENSOR_DRIFT
t=216.9 cht=55.2 exp_cht=43.84176962242785 dev=11.658230377572153 => SENSOR_DRIFT
t=218.0 cht=54.7 exp_cht=43.83432316257908 dev=10.86567683742092 => SENSOR_DRIFT
t=219.1 cht=53.7 exp_cht=43.83432316257908 dev=9.965676837420922 => SENSOR_DRIFT
t=220.2 cht=54.400000000000006 exp_cht=43.78453431399794 dev=10.615465686002068 => SENSOR_DRIFT
t=221.3 cht=50.7 exp_cht=43.89354352835429 dev=10.106456471645707 => SENSOR_DRIFT
t=222.4 cht=52.1 exp_cht=43.8337509058503 dev=10.166249094149698 => SENSOR_DRIFT
t=223.5 cht=54.6 exp_cht=43.87400613605773 dev=10.725993863942271 => SENSOR_DRIFT
t=224.6 cht=54.0 exp_cht=43.82405602146645 dev=10.175943978533553 => SENSOR_DRIFT
t=225.7 cht=54.2 exp_cht=43.89354352835428 dev=10.306456471645724 => SENSOR_DRIFT
t=226.8 cht=52.400000000000006 exp_cht=43.82685393615334 dev=9.473146063846663 => SENSOR_DRIFT
t=227.9 cht=52.0 exp_cht=43.79832022628387 dev=10.101679773716135 => SENSOR_DRIFT
t=229.0 cht=53.7 exp_cht=43.82405602146644 dev=10.275943978533562 => SENSOR_DRIFT
t=230.1 cht=52.400000000000006 exp_cht=43.82445027247956 dev=10.275549727520442 => SENSOR_DRIFT
t=231.2 cht=50.300000000000004 exp_cht=43.869247592640356 dev=8.930752407359648 => SENSOR_DRIFT
t=232.3 cht=52.300000000000004 exp_cht=43.82405602146644 dev=8.475943978533564 => SENSOR_DRIFT
t=233.4 cht=52.300000000000004 exp_cht=43.83432316257908 dev=8.565676837420924 => SENSOR_DRIFT
t=234.5 cht=52.300000000000004 exp_cht=43.86924759264037 dev=9.13075240735963 => SENSOR_DRIFT
t=235.6 cht=51.7 exp_cht=43.86924759264038 dev=9.030752407359628 => SENSOR_DRIFT
t=236.7 cht=53.1 exp_cht=43.83375090585032 dev=9.266249094149678 => SENSOR_DRIFT
t=237.8 cht=53.7 exp_cht=43.87400613605773 dev=9.825993863942273 => SENSOR_DRIFT
t=238.9 cht=54.400000000000006 exp_cht=43.82405602146645 dev=10.575943978533559 => SENSOR_DRIFT
t=240.0 cht=51.1 exp_cht=43.82685393615333 dev=9.973146063846677 => SENSOR_DRIFT
t=241.1 cht=53.6 exp_cht=43.84462941082218 dev=9.755370589177822 => SENSOR_DRIFT
t=242.2 cht=52.7 exp_cht=43.86662012403053 dev=9.33337987596947 => SENSOR_DRIFT
t=243.3 cht=53.2 exp_cht=43.87400613605773 dev=9.325993863942273 => SENSOR_DRIFT
t=244.4 cht=53.0 exp_cht=43.84462941082218 dev=9.15537058917782 => SENSOR_DRIFT
t=245.5 cht=52.7 exp_cht=43.874006136057744 dev=9.92599386394226 => SENSOR_DRIFT
t=246.6 cht=51.800000000000004 exp_cht=43.84462941082218 dev=8.855370589177824 => SENSOR_DRIFT
t=247.7 cht=51.800000000000004 exp_cht=43.84462941082219 dev=9.35537058917781 => SENSOR_DRIFT
t=248.8 cht=53.900000000000006 exp_cht=43.84462941082218 dev=10.055370589177826 => SENSOR_DRIFT
t=249.9 cht=51.2 exp_cht=43.84462941082217 dev=8.35537058917783 => SENSOR_DRIFT
t=251.0 cht=51.6 exp_cht=43.862313724547654 dev=9.037686275452351 => SENSOR_DRIFT
t=252.1 cht=53.0 exp_cht=43.82405602146645 dev=9.175943978533553 => SENSOR_DRIFT
t=253.2 cht=52.400000000000006 exp_cht=43.82685393615333 dev=8.773146063846674 => SENSOR_DRIFT
t=254.3 cht=52.300000000000004 exp_cht=43.82685393615334 dev=8.473146063846663 => SENSOR_DRIFT
t=255.4 cht=52.900000000000006 exp_cht=43.84462941082219 dev=9.055370589177812 => SENSOR_DRIFT
t=256.4 cht=51.5 exp_cht=43.874006136057744 dev=9.42599386394226 => SENSOR_DRIFT
t=257.4 cht=51.6 exp_cht=43.874006136057744 dev=9.125993863942256 => SENSOR_DRIFT
t=258.4 cht=52.0 exp_cht=43.84462941082218 dev=9.15537058917782 => SENSOR_DRIFT
t=259.4 cht=53.0 exp_cht=43.84462941082218 dev=9.555370589177826 => SENSOR_DRIFT
t=260.4 cht=52.400000000000006 exp_cht=43.84462941082219 dev=8.95537058917781 => SENSOR_DRIFT
t=261.4 cht=52.1 exp_cht=43.874006136057744 dev=9.325993863942259 => SENSOR_DRIFT
t=262.4 cht=52.2 exp_cht=43.84462941082218 dev=8.555370589177826 => SENSOR_DRIFT
t=263.4 cht=52.5 exp_cht=43.84462941082219 dev=8.85537058917781 => SENSOR_DRIFT
t=264.4 cht=52.2 exp_cht=43.862313724547676 dev=8.53768627545233 => SENSOR_DRIFT
t=265.4 cht=52.2 exp_cht=43.84462941082219 dev=9.755370589177808 => SENSOR_DRIFT
t=266.4 cht=52.400000000000006 exp_cht=43.866620124030554 dev=8.533379875969452 => SENSOR_DRIFT
t=267.4 cht=52.900000000000006 exp_cht=43.87400613605773 dev=9.025993863942276 => SENSOR_DRIFT
t=268.4 cht=50.0 exp_cht=43.86924759264037 dev=9.330752407359633 => SENSOR_DRIFT
t=269.4 cht=53.0 exp_cht=43.87400613605773 dev=9.12599386394227 => SENSOR_DRIFT
t=270.4 cht=52.2 exp_cht=43.86924759264037 dev=10.330752407359633 => SENSOR_DRIFT
t=271.4 cht=52.400000000000006 exp_cht=43.8446294108222 dev=10.2553705891778 => SENSOR_DRIFT
t=272.4 cht=51.800000000000004 exp_cht=43.87400613605773 dev=8.025993863942276 => SENSOR_DRIFT
t=273.4 cht=50.800000000000004 exp_cht=43.84462941082218 dev=8.15537058917782 => SENSOR_DRIFT
t=274.4 cht=52.7 exp_cht=43.874006136057744 dev=8.825993863942259 => SENSOR_DRIFT
t=275.4 cht=51.2 exp_cht=43.835205987398766 dev=7.864794012601237 => SENSOR_DRIFT
t=276.4 cht=51.900000000000006 exp_cht=43.835205987398766 dev=8.664794012601234 => SENSOR_DRIFT
t=277.4 cht=51.7 exp_cht=43.81502684905613 dev=8.584973150943874 => SENSOR_DRIFT
t=278.4 cht=51.900000000000006 exp_cht=43.85982416921696 dev=8.040175830783049 => SENSOR_DRIFT
t=279.4 cht=51.900000000000006 exp_cht=43.835205987398766 dev=8.06479401260124 => SENSOR_DRIFT
t=280.4 cht=50.5 exp_cht=43.83520598739876 dev=8.564794012601247 => SENSOR_DRIFT
t=281.4 cht=52.7 exp_cht=43.83520598739876 dev=8.864794012601244 => SENSOR_DRIFT
t=282.4 cht=53.1 exp_cht=43.84058979365329 dev=9.259410206346715 => SENSOR_DRIFT
t=283.4 cht=51.7 exp_cht=43.8405897936533 dev=8.859410206346702 => SENSOR_DRIFT
t=284.4 cht=52.0 exp_cht=43.853966450047736 dev=8.446033549952269 => SENSOR_DRIFT
t=285.4 cht=53.400000000000006 exp_cht=43.82934826822955 dev=9.570651731770454 => SENSOR_DRIFT
t=286.4 cht=53.1 exp_cht=43.842032478755876 dev=9.457967521244129 => SENSOR_DRIFT
t=287.4 cht=51.300000000000004 exp_cht=43.842032478755876 dev=8.357967521244127 => SENSOR_DRIFT
t=288.4 cht=51.800000000000004 exp_cht=43.84203247875586 dev=9.657967521244139 => SENSOR_DRIFT
t=289.4 cht=51.900000000000006 exp_cht=43.842032478755876 dev=8.857967521244127 => SENSOR_DRIFT
t=290.4 cht=51.1 exp_cht=43.84203247875586 dev=8.057967521244144 => SENSOR_DRIFT
t=291.4 cht=51.7 exp_cht=43.86665066057405 dev=8.533349339425953 => SENSOR_DRIFT
t=292.4 cht=51.800000000000004 exp_cht=43.84819811151022 dev=9.551801888489784 => SENSOR_DRIFT
t=293.4 cht=51.5 exp_cht=43.84819811151021 dev=8.451801888489797 => SENSOR_DRIFT
t=294.4 cht=52.2 exp_cht=43.84819811151022 dev=8.351801888489781 => SENSOR_DRIFT
t=295.4 cht=52.1 exp_cht=43.84819811151023 dev=8.251801888489773 => SENSOR_DRIFT
t=296.4 cht=52.0 exp_cht=43.851632833732445 dev=8.448367166267559 => SENSOR_DRIFT
t=297.4 cht=51.400000000000006 exp_cht=43.82668185334029 dev=8.473318146659715 => SENSOR_DRIFT
t=298.4 cht=53.5 exp_cht=43.856037155513604 dev=9.643962844486396 => SENSOR_DRIFT
t=299.4 cht=52.6 exp_cht=43.960710615241695 dev=8.639289384758307 => SENSOR_DRIFT
t=300.4 cht=50.2 exp_cht=43.96071061524169 dev=8.539289384758312 => SENSOR_DRIFT
t=301.4 cht=53.6 exp_cht=43.960710615241695 dev=9.639289384758307 => SENSOR_DRIFT
t=302.4 cht=53.5 exp_cht=43.96071061524169 dev=9.539289384758312 => SENSOR_DRIFT
t=303.4 cht=50.7 exp_cht=43.978394928967184 dev=8.121605071032818 => SENSOR_DRIFT
t=304.4 cht=51.1 exp_cht=43.96071061524169 dev=10.039289384758312 => SENSOR_DRIFT
t=305.4 cht=53.400000000000006 exp_cht=43.960710615241695 dev=9.439289384758311 => SENSOR_DRIFT
t=306.4 cht=51.800000000000004 exp_cht=43.96071061524169 dev=8.739289384758315 => SENSOR_DRIFT
t=307.4 cht=52.5 exp_cht=43.960710615241695 dev=8.539289384758305 => SENSOR_DRIFT
t=308.4 cht=50.5 exp_cht=43.96071061524168 dev=9.53928938475832 => SENSOR_DRIFT
t=309.4 cht=51.400000000000006 exp_cht=43.96071061524168 dev=8.439289384758325 => SENSOR_DRIFT
t=310.4 cht=52.300000000000004 exp_cht=43.97583564174138 dev=8.524164358258624 => SENSOR_DRIFT
t=311.4 cht=52.1 exp_cht=43.97583564174138 dev=8.324164358258628 => SENSOR_DRIFT
t=312.4 cht=52.6 exp_cht=43.97583564174138 dev=8.624164358258625 => SENSOR_DRIFT
t=313.4 cht=50.1 exp_cht=43.97583564174138 dev=9.724164358258626 => SENSOR_DRIFT
t=314.4 cht=52.800000000000004 exp_cht=43.97583564174138 dev=8.824164358258628 => SENSOR_DRIFT
t=315.4 cht=52.0 exp_cht=43.975835641741384 dev=8.124164358258618 => SENSOR_DRIFT
t=316.4 cht=52.2 exp_cht=43.97583564174138 dev=9.324164358258628 => SENSOR_DRIFT
t=317.4 cht=51.900000000000006 exp_cht=43.975835641741384 dev=8.124164358258618 => SENSOR_DRIFT
t=318.4 cht=50.7 exp_cht=43.9830030575211 dev=8.416996942478903 => SENSOR_DRIFT
t=319.4 cht=52.5 exp_cht=43.97117389085443 dev=8.728826109145572 => SENSOR_DRIFT
t=320.4 cht=51.0 exp_cht=55.05834083861932 dev=-2.35834083861932 => NORMAL
t=321.4 cht=52.2 exp_cht=57.857649806042325 dev=-4.257649806042323 => NORMAL
t=322.4 cht=52.7 exp_cht=43.93439612450583 dev=8.765603875494172 => SENSOR_DRIFT
t=323.4 cht=53.900000000000006 exp_cht=43.93439612450583 dev=9.965603875494175 => SENSOR_DRIFT
t=324.4 cht=51.300000000000004 exp_cht=43.98422295350418 dev=10.215777046495823 => SENSOR_DRIFT
t=325.4 cht=51.0 exp_cht=43.984222953504194 dev=8.215777046495809 => SENSOR_DRIFT
t=326.4 cht=51.900000000000006 exp_cht=43.98758846748549 dev=8.912411532514518 => SENSOR_DRIFT
t=327.4 cht=50.0 exp_cht=44.00415116155484 dev=8.195848838445166 => SENSOR_DRIFT
t=328.4 cht=50.900000000000006 exp_cht=45.544004154412214 dev=7.855995845587792 => SENSOR_DRIFT
t=329.4 cht=51.800000000000004 exp_cht=57.857649806042325 dev=-5.157649806042322 => NORMAL
t=330.4 cht=50.400000000000006 exp_cht=44.02913339365733 dev=8.770866606342672 => SENSOR_DRIFT
t=331.4 cht=50.900000000000006 exp_cht=44.03887717133332 dev=8.461122828666682 => SENSOR_DRIFT
t=332.4 cht=51.300000000000004 exp_cht=44.05506695955727 dev=7.844933040442733 => SENSOR_DRIFT
t=333.4 cht=53.900000000000006 exp_cht=44.05506695955728 dev=9.844933040442726 => SENSOR_DRIFT
t=334.4 cht=52.5 exp_cht=44.070339270770084 dev=8.429660729229916 => SENSOR_DRIFT
t=335.4 cht=52.400000000000006 exp_cht=44.0703392707701 dev=8.429660729229902 => SENSOR_DRIFT
t=336.4 cht=51.300000000000004 exp_cht=44.0703392707701 dev=7.729660729229906 => SENSOR_DRIFT
t=337.4 cht=51.800000000000004 exp_cht=44.05579648743137 dev=9.544203512568629 => SENSOR_DRIFT
t=338.4 cht=51.800000000000004 exp_cht=44.05579648743138 dev=8.144203512568623 => SENSOR_DRIFT
t=339.4 cht=51.300000000000004 exp_cht=44.05579648743138 dev=8.544203512568622 => SENSOR_DRIFT
t=340.4 cht=51.900000000000006 exp_cht=57.857649806042325 dev=-5.0576498060423205 => NORMAL
t=341.4 cht=51.6 exp_cht=44.05579648743137 dev=7.9442035125686274 => SENSOR_DRIFT
t=342.4 cht=50.900000000000006 exp_cht=44.05579648743138 dev=8.344203512568626 => SENSOR_DRIFT
t=343.4 cht=52.300000000000004 exp_cht=44.05579648743137 dev=8.944203512568627 => SENSOR_DRIFT
t=344.4 cht=52.6 exp_cht=44.069085376320274 dev=8.930914623679726 => SENSOR_DRIFT
t=345.4 cht=52.2 exp_cht=44.03442741431681 dev=8.665572585683194 => SENSOR_DRIFT
t=346.4 cht=50.5 exp_cht=44.034427414316816 dev=8.765572585683188 => SENSOR_DRIFT
t=347.4 cht=52.300000000000004 exp_cht=44.03442741431681 dev=8.265572585683195 => SENSOR_DRIFT
t=348.4 cht=51.5 exp_cht=57.85764980604232 dev=-5.457649806042312 => NORMAL
t=349.4 cht=52.800000000000004 exp_cht=44.03442741431682 dev=8.76557258568318 => SENSOR_DRIFT
t=350.4 cht=51.6 exp_cht=44.034427414316816 dev=8.765572585683188 => SENSOR_DRIFT
t=351.4 cht=52.2 exp_cht=57.857649806042325 dev=-4.757649806042323 => NORMAL
t=352.4 cht=52.400000000000006 exp_cht=44.034427414316816 dev=8.36557258568319 => SENSOR_DRIFT
t=353.4 cht=52.6 exp_cht=57.85764980604232 dev=-4.857649806042318 => NORMAL
t=354.4 cht=52.800000000000004 exp_cht=44.034427414316816 dev=9.065572585683185 => SENSOR_DRIFT
t=355.4 cht=52.6 exp_cht=44.034427414316816 dev=8.565572585683185 => SENSOR_DRIFT
t=356.4 cht=50.900000000000006 exp_cht=57.857649806042325 dev=-4.657649806042322 => NORMAL
t=357.4 cht=52.7 exp_cht=57.85764980604232 dev=-3.657649806042315 => NORMAL
t=358.4 cht=52.2 exp_cht=57.85764980604232 dev=-4.657649806042315 => NORMAL
t=359.4 cht=53.0 exp_cht=44.034427414316816 dev=9.965572585683184 => SENSOR_DRIFT
t=360.4 cht=51.800000000000004 exp_cht=55.04047586140347 dev=-2.7404758614034677 => NORMAL
t=361.4 cht=53.900000000000006 exp_cht=57.85764980604232 dev=-3.957649806042312 => NORMAL
t=362.4 cht=51.5 exp_cht=44.029374700897435 dev=9.27062529910257 => SENSOR_DRIFT
t=363.4 cht=51.900000000000006 exp_cht=57.85764980604232 dev=-4.257649806042316 => NORMAL
t=364.4 cht=50.900000000000006 exp_cht=44.04577251510509 dev=8.454227484894908 => SENSOR_DRIFT
t=365.4 cht=52.400000000000006 exp_cht=44.04577251510509 dev=8.454227484894908 => SENSOR_DRIFT
t=366.4 cht=53.0 exp_cht=57.857649806042325 dev=-4.857649806042325 => NORMAL
t=367.4 cht=51.7 exp_cht=44.045772515105085 dev=8.954227484894915 => SENSOR_DRIFT
t=368.4 cht=52.6 exp_cht=45.55372187355352 dev=7.646278126446482 => SENSOR_DRIFT
t=369.4 cht=51.6 exp_cht=44.0457725151051 dev=7.854227484894906 => SENSOR_DRIFT
t=370.4 cht=52.7 exp_cht=44.04577251510509 dev=8.65422748489491 => SENSOR_DRIFT
t=371.4 cht=52.1 exp_cht=44.04042493031579 dev=8.659575069684216 => SENSOR_DRIFT
t=372.4 cht=51.300000000000004 exp_cht=57.844649806042334 dev=-4.944649806042328 => NORMAL
t=373.4 cht=51.7 exp_cht=57.84464980604233 dev=-4.544649806042322 => NORMAL
t=374.4 cht=53.0 exp_cht=57.84464980604233 dev=-4.844649806042327 => NORMAL
t=375.4 cht=52.5 exp_cht=57.844649806042305 dev=-5.044649806042301 => NORMAL
t=376.4 cht=52.400000000000006 exp_cht=57.84464980604233 dev=-5.144649806042324 => NORMAL
t=377.4 cht=51.900000000000006 exp_cht=57.84464980604232 dev=-5.144649806042317 => NORMAL
t=378.4 cht=54.900000000000006 exp_cht=57.84464980604233 dev=-2.944649806042321 => NORMAL
t=379.4 cht=52.7 exp_cht=57.84464980604233 dev=-5.144649806042324 => NORMAL
t=380.4 cht=53.5 exp_cht=44.065314346866245 dev=9.434685653133755 => SENSOR_DRIFT
t=381.4 cht=53.2 exp_cht=57.84464980604233 dev=-4.644649806042324 => NORMAL
t=382.4 cht=51.2 exp_cht=44.07401830583402 dev=9.225981694165988 => SENSOR_DRIFT
t=383.4 cht=53.900000000000006 exp_cht=57.84464980604232 dev=-3.944649806042314 => NORMAL
t=384.4 cht=50.300000000000004 exp_cht=57.844649806042334 dev=-5.444649806042328 => NORMAL
t=385.4 cht=50.7 exp_cht=44.09229483443798 dev=8.107705165562024 => SENSOR_DRIFT
t=386.4 cht=51.2 exp_cht=57.84464980604232 dev=-5.744649806042318 => NORMAL
t=387.4 cht=51.7 exp_cht=57.84464980604233 dev=-3.944649806042321 => NORMAL
t=388.4 cht=51.800000000000004 exp_cht=57.84464980604233 dev=-4.944649806042321 => NORMAL
t=389.4 cht=53.400000000000006 exp_cht=57.8446498060423 dev=-4.4446498060422925 => NORMAL
t=390.4 cht=52.7 exp_cht=57.84464980604233 dev=-5.044649806042322 => NORMAL
t=391.4 cht=52.400000000000006 exp_cht=57.84464980604233 dev=-4.844649806042327 => NORMAL
t=392.4 cht=53.400000000000006 exp_cht=44.189269217883464 dev=9.210730782116542 => SENSOR_DRIFT
t=393.4 cht=51.5 exp_cht=57.844649806042334 dev=-5.444649806042328 => NORMAL
t=394.4 cht=50.7 exp_cht=57.84464980604233 dev=-5.044649806042322 => NORMAL
t=395.4 cht=52.800000000000004 exp_cht=57.84464980604233 dev=-5.044649806042322 => NORMAL
t=396.4 cht=51.900000000000006 exp_cht=57.844649806042334 dev=-5.344649806042334 => NORMAL
t=397.4 cht=53.0 exp_cht=57.844649806042334 dev=-4.744649806042332 => NORMAL
t=398.4 cht=51.6 exp_cht=57.84464980604233 dev=-5.444649806042321 => NORMAL
t=399.4 cht=51.800000000000004 exp_cht=57.84464980604233 dev=-5.344649806042327 => NORMAL
t=400.4 cht=51.400000000000006 exp_cht=44.155396995661256 dev=9.24460300433875 => SENSOR_DRIFT
t=401.4 cht=51.7 exp_cht=57.84464980604233 dev=-5.944649806042321 => NORMAL
t=402.4 cht=53.300000000000004 exp_cht=57.84464980604232 dev=-3.8446498060423195 => NORMAL
t=403.4 cht=51.7 exp_cht=57.844649806042334 dev=-5.0446498060423295 => NORMAL
t=404.4 cht=52.7 exp_cht=57.84464980604233 dev=-5.144649806042324 => NORMAL
t=405.4 cht=52.7 exp_cht=57.844649806042334 dev=-4.444649806042328 => NORMAL
t=406.4 cht=53.0 exp_cht=57.84464980604234 dev=-4.844649806042341 => NORMAL
t=407.4 cht=52.7 exp_cht=57.84464980604232 dev=-4.044649806042315 => NORMAL
t=408.4 cht=52.7 exp_cht=57.84464980604233 dev=-5.044649806042322 => NORMAL
t=409.4 cht=52.6 exp_cht=57.844649806042334 dev=-4.5446498060423295 => NORMAL
t=410.4 cht=51.7 exp_cht=57.84464980604232 dev=-4.944649806042314 => NORMAL
t=411.4 cht=52.6 exp_cht=57.84464980604232 dev=-4.744649806042318 => NORMAL
t=412.4 cht=53.5 exp_cht=57.844649806042334 dev=-4.344649806042334 => NORMAL
t=413.4 cht=53.400000000000006 exp_cht=57.844649806042334 dev=-4.444649806042328 => NORMAL
t=414.4 cht=53.6 exp_cht=57.84464980604232 dev=-4.244649806042318 => NORMAL
t=415.4 cht=51.6 exp_cht=44.20606641250648 dev=8.693933587493525 => SENSOR_DRIFT
t=416.4 cht=52.6 exp_cht=57.844649806042334 dev=-4.644649806042331 => NORMAL
t=417.4 cht=52.2 exp_cht=57.84464980604233 dev=-5.144649806042324 => NORMAL
t=418.4 cht=52.1 exp_cht=55.10713094068947 dev=-2.90713094068947 => NORMAL
t=419.4 cht=53.900000000000006 exp_cht=57.84464980604232 dev=-3.944649806042314 => NORMAL
t=420.4 cht=51.800000000000004 exp_cht=45.69677019101261 dev=7.803229808987389 => SENSOR_DRIFT
t=421.4 cht=52.900000000000006 exp_cht=57.844649806042334 dev=-4.944649806042328 => NORMAL
t=422.4 cht=52.800000000000004 exp_cht=57.84464980604233 dev=-5.044649806042322 => NORMAL
t=423.4 cht=54.0 exp_cht=57.84464980604232 dev=-3.8446498060423195 => NORMAL
t=424.4 cht=52.2 exp_cht=57.84464980604233 dev=-5.144649806042324 => NORMAL
t=425.4 cht=52.5 exp_cht=57.84464980604233 dev=-4.944649806042321 => NORMAL
t=426.4 cht=52.2 exp_cht=57.844649806042334 dev=-4.644649806042331 => NORMAL
t=427.4 cht=51.5 exp_cht=57.844649806042305 dev=-5.844649806042305 => NORMAL
t=428.4 cht=53.5 exp_cht=57.844649806042305 dev=-4.344649806042305 => NORMAL
t=429.4 cht=52.2 exp_cht=57.84464980604232 dev=-4.644649806042317 => NORMAL
t=430.4 cht=52.5 exp_cht=57.84464980604233 dev=-3.944649806042321 => NORMAL
t=431.4 cht=51.800000000000004 exp_cht=57.84464980604233 dev=-3.8446498060423266 => NORMAL
t=432.4 cht=52.1 exp_cht=57.84464980604232 dev=-4.544649806042315 => NORMAL
t=433.4 cht=51.5 exp_cht=57.84464980604233 dev=-4.344649806042327 => NORMAL
t=434.4 cht=53.6 exp_cht=57.844649806042305 dev=-4.244649806042304 => NORMAL
t=435.4 cht=52.800000000000004 exp_cht=57.84464980604233 dev=-4.744649806042325 => NORMAL
t=436.4 cht=52.6 exp_cht=57.84464980604233 dev=-5.044649806042322 => NORMAL
t=437.4 cht=52.1 exp_cht=57.84464980604233 dev=-5.144649806042324 => NORMAL
t=438.4 cht=53.300000000000004 exp_cht=57.84464980604232 dev=-4.544649806042315 => NORMAL
t=439.4 cht=51.6 exp_cht=57.84464980604233 dev=-4.844649806042327 => NORMAL
t=440.4 cht=52.900000000000006 exp_cht=57.844649806042334 dev=-4.944649806042328 => NORMAL
t=441.4 cht=53.0 exp_cht=57.84464980604233 dev=-3.8446498060423266 => NORMAL
t=442.4 cht=50.300000000000004 exp_cht=57.84464980604232 dev=-5.544649806042315 => NORMAL
t=443.4 cht=51.300000000000004 exp_cht=57.84464980604232 dev=-6.044649806042315 => NORMAL
t=444.4 cht=52.5 exp_cht=57.84464980604233 dev=-4.644649806042324 => NORMAL
t=445.4 cht=53.6 exp_cht=57.84464980604232 dev=-4.244649806042318 => NORMAL
t=446.4 cht=52.7 exp_cht=57.84464980604233 dev=-5.144649806042324 => NORMAL
t=447.4 cht=52.400000000000006 exp_cht=57.84464980604232 dev=-4.444649806042314 => NORMAL
t=448.4 cht=52.7 exp_cht=57.84464980604232 dev=-4.3446498060423195 => NORMAL
t=449.4 cht=52.900000000000006 exp_cht=57.84464980604232 dev=-4.944649806042314 => NORMAL
t=450.4 cht=52.2 exp_cht=57.84464980604233 dev=-5.044649806042322 => NORMAL
t=451.4 cht=52.2 exp_cht=57.84464980604233 dev=-4.744649806042325 => NORMAL
t=452.4 cht=52.1 exp_cht=57.84464980604233 dev=-4.444649806042321 => NORMAL
t=453.4 cht=51.0 exp_cht=57.84464980604232 dev=-4.3446498060423195 => NORMAL
t=454.4 cht=52.900000000000006 exp_cht=57.84464980604233 dev=-4.844649806042327 => NORMAL
t=455.4 cht=52.5 exp_cht=57.84464980604233 dev=-4.244649806042325 => NORMAL
t=456.4 cht=52.1 exp_cht=57.844649806042334 dev=-5.0446498060423295 => NORMAL
t=457.4 cht=51.7 exp_cht=57.84464980604232 dev=-5.544649806042315 => NORMAL
t=458.4 cht=52.400000000000006 exp_cht=57.84464980604233 dev=-5.444649806042321 => NORMAL
t=459.4 cht=54.2 exp_cht=57.84464980604233 dev=-3.644649806042324 => NORMAL
t=460.4 cht=52.1 exp_cht=57.84464980604233 dev=-5.144649806042324 => NORMAL
t=461.4 cht=51.800000000000004 exp_cht=57.84464980604233 dev=-4.044649806042322 => NORMAL
t=462.4 cht=51.300000000000004 exp_cht=57.844649806042334 dev=-4.344649806042334 => NORMAL
t=463.4 cht=51.0 exp_cht=57.84464980604232 dev=-4.8446498060423195 => NORMAL
t=464.4 cht=51.800000000000004 exp_cht=57.84464980604233 dev=-5.444649806042321 => NORMAL
t=465.4 cht=52.300000000000004 exp_cht=57.84464980604233 dev=-4.744649806042325 => NORMAL
t=466.4 cht=53.900000000000006 exp_cht=57.84464980604233 dev=-3.944649806042321 => NORMAL
t=467.4 cht=51.1 exp_cht=57.84464980604232 dev=-5.144649806042317 => NORMAL
t=468.4 cht=52.300000000000004 exp_cht=57.84464980604233 dev=-3.944649806042321 => NORMAL
t=469.4 cht=52.400000000000006 exp_cht=57.84464980604232 dev=-3.5446498060423153 => NORMAL
t=470.4 cht=54.300000000000004 exp_cht=57.844649806042334 dev=-3.5446498060423295 => NORMAL
t=471.4 cht=51.900000000000006 exp_cht=57.84464980604232 dev=-3.444649806042314 => NORMAL
t=472.4 cht=52.800000000000004 exp_cht=57.84464980604233 dev=-4.244649806042325 => NORMAL
t=473.4 cht=52.5 exp_cht=57.84464980604233 dev=-4.344649806042327 => NORMAL
t=474.4 cht=51.7 exp_cht=57.84464980604233 dev=-4.244649806042325 => NORMAL
t=475.4 cht=54.1 exp_cht=57.84464980604233 dev=-3.7446498060423252 => NORMAL
t=476.4 cht=52.800000000000004 exp_cht=57.84464980604233 dev=-4.844649806042327 => NORMAL
t=477.4 cht=52.7 exp_cht=57.84464980604232 dev=-4.8446498060423195 => NORMAL
t=478.4 cht=52.800000000000004 exp_cht=57.84464980604233 dev=-3.644649806042324 => NORMAL
t=479.4 cht=52.1 exp_cht=57.84464980604232 dev=-4.644649806042317 => NORMAL
t=480.4 cht=52.6 exp_cht=57.844649806042334 dev=-4.244649806042332 => NORMAL
t=481.4 cht=53.0 exp_cht=57.844649806042334 dev=-4.244649806042332 => NORMAL
t=482.4 cht=52.300000000000004 exp_cht=57.84464980604233 dev=-5.344649806042327 => NORMAL
t=483.4 cht=50.900000000000006 exp_cht=57.84464980604233 dev=-4.344649806042327 => NORMAL
t=484.4 cht=52.5 exp_cht=57.844649806042334 dev=-5.344649806042334 => NORMAL
t=485.4 cht=52.1 exp_cht=57.84464980604233 dev=-2.944649806042321 => NORMAL
t=486.4 cht=51.800000000000004 exp_cht=57.84464980604233 dev=-3.944649806042321 => NORMAL
t=487.4 cht=53.0 exp_cht=57.84464980604233 dev=-4.844649806042327 => NORMAL
t=488.4 cht=51.400000000000006 exp_cht=57.844649806042305 dev=-5.044649806042301 => NORMAL
t=489.4 cht=53.400000000000006 exp_cht=57.84464980604232 dev=-4.444649806042314 => NORMAL
t=490.4 cht=53.0 exp_cht=57.84464980604233 dev=-4.844649806042327 => NORMAL
t=491.4 cht=51.900000000000006 exp_cht=57.844649806042334 dev=-4.5446498060423295 => NORMAL
t=492.4 cht=53.800000000000004 exp_cht=57.84464980604232 dev=-4.044649806042315 => NORMAL
t=493.4 cht=52.0 exp_cht=57.844649806042334 dev=-4.744649806042332 => NORMAL
t=494.4 cht=52.300000000000004 exp_cht=57.84464980604233 dev=-4.444649806042321 => NORMAL
t=495.4 cht=51.5 exp_cht=48.30502098087099 dev=3.794979019129009 => NORMAL
t=496.4 cht=53.1 exp_cht=48.269698758648765 dev=4.830301241351236 => NORMAL
t=497.4 cht=52.0 exp_cht=45.576351139601165 dev=7.223648860398839 => SENSOR_DRIFT
t=498.4 cht=52.5 exp_cht=45.15084897509898 dev=8.049151024901022 => SENSOR_DRIFT
t=499.4 cht=51.1 exp_cht=44.16913906346254 dev=7.630860936537466 => SENSOR_DRIFT
t=500.4 cht=51.400000000000006 exp_cht=44.452834468132124 dev=8.047165531867876 => SENSOR_DRIFT
t=501.4 cht=52.0 exp_cht=44.21385113479879 dev=8.886148865201214 => SENSOR_DRIFT
t=502.4 cht=51.400000000000006 exp_cht=44.16047239679587 dev=8.239527603204138 => SENSOR_DRIFT
t=503.4 cht=51.6 exp_cht=44.233933006143815 dev=7.466066993856188 => SENSOR_DRIFT
t=504.4 cht=52.400000000000006 exp_cht=44.2294330061438 dev=8.170566993856205 => SENSOR_DRIFT
t=505.4 cht=52.7 exp_cht=44.21355662215253 dev=8.486443377847472 => SENSOR_DRIFT
t=506.4 cht=50.7 exp_cht=43.995297708980964 dev=8.104702291019038 => SENSOR_DRIFT
t=507.4 cht=51.300000000000004 exp_cht=44.00489770898097 dev=7.695102291019033 => SENSOR_DRIFT
t=508.4 cht=50.2 exp_cht=42.815859640994056 dev=9.08414035900595 => SENSOR_DRIFT
t=509.4 cht=51.400000000000006 exp_cht=43.11723155758036 dev=8.48276844241964 => SENSOR_DRIFT
t=510.4 cht=51.300000000000004 exp_cht=42.34967226587381 dev=10.150327734126193 => SENSOR_DRIFT
t=511.4 cht=51.300000000000004 exp_cht=42.349672265873785 dev=8.950327734126219 => SENSOR_DRIFT
t=512.4 cht=51.300000000000004 exp_cht=42.35985559920713 dev=8.940144400792875 => SENSOR_DRIFT
t=513.4 cht=50.7 exp_cht=42.35985559920714 dev=9.640144400792863 => SENSOR_DRIFT
t=514.4 cht=51.900000000000006 exp_cht=42.74402751699267 dev=9.15597248300734 => SENSOR_DRIFT
t=515.4 cht=52.2 exp_cht=42.35985559920713 dev=9.840144400792873 => SENSOR_DRIFT
t=516.4 cht=49.400000000000006 exp_cht=42.35985559920714 dev=7.740144400792865 => SENSOR_DRIFT
t=517.4 cht=51.300000000000004 exp_cht=42.35985559920715 dev=8.940144400792853 => SENSOR_DRIFT
t=518.4 cht=50.900000000000006 exp_cht=42.35985559920713 dev=9.64014440079287 => SENSOR_DRIFT
t=519.4 cht=51.2 exp_cht=42.37665092084457 dev=8.823349079155435 => SENSOR_DRIFT
t=520.4 cht=50.0 exp_cht=42.37665092084456 dev=9.023349079155444 => SENSOR_DRIFT
t=521.4 cht=49.5 exp_cht=42.37665092084457 dev=8.323349079155435 => SENSOR_DRIFT
t=522.4 cht=50.900000000000006 exp_cht=42.37665092084455 dev=9.323349079155456 => SENSOR_DRIFT
t=523.4 cht=50.6 exp_cht=42.37665092084455 dev=8.723349079155454 => SENSOR_DRIFT
t=524.4 cht=50.900000000000006 exp_cht=42.37665092084456 dev=8.523349079155444 => SENSOR_DRIFT
t=525.4 cht=50.0 exp_cht=42.37665092084456 dev=9.023349079155444 => SENSOR_DRIFT
t=526.4 cht=50.6 exp_cht=42.36856758751122 dev=8.231432412488779 => SENSOR_DRIFT
t=527.4 cht=51.5 exp_cht=42.36856758751124 dev=9.131432412488763 => SENSOR_DRIFT
t=528.4 cht=50.300000000000004 exp_cht=42.36856758751124 dev=8.031432412488769 => SENSOR_DRIFT
t=529.4 cht=50.0 exp_cht=42.752739505296766 dev=8.347260494703235 => SENSOR_DRIFT
t=530.4 cht=51.800000000000004 exp_cht=42.36856758751122 dev=9.931432412488782 => SENSOR_DRIFT
t=531.4 cht=50.0 exp_cht=42.38894258751123 dev=8.21105741248877 => SENSOR_DRIFT
t=532.4 cht=50.400000000000006 exp_cht=42.38894258751123 dev=8.811057412488772 => SENSOR_DRIFT
t=533.4 cht=51.5 exp_cht=42.38894258751123 dev=9.111057412488769 => SENSOR_DRIFT
t=534.4 cht=49.7 exp_cht=42.773114505296775 dev=8.126885494703231 => SENSOR_DRIFT
t=535.4 cht=48.400000000000006 exp_cht=42.39467748659906 dev=7.805322513400945 => SENSOR_DRIFT
t=536.4 cht=51.7 exp_cht=42.39467748659906 dev=9.305322513400945 => SENSOR_DRIFT
t=537.4 cht=51.300000000000004 exp_cht=42.394677486599065 dev=8.90532251340094 => SENSOR_DRIFT
t=0.0 cht=50.5 exp_cht=28.578776882421625 dev=22.621223117578378 => NORMAL
t=120.1 cht=59.400000000000006 exp_cht=63.49770476190475 dev=-3.097704761904744 => NORMAL
t=121.2 cht=59.5 exp_cht=63.560704761904745 dev=-3.4607047619047435 => NORMAL
t=122.3 cht=60.0 exp_cht=63.42680476190476 dev=-3.426804761904762 => NORMAL
t=123.4 cht=61.0 exp_cht=63.3963380952381 dev=-2.3963380952381 => NORMAL
t=124.5 cht=59.7 exp_cht=63.37190476190477 dev=-3.371904761904773 => NORMAL
t=125.6 cht=59.400000000000006 exp_cht=63.39090476190476 dev=-3.7909047619047556 => NORMAL
t=126.7 cht=59.400000000000006 exp_cht=63.40240476190475 dev=-3.202404761904745 => NORMAL
t=127.8 cht=59.900000000000006 exp_cht=63.38940476190474 dev=-2.68940476190474 => NORMAL
t=128.9 cht=59.7 exp_cht=63.38940476190475 dev=-2.0894047619047456 => NORMAL
t=130.0 cht=61.400000000000006 exp_cht=63.327814285714275 dev=-1.9278142857142697 => NORMAL
t=131.1 cht=58.900000000000006 exp_cht=63.394171428571426 dev=-2.6941714285714227 => NORMAL
t=132.2 cht=59.400000000000006 exp_cht=63.41640476190475 dev=-3.216404761904748 => NORMAL
t=133.3 cht=58.2 exp_cht=63.40467142857142 dev=-2.8046714285714174 => NORMAL
t=134.4 cht=59.300000000000004 exp_cht=63.40240476190477 dev=-3.802404761904768 => NORMAL
t=135.5 cht=60.2 exp_cht=63.40467142857142 dev=-3.004671428571413 => NORMAL
t=136.6 cht=58.1 exp_cht=63.38940476190475 dev=-2.989404761904744 => NORMAL
t=137.7 cht=58.400000000000006 exp_cht=63.385504761904755 dev=-4.085504761904751 => NORMAL
t=138.8 cht=58.800000000000004 exp_cht=63.39517142857142 dev=-3.095171428571419 => NORMAL
t=139.9 cht=59.6 exp_cht=63.316171428571415 dev=-3.3161714285714154 => NORMAL
t=141.0 cht=58.400000000000006 exp_cht=63.30090476190476 dev=-3.3009047619047607 => NORMAL
t=142.1 cht=58.6 exp_cht=63.30567142857142 dev=-3.1056714285714193 => NORMAL
t=143.2 cht=60.6 exp_cht=63.31617142857141 dev=-2.716171428571407 => NORMAL
t=144.3 cht=57.900000000000006 exp_cht=63.31617142857144 dev=-3.2161714285714353 => NORMAL
t=145.4 cht=59.2 exp_cht=63.316171428571415 dev=-3.4161714285714098 => NORMAL
t=146.5 cht=58.6 exp_cht=63.31617142857144 dev=-4.0161714285714325 => NORMAL
t=147.6 cht=57.5 exp_cht=63.316171428571415 dev=-2.8161714285714154 => NORMAL
t=148.7 cht=60.2 exp_cht=63.31617142857142 dev=-2.916171428571417 => NORMAL
t=149.8 cht=58.5 exp_cht=63.28733809523809 dev=-3.5873380952380884 => NORMAL
t=150.9 cht=59.300000000000004 exp_cht=63.406071428571416 dev=-4.106071428571411 => NORMAL
t=152.0 cht=60.0 exp_cht=63.115342857142856 dev=-3.1153428571428563 => NORMAL
t=153.1 cht=59.7 exp_cht=63.14220952380951 dev=-3.4422095238095096 => NORMAL
t=154.2 cht=58.1 exp_cht=62.75374190476191 dev=-3.0537419047619068 => NORMAL
t=155.3 cht=58.5 exp_cht=62.635275238095254 dev=-2.935275238095251 => NORMAL
t=156.4 cht=60.300000000000004 exp_cht=62.19986345971087 dev=-1.8998634597108648 => NORMAL
t=157.5 cht=59.6 exp_cht=62.25499679304419 dev=-1.3549967930441866 => NORMAL
t=158.6 cht=58.7 exp_cht=62.144449173996556 dev=-2.3444491739965514 => NORMAL
t=159.7 cht=58.7 exp_cht=61.6654576712877 dev=-1.9654576712876946 => NORMAL
t=160.8 cht=58.900000000000006 exp_cht=61.688625364472756 dev=-2.7886253644727503 => NORMAL
t=161.9 cht=59.300000000000004 exp_cht=61.57332909985912 dev=-1.37332909985912 => NORMAL
t=163.0 cht=59.7 exp_cht=61.58844814747817 dev=-1.8884481474781651 => NORMAL
t=164.1 cht=59.1 exp_cht=61.5997277393149 dev=-1.7997277393148963 => NORMAL
t=165.2 cht=60.2 exp_cht=61.58384678693394 dev=-1.3838467869339368 => NORMAL
t=166.3 cht=59.5 exp_cht=61.59984678693396 dev=-1.8998467869339564 => NORMAL
t=167.4 cht=58.900000000000006 exp_cht=61.57739440598158 dev=-2.4773944059815776 => NORMAL
t=168.5 cht=58.6 exp_cht=61.40377059645776 dev=-0.9037705964577611 => NORMAL
t=169.6 cht=60.2 exp_cht=61.27892297741014 dev=-1.0789229774101372 => NORMAL
t=170.7 cht=60.2 exp_cht=61.28942297741013 dev=-1.0894229774101305 => NORMAL
t=171.8 cht=58.400000000000006 exp_cht=61.31002297741013 dev=-0.810022977410128 => NORMAL
t=172.9 cht=58.400000000000006 exp_cht=61.27268964407682 dev=-0.4726896440768158 => NORMAL
t=174.0 cht=59.900000000000006 exp_cht=61.233689644076804 dev=-1.3336896440767987 => NORMAL
t=175.1 cht=59.900000000000006 exp_cht=61.258522977410145 dev=-1.3585229774101393 => NORMAL
t=176.2 cht=60.0 exp_cht=61.2336896440768 dev=-1.2336896440767973 => NORMAL
t=177.3 cht=57.6 exp_cht=61.23368964407682 dev=-2.7336896440768186 => NORMAL
t=178.4 cht=58.2 exp_cht=61.167089644076796 dev=-1.2670896440767905 => NORMAL
t=179.5 cht=58.900000000000006 exp_cht=60.69533920784913 dev=-1.2953392078491248 => NORMAL
t=180.6 cht=57.400000000000006 exp_cht=60.77903920784913 dev=-0.9790392078491266 => NORMAL
t=181.7 cht=57.400000000000006 exp_cht=60.46763380244372 dev=-0.5676338024437158 => NORMAL
t=182.8 cht=59.1 exp_cht=60.02720659601652 dev=-0.9272065960165179 => NORMAL
t=183.9 cht=57.300000000000004 exp_cht=59.422635656537835 dev=-0.3226356565378339 => NORMAL
t=185.0 cht=58.7 exp_cht=59.567201555770396 dev=-0.1672015557703901 => NORMAL
t=186.1 cht=57.1 exp_cht=59.56720155577042 dev=-0.9672015557704157 => NORMAL
t=187.2 cht=58.900000000000006 exp_cht=59.2468003757171 dev=-0.34680037571709477 => NORMAL
t=188.3 cht=57.7 exp_cht=59.41379615036499 dev=0.08620384963501238 => NORMAL
t=189.4 cht=58.1 exp_cht=59.389296150365 dev=-0.48929615036499285 => NORMAL
t=190.5 cht=58.1 exp_cht=59.18296154787829 dev=0.5170384521217102 => NORMAL
t=191.6 cht=56.800000000000004 exp_cht=59.34995732252617 dev=-0.5499573225261685 => NORMAL
t=192.7 cht=58.400000000000006 exp_cht=59.34995732252616 dev=-0.6499573225261557 => NORMAL
t=193.8 cht=59.2 exp_cht=58.821771071687806 dev=0.3782289283121969 => NORMAL
t=194.9 cht=57.800000000000004 exp_cht=58.90461849468735 dev=-0.4046184946873481 => NORMAL
t=196.0 cht=58.2 exp_cht=60.37116190476189 dev=-1.4711619047618854 => NORMAL
t=197.1 cht=58.800000000000004 exp_cht=58.18554132019705 dev=0.6144586798029508 => NORMAL
t=198.2 cht=57.5 exp_cht=58.09803869493119 dev=-0.5980386949311907 => NORMAL
t=199.3 cht=56.400000000000006 exp_cht=49.93342857142858 dev=7.566571428571422 => SENSOR_DRIFT
t=200.4 cht=57.0 exp_cht=49.63484761904763 dev=7.365152380952367 => SENSOR_DRIFT
t=201.5 cht=57.5 exp_cht=47.57586276536844 dev=9.924137234631559 => SENSOR_DRIFT
t=202.6 cht=56.800000000000004 exp_cht=45.8680294108123 dev=12.231970589187704 => SENSOR_DRIFT
t=203.7 cht=55.6 exp_cht=44.35740599946747 dev=11.942594000532537 => SENSOR_DRIFT
t=204.8 cht=56.2 exp_cht=44.361933084557705 dev=11.938066915442299 => SENSOR_DRIFT
t=205.9 cht=56.0 exp_cht=44.06803386657516 dev=11.931966133424837 => SENSOR_DRIFT
t=207.0 cht=54.6 exp_cht=44.17184394673239 dev=11.028156053267615 => SENSOR_DRIFT
t=208.1 cht=54.400000000000006 exp_cht=43.93977545383148 dev=13.160224546168521 => SENSOR_DRIFT
t=209.2 cht=54.5 exp_cht=43.95205391066875 dev=11.74794608933125 => SENSOR_DRIFT
t=210.3 cht=55.7 exp_cht=43.97616867082902 dev=11.723831329170984 => SENSOR_DRIFT
t=211.4 cht=55.400000000000006 exp_cht=43.90566638180704 dev=11.494333618192968 => SENSOR_DRIFT
t=212.5 cht=53.400000000000006 exp_cht=43.85326550567281 dev=11.046734494327197 => SENSOR_DRIFT
t=213.6 cht=54.300000000000004 exp_cht=43.871300816499854 dev=11.628699183500146 => SENSOR_DRIFT
t=214.7 cht=54.400000000000006 exp_cht=43.82498350871222 dev=12.27501649128778 => SENSOR_DRIFT
t=215.8 cht=54.300000000000004 exp_cht=43.84176962242785 dev=11.458230377572157 => SENSOR_DRIFT
t=216.9 cht=54.6 exp_cht=43.83936595875406 dev=10.760634041245943 => SENSOR_DRIFT
t=218.0 cht=53.300000000000004 exp_cht=43.824450272479545 dev=11.07554972752046 => SENSOR_DRIFT
t=219.1 cht=52.6 exp_cht=43.83375090585031 dev=11.166249094149691 => SENSOR_DRIFT
t=220.2 cht=53.6 exp_cht=43.82685393615334 dev=9.77314606384666 => SENSOR_DRIFT
t=221.3 cht=52.1 exp_cht=43.82685393615334 dev=9.77314606384666 => SENSOR_DRIFT
t=222.4 cht=53.5 exp_cht=43.862313724547676 dev=10.637686275452324 => SENSOR_DRIFT
t=223.5 cht=53.6 exp_cht=43.79989725536945 dev=10.200102744630549 => SENSOR_DRIFT
t=224.6 cht=53.1 exp_cht=43.83432316257908 dev=9.86567683742092 => SENSOR_DRIFT
t=225.7 cht=53.0 exp_cht=43.87400613605773 dev=10.325993863942273 => SENSOR_DRIFT
t=226.8 cht=52.7 exp_cht=43.874006136057744 dev=9.92599386394226 => SENSOR_DRIFT
t=227.9 cht=52.400000000000006 exp_cht=43.86924759264037 dev=10.230752407359631 => SENSOR_DRIFT
t=0.0 cht=50.400000000000006 exp_cht=28.84086643466044 dev=22.25913356533956 => NORMAL
t=120.1 cht=58.900000000000006 exp_cht=63.50091428571426 dev=-4.000914285714259 => NORMAL
t=121.2 cht=59.0 exp_cht=63.44756758563075 dev=-2.4475675856307504 => NORMAL
t=122.3 cht=59.1 exp_cht=63.380347619047605 dev=-3.180347619047602 => NORMAL
t=123.4 cht=60.5 exp_cht=63.329980952380936 dev=-2.5299809523809316 => NORMAL
t=124.5 cht=61.300000000000004 exp_cht=63.33011428571428 dev=-2.0301142857142764 => NORMAL
t=125.6 cht=59.400000000000006 exp_cht=63.41640476190476 dev=-3.416404761904758 => NORMAL
t=126.7 cht=59.1 exp_cht=63.389404761904764 dev=-3.889404761904764 => NORMAL
t=127.8 cht=59.2 exp_cht=63.39090476190475 dev=-3.190904761904747 => NORMAL
t=128.9 cht=59.300000000000004 exp_cht=63.38940476190474 dev=-3.8894047619047427 => NORMAL
t=130.0 cht=60.7 exp_cht=63.41640476190475 dev=-2.6164047619047466 => NORMAL
t=131.1 cht=60.400000000000006 exp_cht=63.39417142857142 dev=-2.9941714285714127 => NORMAL
t=132.2 cht=58.0 exp_cht=63.394171428571426 dev=-2.49417142857142 => NORMAL
t=133.3 cht=59.400000000000006 exp_cht=63.40467142857141 dev=-2.504671428571406 => NORMAL
t=134.4 cht=60.800000000000004 exp_cht=63.394114285714274 dev=-2.5941142857142694 => NORMAL
t=135.5 cht=59.900000000000006 exp_cht=63.40467142857142 dev=-3.204671428571416 => NORMAL
t=136.6 cht=59.2 exp_cht=63.402404761904755 dev=-3.0024047619047494 => NORMAL
t=137.7 cht=59.5 exp_cht=63.38550476190475 dev=-2.3855047619047482 => NORMAL
t=138.8 cht=59.400000000000006 exp_cht=63.39517142857142 dev=-2.7951714285714218 => NORMAL
t=139.9 cht=59.1 exp_cht=63.316171428571415 dev=-3.6161714285714126 => NORMAL
t=141.0 cht=58.7 exp_cht=63.316171428571415 dev=-2.516171428571411 => NORMAL
t=142.1 cht=59.5 exp_cht=63.32190476190476 dev=-3.6219047619047586 => NORMAL
t=143.2 cht=58.1 exp_cht=63.30090476190475 dev=-3.200904761904745 => NORMAL
t=144.3 cht=58.7 exp_cht=63.31617142857141 dev=-3.3161714285714083 => NORMAL
t=145.4 cht=59.7 exp_cht=63.31617142857142 dev=-3.216171428571421 => NORMAL
t=146.5 cht=59.300000000000004 exp_cht=63.31617142857142 dev=-2.6161714285714197 => NORMAL
t=147.6 cht=59.6 exp_cht=63.31617142857144 dev=-3.616171428571434 => NORMAL
t=148.7 cht=59.2 exp_cht=63.394571428571425 dev=-4.194571428571422 => NORMAL
t=149.8 cht=59.400000000000006 exp_cht=63.12758571428571 dev=-3.727585714285702 => NORMAL
t=150.9 cht=59.2 exp_cht=63.28733809523808 dev=-3.787338095238077 => NORMAL
t=152.0 cht=58.400000000000006 exp_cht=63.07127619047618 dev=-4.171276190476178 => NORMAL
t=153.1 cht=58.6 exp_cht=63.08354285714286 dev=-2.483542857142858 => NORMAL
t=154.2 cht=59.7 exp_cht=62.72487523809526 dev=-2.8248752380952524 => NORMAL
t=155.3 cht=59.900000000000006 exp_cht=62.63527523809524 dev=-2.1352752380952396 => NORMAL
t=156.4 cht=58.300000000000004 exp_cht=62.251363459710866 dev=-1.451363459710862 => NORMAL
t=157.5 cht=57.800000000000004 exp_cht=62.191211078758485 dev=-2.9912110787584822 => NORMAL
t=158.6 cht=57.6 exp_cht=62.069215840663226 dev=-1.9692158406632245 => NORMAL
t=159.7 cht=59.2 exp_cht=61.96719679304419 dev=-2.667196793044184 => NORMAL
t=160.8 cht=58.7 exp_cht=61.92262536447276 dev=-3.1226253644727535 => NORMAL
t=161.9 cht=58.6 exp_cht=61.870568221615606 dev=-2.9705682216156006 => NORMAL
t=163.0 cht=60.5 exp_cht=61.588448147478175 dev=-1.088448147478175 => NORMAL
t=164.1 cht=58.6 exp_cht=61.58851345360062 dev=-1.8885134536006163 => NORMAL
t=165.2 cht=59.400000000000006 exp_cht=61.595061072648235 dev=-2.0950610726482353 => NORMAL
t=166.3 cht=57.2 exp_cht=62.04415257535711 dev=-2.2441525753571057 => NORMAL
t=167.4 cht=58.0 exp_cht=61.57739440598158 dev=-2.7773944059815747 => NORMAL
t=168.5 cht=61.1 exp_cht=61.376084882172044 dev=-0.27608488217204297 => NORMAL
t=0.0 cht=50.2 exp_cht=28.578776882421625 dev=22.621223117578378 => NORMAL
t=0.0 cht=49.0 exp_cht=28.578776882421625 dev=22.021223117578376 => NORMAL
t=120.1 cht=59.400000000000006 exp_cht=63.436914285714266 dev=-3.136914285714262 => NORMAL
t=121.2 cht=58.300000000000004 exp_cht=63.48874761904761 dev=-2.488747619047608 => NORMAL
t=122.3 cht=59.6 exp_cht=62.837003597535514 dev=-2.137003597535511 => NORMAL
t=123.4 cht=59.300000000000004 exp_cht=63.32998095238095 dev=-4.029980952380946 => NORMAL
t=124.5 cht=59.7 exp_cht=63.38940476190475 dev=-3.689404761904747 => NORMAL
t=125.6 cht=58.1 exp_cht=62.6404051848371 dev=-2.440405184837097 => NORMAL
t=126.7 cht=59.900000000000006 exp_cht=63.41640476190477 dev=-2.2164047619047693 => NORMAL
t=127.8 cht=60.1 exp_cht=63.37190476190475 dev=-3.1719047619047487 => NORMAL
t=128.9 cht=58.7 exp_cht=63.371904761904744 dev=-2.57190476190474 => NORMAL
t=130.0 cht=61.1 exp_cht=63.389404761904764 dev=-2.2894047619047626 => NORMAL
t=131.1 cht=59.400000000000006 exp_cht=63.37190476190475 dev=-2.8719047619047515 => NORMAL
t=132.2 cht=59.900000000000006 exp_cht=63.371904761904744 dev=-3.4719047619047387 => NORMAL
t=133.3 cht=59.300000000000004 exp_cht=63.40240476190476 dev=-1.8024047619047607 => NORMAL
t=134.4 cht=58.2 exp_cht=63.37190476190475 dev=-3.27190476190475 => NORMAL
t=135.5 cht=60.800000000000004 exp_cht=63.39417142857143 dev=-2.5941714285714284 => NORMAL
t=136.6 cht=58.900000000000006 exp_cht=63.37190476190475 dev=-3.77190476190475 => NORMAL
t=137.7 cht=59.400000000000006 exp_cht=63.385504761904755 dev=-3.085504761904751 => NORMAL
t=138.8 cht=60.1 exp_cht=63.38467142857143 dev=-3.184671428571427 => NORMAL
t=139.9 cht=58.800000000000004 exp_cht=63.316171428571415 dev=-2.8161714285714154 => NORMAL
t=141.0 cht=60.300000000000004 exp_cht=63.30567142857143 dev=-3.005671428571425 => NORMAL
t=142.1 cht=57.7 exp_cht=63.30567142857142 dev=-3.6056714285714193 => NORMAL
t=143.2 cht=60.7 exp_cht=63.31617142857142 dev=-2.6161714285714197 => NORMAL
t=144.3 cht=59.6 exp_cht=63.31617142857144 dev=-2.616171428571434 => NORMAL
t=145.4 cht=58.1 exp_cht=63.316171428571415 dev=-2.8161714285714154 => NORMAL
t=146.5 cht=59.800000000000004 exp_cht=63.316171428571415 dev=-3.4161714285714098 => NORMAL
t=147.6 cht=59.7 exp_cht=63.30567142857142 dev=-3.505671428571418 => NORMAL
t=148.7 cht=58.6 exp_cht=63.316171428571415 dev=-2.716171428571414 => NORMAL
t=149.8 cht=58.400000000000006 exp_cht=63.34740476190476 dev=-3.1474047619047596 => NORMAL
t=150.9 cht=59.400000000000006 exp_cht=63.28733809523809 dev=-3.2873380952380913 => NORMAL
t=152.0 cht=59.2 exp_cht=63.092676190476176 dev=-1.9926761904761747 => NORMAL
t=153.1 cht=59.400000000000006 exp_cht=63.09267619047618 dev=-2.5926761904761833 => NORMAL
t=154.2 cht=59.400000000000006 exp_cht=62.72487523809524 dev=-3.024875238095234 => NORMAL
t=155.3 cht=59.5 exp_cht=62.589741904761915 dev=-3.0897419047619152 => NORMAL
t=156.4 cht=56.900000000000006 exp_cht=61.9642444120918 dev=-2.0642444120917958 => NORMAL
t=157.5 cht=59.400000000000006 exp_cht=62.19121107875848 dev=-1.691211078758478 => NORMAL
t=158.6 cht=59.2 exp_cht=61.77869100462103 dev=-2.278691004621031 => NORMAL
t=159.7 cht=58.1 exp_cht=62.04243012637751 dev=-1.642430126377505 => NORMAL
t=160.8 cht=59.400000000000006 exp_cht=62.0101444120918 dev=-2.5101444120917975 => NORMAL
t=161.9 cht=59.5 exp_cht=61.58111481414484 dev=-2.08111481414484 => NORMAL
t=163.0 cht=59.6 exp_cht=61.89018726923466 dev=-2.290187269234657 => NORMAL
t=164.1 cht=59.5 exp_cht=61.5997277393149 dev=-2.0997277393149005 => NORMAL
t=165.2 cht=60.2 exp_cht=61.58384678693396 dev=-1.3838467869339581 => NORMAL
t=166.3 cht=61.1 exp_cht=61.59984678693395 dev=-0.4998467869339507 => NORMAL
t=167.4 cht=57.800000000000004 exp_cht=61.56618012026728 dev=-1.6661801202672777 => NORMAL
t=168.5 cht=58.800000000000004 exp_cht=61.39508488217204 dev=-1.7950848821720413 => NORMAL
t=169.6 cht=59.1 exp_cht=61.26542297741015 dev=-2.1654229774101452 => NORMAL
t=170.7 cht=59.300000000000004 exp_cht=61.28942297741013 dev=-1.989422977410129 => NORMAL
t=171.8 cht=58.7 exp_cht=61.31002297741014 dev=-2.010022977410138 => NORMAL
t=172.9 cht=58.900000000000006 exp_cht=61.272689644076806 dev=-2.1726896440768044 => NORMAL
t=174.0 cht=58.300000000000004 exp_cht=61.23468964407682 dev=-2.134689644076822 => NORMAL
t=175.1 cht=58.7 exp_cht=61.247189644076805 dev=-2.547189644076802 => NORMAL
t=176.2 cht=60.1 exp_cht=61.23368964407682 dev=-0.9336896440768143 => NORMAL
t=177.3 cht=58.1 exp_cht=61.22068964407679 dev=-2.720689644076792 => NORMAL
t=178.4 cht=57.6 exp_cht=61.1660896440768 dev=-1.1660896440767985 => NORMAL
t=179.5 cht=59.1 exp_cht=60.74053920784914 dev=-0.6405392078491374 => NORMAL
t=180.6 cht=58.900000000000006 exp_cht=60.77903920784913 dev=-1.3790392078491251 => NORMAL
t=181.7 cht=58.900000000000006 exp_cht=60.467633802443736 dev=-0.6676338024437314 => NORMAL
t=182.8 cht=57.800000000000004 exp_cht=59.80410119061112 dev=-0.20410119061111942 => NORMAL
t=183.9 cht=58.400000000000006 exp_cht=59.58854106194323 dev=-0.9885410619432307 => NORMAL
t=185.0 cht=59.2 exp_cht=59.41379615036501 dev=0.18620384963499248 => NORMAL
t=186.1 cht=60.1 exp_cht=59.41379615036499 dev=0.6862038496350138 => NORMAL
t=187.2 cht=58.400000000000006 exp_cht=59.24680037571709 dev=0.3531996242829081 => NORMAL
t=188.3 cht=58.1 exp_cht=59.413796150364995 dev=-0.11379615036499047 => NORMAL
t=189.4 cht=58.800000000000004 exp_cht=59.2468003757171 dev=-0.14680037571709903 => NORMAL
t=190.5 cht=57.800000000000004 exp_cht=59.34995732252616 dev=-0.9499573225261528 => NORMAL
t=191.6 cht=59.1 exp_cht=59.32545732252617 dev=0.274542677473832 => NORMAL
t=192.7 cht=56.900000000000006 exp_cht=59.182961547878264 dev=-0.18296154787826424 => NORMAL
t=193.8 cht=58.800000000000004 exp_cht=58.82177107168782 dev=1.1782289283121798 => NORMAL
t=194.9 cht=58.2 exp_cht=58.76212272003946 dev=1.1378772799605485 => NORMAL
t=196.0 cht=57.5 exp_cht=60.371161904761905 dev=-1.8711619047619052 => NORMAL
t=197.1 cht=57.400000000000006 exp_cht=58.185541320197046 dev=-0.585541320197045 => NORMAL
t=198.2 cht=57.800000000000004 exp_cht=58.09803869493122 dev=-0.2980386949312148 => NORMAL
t=199.3 cht=57.900000000000006 exp_cht=49.933428571428585 dev=7.96657142857142 => SENSOR_DRIFT
t=200.4 cht=57.0 exp_cht=49.639606162464986 dev=8.360393837535014 => SENSOR_DRIFT
t=201.5 cht=57.1 exp_cht=47.59613932429874 dev=9.503860675701262 => SENSOR_DRIFT
t=202.6 cht=56.800000000000004 exp_cht=45.83016595874417 dev=10.969834041255837 => SENSOR_DRIFT
t=203.7 cht=57.0 exp_cht=44.33683261011172 dev=12.66316738988828 => SENSOR_DRIFT
t=204.8 cht=56.0 exp_cht=44.361933084557705 dev=11.638066915442295 => SENSOR_DRIFT
t=205.9 cht=57.1 exp_cht=44.11984924311969 dev=12.980150756880313 => SENSOR_DRIFT
t=207.0 cht=56.1 exp_cht=44.14061414292576 dev=12.05938585707424 => SENSOR_DRIFT
t=208.1 cht=56.300000000000004 exp_cht=43.90009248035283 dev=12.399907519647172 => SENSOR_DRIFT
t=209.2 cht=54.2 exp_cht=44.00200402526005 dev=12.097995974739952 => SENSOR_DRIFT
t=210.3 cht=54.2 exp_cht=43.96204136070942 dev=11.737958639290582 => SENSOR_DRIFT
t=211.4 cht=54.900000000000006 exp_cht=43.92584552014968 dev=12.174154479850323 => SENSOR_DRIFT
t=212.5 cht=54.900000000000006 exp_cht=43.85326550567281 dev=11.846734494327194 => SENSOR_DRIFT
t=213.6 cht=54.5 exp_cht=43.84273799780248 dev=10.957262002197524 => SENSOR_DRIFT
t=214.7 cht=53.800000000000004 exp_cht=43.860414188278654 dev=10.239585811721348 => SENSOR_DRIFT
t=215.8 cht=54.5 exp_cht=43.849238848853595 dev=10.650761151146405 => SENSOR_DRIFT
t=216.9 cht=55.800000000000004 exp_cht=43.87722941082218 dev=11.922770589177823 => SENSOR_DRIFT
t=218.0 cht=54.1 exp_cht=43.824450272479545 dev=10.475549727520459 => SENSOR_DRIFT
t=219.1 cht=54.300000000000004 exp_cht=43.82685393615335 dev=11.373146063846654 => SENSOR_DRIFT
t=220.2 cht=53.300000000000004 exp_cht=43.82685393615334 dev=10.573146063846664 => SENSOR_DRIFT
t=221.3 cht=53.300000000000004 exp_cht=43.82405602146644 dev=9.475943978533564 => SENSOR_DRIFT
t=222.4 cht=53.300000000000004 exp_cht=43.86231372454767 dev=10.237686275452333 => SENSOR_DRIFT
t=223.5 cht=52.800000000000004 exp_cht=43.87400613605775 dev=9.22599386394225 => SENSOR_DRIFT
t=224.6 cht=52.7 exp_cht=43.79989725536945 dev=10.30010274463055 => SENSOR_DRIFT
t=225.7 cht=53.6 exp_cht=43.874006136057744 dev=10.025993863942261 => SENSOR_DRIFT
t=226.8 cht=53.1 exp_cht=43.87400613605773 dev=9.425993863942274 => SENSOR_DRIFT
t=227.9 cht=51.5 exp_cht=43.834323162579096 dev=9.365676837420907 => SENSOR_DRIFT
t=229.0 cht=52.7 exp_cht=43.82405602146643 dev=9.175943978533567 => SENSOR_DRIFT
t=230.1 cht=52.400000000000006 exp_cht=43.87400613605772 dev=9.225993863942278 => SENSOR_DRIFT
t=231.2 cht=52.2 exp_cht=43.82405602146644 dev=9.575943978533566 => SENSOR_DRIFT
t=232.3 cht=52.900000000000006 exp_cht=43.86231372454767 dev=9.437686275452336 => SENSOR_DRIFT
t=233.4 cht=52.300000000000004 exp_cht=43.86662012403054 dev=8.933379875969464 => SENSOR_DRIFT
t=234.5 cht=53.5 exp_cht=43.83432316257908 dev=9.965676837420922 => SENSOR_DRIFT
t=235.6 cht=52.7 exp_cht=43.79832022628385 dev=9.701679773716151 => SENSOR_DRIFT
t=236.7 cht=52.400000000000006 exp_cht=43.82405602146645 dev=10.875943978533556 => SENSOR_DRIFT
t=237.8 cht=53.0 exp_cht=43.8337509058503 dev=10.166249094149698 => SENSOR_DRIFT
t=238.9 cht=53.300000000000004 exp_cht=43.86231372454768 dev=9.83768627545232 => SENSOR_DRIFT
t=240.0 cht=52.6 exp_cht=43.87400613605773 dev=9.025993863942276 => SENSOR_DRIFT
t=241.1 cht=52.0 exp_cht=43.83375090585032 dev=9.666249094149677 => SENSOR_DRIFT
t=242.2 cht=53.6 exp_cht=43.824450272479545 dev=9.775549727520456 => SENSOR_DRIFT
t=243.3 cht=52.6 exp_cht=43.8446294108222 dev=9.2553705891778 => SENSOR_DRIFT
t=244.4 cht=52.5 exp_cht=43.8446294108222 dev=9.355370589177802 => SENSOR_DRIFT
t=245.5 cht=51.6 exp_cht=43.869247592640356 dev=8.53075240735965 => SENSOR_DRIFT
t=246.6 cht=51.900000000000006 exp_cht=43.8446294108222 dev=9.955370589177804 => SENSOR_DRIFT
t=247.7 cht=52.900000000000006 exp_cht=43.866620124030554 dev=9.43337987596945 => SENSOR_DRIFT
t=248.8 cht=52.2 exp_cht=43.87400613605773 dev=9.325993863942273 => SENSOR_DRIFT
t=249.9 cht=52.2 exp_cht=43.84462941082219 dev=9.755370589177808 => SENSOR_DRIFT
t=251.0 cht=52.400000000000006 exp_cht=43.87400613605773 dev=9.12599386394227 => SENSOR_DRIFT
t=252.1 cht=52.900000000000006 exp_cht=43.83432316257908 dev=9.665676837420918 => SENSOR_DRIFT
t=253.2 cht=51.800000000000004 exp_cht=43.874006136057744 dev=8.92599386394226 => SENSOR_DRIFT
t=254.3 cht=50.6 exp_cht=43.84462941082219 dev=8.85537058917781 => SENSOR_DRIFT
t=255.4 cht=50.0 exp_cht=43.87400613605773 dev=7.825993863942273 => SENSOR_DRIFT
t=256.4 cht=50.800000000000004 exp_cht=43.8446294108222 dev=8.855370589177802 => SENSOR_DRIFT
t=257.4 cht=52.1 exp_cht=43.83432316257908 dev=8.26567683742092 => SENSOR_DRIFT
t=258.4 cht=52.900000000000006 exp_cht=43.86662012403054 dev=9.033379875969466 => SENSOR_DRIFT
t=259.4 cht=52.0 exp_cht=43.84462941082219 dev=9.555370589177812 => SENSOR_DRIFT
t=260.4 cht=51.7 exp_cht=43.84462941082218 dev=9.055370589177826 => SENSOR_DRIFT
t=261.4 cht=51.7 exp_cht=43.862313724547676 dev=9.437686275452329 => SENSOR_DRIFT
t=262.4 cht=52.400000000000006 exp_cht=43.84462941082219 dev=8.85537058917781 => SENSOR_DRIFT
t=263.4 cht=52.1 exp_cht=43.82405602146644 dev=8.875943978533563 => SENSOR_DRIFT
t=264.4 cht=50.7 exp_cht=43.87400613605772 dev=9.32599386394228 => SENSOR_DRIFT
t=265.4 cht=50.900000000000006 exp_cht=43.84462941082219 dev=7.455370589177811 => SENSOR_DRIFT
t=266.4 cht=51.6 exp_cht=43.874006136057744 dev=8.825993863942259 => SENSOR_DRIFT
t=267.4 cht=52.900000000000006 exp_cht=43.8446294108222 dev=9.055370589177805 => SENSOR_DRIFT
t=268.4 cht=52.5 exp_cht=43.869247592640356 dev=9.330752407359647 => SENSOR_DRIFT
t=269.4 cht=51.900000000000006 exp_cht=43.87400613605773 dev=8.325993863942273 => SENSOR_DRIFT
t=270.4 cht=52.300000000000004 exp_cht=43.869247592640356 dev=8.53075240735965 => SENSOR_DRIFT
t=271.4 cht=50.7 exp_cht=43.84462941082219 dev=8.755370589177808 => SENSOR_DRIFT
t=272.4 cht=53.0 exp_cht=43.84462941082219 dev=9.155370589177807 => SENSOR_DRIFT
t=273.4 cht=50.2 exp_cht=43.84462941082219 dev=9.055370589177812 => SENSOR_DRIFT
t=274.4 cht=51.300000000000004 exp_cht=43.84462941082217 dev=8.455370589177832 => SENSOR_DRIFT
t=275.4 cht=51.7 exp_cht=43.86458271263431 dev=9.63541728736569 => SENSOR_DRIFT
t=276.4 cht=52.800000000000004 exp_cht=43.83520598739876 dev=9.464794012601246 => SENSOR_DRIFT
t=277.4 cht=51.400000000000006 exp_cht=43.83520598739878 dev=8.764794012601222 => SENSOR_DRIFT
t=278.4 cht=51.800000000000004 exp_cht=43.83520598739875 dev=9.064794012601254 => SENSOR_DRIFT
t=279.4 cht=52.1 exp_cht=43.835205987398766 dev=8.464794012601239 => SENSOR_DRIFT
t=280.4 cht=53.0 exp_cht=43.83520598739878 dev=9.264794012601222 => SENSOR_DRIFT
t=281.4 cht=49.900000000000006 exp_cht=43.83520598739878 dev=8.364794012601223 => SENSOR_DRIFT
t=282.4 cht=52.6 exp_cht=43.84058979365329 dev=8.759410206346715 => SENSOR_DRIFT
t=283.4 cht=51.5 exp_cht=43.8405897936533 dev=8.7594102063467 => SENSOR_DRIFT
t=284.4 cht=51.6 exp_cht=43.8587249934651 dev=8.641275006534897 => SENSOR_DRIFT
t=285.4 cht=51.900000000000006 exp_cht=43.847032581955034 dev=8.852967418044969 => SENSOR_DRIFT
t=286.4 cht=51.0 exp_cht=43.842032478755876 dev=8.657967521244124 => SENSOR_DRIFT
t=287.4 cht=52.7 exp_cht=43.84203247875588 dev=8.85796752124412 => SENSOR_DRIFT
t=288.4 cht=51.400000000000006 exp_cht=43.842032478755876 dev=9.257967521244126 => SENSOR_DRIFT
t=289.4 cht=50.5 exp_cht=45.3678386180607 dev=7.432161381939302 => SENSOR_DRIFT
t=290.4 cht=52.800000000000004 exp_cht=43.84203247875588 dev=9.157967521244117 => SENSOR_DRIFT
t=291.4 cht=51.5 exp_cht=43.84203247875588 dev=9.35796752124412 => SENSOR_DRIFT
t=292.4 cht=52.300000000000004 exp_cht=43.84819811151021 dev=8.551801888489798 => SENSOR_DRIFT
t=293.4 cht=50.800000000000004 exp_cht=43.84819811151021 dev=8.951801888489797 => SENSOR_DRIFT
t=294.4 cht=52.300000000000004 exp_cht=43.84819811151023 dev=9.051801888489777 => SENSOR_DRIFT
t=295.4 cht=50.6 exp_cht=43.84819811151022 dev=7.951801888489783 => SENSOR_DRIFT
t=296.4 cht=51.2 exp_cht=43.85163283373243 dev=9.148367166267569 => SENSOR_DRIFT
t=297.4 cht=51.400000000000006 exp_cht=43.82668185334027 dev=9.673318146659732 => SENSOR_DRIFT
t=298.4 cht=51.900000000000006 exp_cht=43.856037155513604 dev=8.043962844486401 => SENSOR_DRIFT
t=299.4 cht=52.5 exp_cht=43.960710615241695 dev=8.539289384758305 => SENSOR_DRIFT
t=300.4 cht=52.7 exp_cht=43.96071061524169 dev=9.039289384758312 => SENSOR_DRIFT
t=301.4 cht=52.1 exp_cht=43.978394928967184 dev=8.32160507103282 => SENSOR_DRIFT
t=302.4 cht=51.6 exp_cht=43.96071061524169 dev=8.239289384758315 => SENSOR_DRIFT
t=303.4 cht=51.400000000000006 exp_cht=43.96071061524169 dev=8.339289384758317 => SENSOR_DRIFT
t=304.4 cht=51.6 exp_cht=43.96071061524168 dev=9.139289384758321 => SENSOR_DRIFT
t=305.4 cht=50.300000000000004 exp_cht=43.96071061524168 dev=8.439289384758325 => SENSOR_DRIFT
t=306.4 cht=50.7 exp_cht=43.96071061524168 dev=8.639289384758321 => SENSOR_DRIFT
t=307.4 cht=51.800000000000004 exp_cht=43.96071061524168 dev=7.839289384758324 => SENSOR_DRIFT
t=308.4 cht=51.800000000000004 exp_cht=43.96071061524168 dev=8.939289384758325 => SENSOR_DRIFT
t=309.4 cht=51.5 exp_cht=43.96071061524169 dev=8.439289384758318 => SENSOR_DRIFT
t=310.4 cht=51.6 exp_cht=43.97583564174138 dev=9.224164358258626 => SENSOR_DRIFT
t=311.4 cht=50.7 exp_cht=43.97583564174138 dev=8.824164358258628 => SENSOR_DRIFT
t=312.4 cht=51.300000000000004 exp_cht=43.97583564174138 dev=8.92416435825863 => SENSOR_DRIFT
t=313.4 cht=51.6 exp_cht=43.97583564174137 dev=8.52416435825863 => SENSOR_DRIFT
t=314.4 cht=52.400000000000006 exp_cht=43.975835641741384 dev=9.424164358258622 => SENSOR_DRIFT
t=315.4 cht=52.400000000000006 exp_cht=43.97583564174138 dev=8.42416435825863 => SENSOR_DRIFT
t=316.4 cht=52.7 exp_cht=43.97583564174138 dev=8.724164358258626 => SENSOR_DRIFT
t=317.4 cht=52.400000000000006 exp_cht=43.97583564174137 dev=8.624164358258632 => SENSOR_DRIFT
t=318.4 cht=50.400000000000006 exp_cht=43.9830030575211 dev=8.316996942478902 => SENSOR_DRIFT
t=319.4 cht=51.0 exp_cht=45.49098482632232 dev=7.509015173677682 => SENSOR_DRIFT
t=320.4 cht=53.0 exp_cht=43.971173890854445 dev=9.028826109145555 => SENSOR_DRIFT
t=321.4 cht=51.2 exp_cht=43.9390975154499 dev=8.560902484550098 => SENSOR_DRIFT
t=322.4 cht=52.7 exp_cht=43.93439612450583 dev=8.865603875494173 => SENSOR_DRIFT
t=323.4 cht=52.1 exp_cht=43.934396124505845 dev=8.865603875494159 => SENSOR_DRIFT
t=324.4 cht=51.6 exp_cht=57.85764980604234 dev=-4.557649806042335 => NORMAL
t=325.4 cht=52.2 exp_cht=43.98422295350419 dev=8.415777046495819 => SENSOR_DRIFT
t=326.4 cht=52.1 exp_cht=43.98758846748549 dev=9.612411532514514 => SENSOR_DRIFT
t=327.4 cht=52.300000000000004 exp_cht=44.02614187476319 dev=9.07385812523681 => SENSOR_DRIFT
t=328.4 cht=52.2 exp_cht=44.02419321894432 dev=8.175806781055684 => SENSOR_DRIFT
t=329.4 cht=52.0 exp_cht=44.008796922648024 dev=8.391203077351982 => SENSOR_DRIFT
t=330.4 cht=51.300000000000004 exp_cht=55.06170635260062 dev=-2.461706352600622 => NORMAL
t=331.4 cht=51.7 exp_cht=44.038877171333304 dev=10.061122828666697 => SENSOR_DRIFT
t=332.4 cht=52.0 exp_cht=57.85764980604232 dev=-5.257649806042316 => NORMAL
t=333.4 cht=53.0 exp_cht=44.05506695955728 dev=8.94493304044272 => SENSOR_DRIFT
t=334.4 cht=53.400000000000006 exp_cht=57.85764980604232 dev=-4.457649806042312 => NORMAL
t=335.4 cht=51.5 exp_cht=57.857649806042325 dev=-5.0576498060423205 => NORMAL
t=336.4 cht=51.7 exp_cht=45.57828862921852 dev=6.521711370781482 => SENSOR_DRIFT
t=337.4 cht=53.1 exp_cht=44.05579648743138 dev=9.044203512568622 => SENSOR_DRIFT
t=338.4 cht=51.5 exp_cht=45.5637458458798 dev=6.536254154120201 => SENSOR_DRIFT
t=339.4 cht=51.800000000000004 exp_cht=44.05579648743138 dev=9.544203512568622 => SENSOR_DRIFT
t=340.4 cht=52.7 exp_cht=55.06170635260063 dev=-1.6617063526006248 => NORMAL
t=341.4 cht=52.900000000000006 exp_cht=44.05579648743137 dev=8.844203512568633 => SENSOR_DRIFT
t=342.4 cht=52.0 exp_cht=44.05579648743138 dev=8.744203512568625 => SENSOR_DRIFT
t=343.4 cht=52.7 exp_cht=57.85764980604232 dev=-4.157649806042315 => NORMAL
t=344.4 cht=51.300000000000004 exp_cht=44.06908537632026 dev=9.330914623679746 => SENSOR_DRIFT
t=345.4 cht=52.800000000000004 exp_cht=57.85764980604232 dev=-4.757649806042316 => NORMAL
t=346.4 cht=52.900000000000006 exp_cht=45.542376772765245 dev=7.357623227234761 => SENSOR_DRIFT
t=347.4 cht=51.800000000000004 exp_cht=44.03442741431681 dev=7.765572585683195 => SENSOR_DRIFT
t=348.4 cht=50.800000000000004 exp_cht=44.03442741431681 dev=9.46557258568319 => SENSOR_DRIFT
t=349.4 cht=51.2 exp_cht=57.857649806042325 dev=-5.457649806042319 => NORMAL
t=350.4 cht=51.7 exp_cht=45.54237677276524 dev=7.257623227234767 => SENSOR_DRIFT
t=351.4 cht=52.2 exp_cht=44.034427414316816 dev=8.665572585683186 => SENSOR_DRIFT
t=352.4 cht=52.800000000000004 exp_cht=44.034427414316816 dev=9.165572585683186 => SENSOR_DRIFT
t=353.4 cht=54.400000000000006 exp_cht=57.85764980604231 dev=-3.457649806042305 => NORMAL
t=354.4 cht=51.900000000000006 exp_cht=45.54237677276524 dev=6.857623227234768 => SENSOR_DRIFT
t=355.4 cht=52.2 exp_cht=44.034427414316816 dev=8.165572585683186 => SENSOR_DRIFT
t=356.4 cht=52.800000000000004 exp_cht=44.03442741431681 dev=8.865572585683196 => SENSOR_DRIFT
t=357.4 cht=51.300000000000004 exp_cht=57.857649806042325 dev=-4.457649806042319 => NORMAL
t=358.4 cht=51.900000000000006 exp_cht=55.04552857482285 dev=-1.945528574822852 => NORMAL
t=359.4 cht=51.2 exp_cht=55.04552857482285 dev=-1.8455285748228505 => NORMAL
t=360.4 cht=51.1 exp_cht=44.029374700897435 dev=8.570625299102566 => SENSOR_DRIFT
t=361.4 cht=52.5 exp_cht=44.02937470089744 dev=8.470625299102558 => SENSOR_DRIFT
t=362.4 cht=52.900000000000006 exp_cht=57.85764980604232 dev=-4.957649806042312 => NORMAL
t=363.4 cht=52.300000000000004 exp_cht=44.02937470089744 dev=9.07062529910256 => SENSOR_DRIFT
t=364.4 cht=52.400000000000006 exp_cht=57.85764980604234 dev=-5.057649806042335 => NORMAL
t=365.4 cht=52.900000000000006 exp_cht=44.04577251510509 dev=8.854227484894913 => SENSOR_DRIFT
t=366.4 cht=52.900000000000006 exp_cht=44.04577251510509 dev=9.05422748489491 => SENSOR_DRIFT
t=367.4 cht=52.900000000000006 exp_cht=57.857649806042325 dev=-4.957649806042319 => NORMAL
t=368.4 cht=52.800000000000004 exp_cht=57.85764980604234 dev=-5.057649806042335 => NORMAL
t=369.4 cht=53.0 exp_cht=44.04577251510509 dev=8.954227484894908 => SENSOR_DRIFT
t=370.4 cht=52.2 exp_cht=57.84464980604232 dev=-5.444649806042314 => NORMAL
t=371.4 cht=53.0 exp_cht=57.844649806042334 dev=-4.844649806042334 => NORMAL
t=372.4 cht=52.6 exp_cht=57.84464980604233 dev=-5.244649806042325 => NORMAL
t=373.4 cht=52.7 exp_cht=57.84464980604232 dev=-5.144649806042317 => NORMAL
t=374.4 cht=52.6 exp_cht=44.04042493031577 dev=9.259575069684232 => SENSOR_DRIFT
t=375.4 cht=51.7 exp_cht=57.84464980604233 dev=-5.444649806042321 => NORMAL
t=376.4 cht=53.7 exp_cht=57.84464980604233 dev=-4.144649806042324 => NORMAL
t=377.4 cht=53.7 exp_cht=45.57861129010397 dev=8.121388709896031 => SENSOR_DRIFT
t=378.4 cht=51.800000000000004 exp_cht=57.84464980604232 dev=-5.044649806042315 => NORMAL
t=379.4 cht=52.6 exp_cht=57.84464980604233 dev=-4.444649806042321 => NORMAL
t=380.4 cht=53.7 exp_cht=55.05236527795393 dev=-1.352365277953929 => NORMAL
t=381.4 cht=51.0 exp_cht=44.05044967838303 dev=8.54955032161697 => SENSOR_DRIFT
t=382.4 cht=51.7 exp_cht=57.84464980604233 dev=-4.544649806042322 => NORMAL
t=383.4 cht=51.1 exp_cht=57.84464980604233 dev=-3.644649806042324 => NORMAL
t=384.4 cht=52.300000000000004 exp_cht=57.84464980604232 dev=-5.544649806042315 => NORMAL
t=385.4 cht=52.400000000000006 exp_cht=57.844649806042334 dev=-4.5446498060423295 => NORMAL
t=386.4 cht=51.400000000000006 exp_cht=57.84464980604233 dev=-4.844649806042327 => NORMAL
t=387.4 cht=53.1 exp_cht=57.84464980604233 dev=-4.644649806042324 => NORMAL
t=388.4 cht=53.300000000000004 exp_cht=44.21864117039112 dev=9.081358829608881 => SENSOR_DRIFT
t=389.4 cht=52.5 exp_cht=57.84464980604232 dev=-5.044649806042315 => NORMAL
t=390.4 cht=51.6 exp_cht=57.84464980604234 dev=-4.144649806042338 => NORMAL
t=391.4 cht=52.7 exp_cht=57.84464980604232 dev=-4.444649806042314 => NORMAL
t=392.4 cht=52.0 exp_cht=57.84464980604233 dev=-5.044649806042322 => NORMAL
t=393.4 cht=52.2 exp_cht=57.84464980604233 dev=-5.044649806042322 => NORMAL
t=394.4 cht=52.5 exp_cht=57.84464980604232 dev=-4.544649806042315 => NORMAL
t=395.4 cht=50.900000000000006 exp_cht=57.84464980604232 dev=-5.944649806042314 => NORMAL
t=396.4 cht=51.5 exp_cht=57.84464980604232 dev=-5.244649806042318 => NORMAL
t=397.4 cht=51.6 exp_cht=57.844649806042334 dev=-4.344649806042334 => NORMAL
t=398.4 cht=51.300000000000004 exp_cht=44.155396995661256 dev=9.044603004338747 => SENSOR_DRIFT
t=399.4 cht=51.400000000000006 exp_cht=57.844649806042305 dev=-5.344649806042305 => NORMAL
t=400.4 cht=52.900000000000006 exp_cht=57.84464980604232 dev=-4.744649806042318 => NORMAL
t=401.4 cht=50.5 exp_cht=44.15539699566125 dev=9.044603004338754 => SENSOR_DRIFT
t=402.4 cht=52.6 exp_cht=57.84464980604232 dev=-5.244649806042318 => NORMAL
t=403.4 cht=52.900000000000006 exp_cht=57.844649806042334 dev=-4.944649806042328 => NORMAL
t=404.4 cht=52.5 exp_cht=57.844649806042334 dev=-4.0446498060423295 => NORMAL
t=405.4 cht=52.300000000000004 exp_cht=57.844649806042305 dev=-5.544649806042301 => NORMAL
t=406.4 cht=51.400000000000006 exp_cht=57.84464980604234 dev=-4.944649806042335 => NORMAL
t=407.4 cht=51.2 exp_cht=57.84464980604233 dev=-4.744649806042325 => NORMAL
t=408.4 cht=53.7 exp_cht=57.844649806042334 dev=-4.144649806042331 => NORMAL
t=409.4 cht=51.800000000000004 exp_cht=57.84464980604233 dev=-5.244649806042325 => NORMAL
t=410.4 cht=53.2 exp_cht=57.84464980604232 dev=-4.644649806042317 => NORMAL
t=411.4 cht=51.800000000000004 exp_cht=57.844649806042334 dev=-5.944649806042328 => NORMAL
t=412.4 cht=53.0 exp_cht=44.209679260218074 dev=8.790320739781926 => SENSOR_DRIFT
t=413.4 cht=51.7 exp_cht=57.84464980604233 dev=-4.244649806042325 => NORMAL
t=414.4 cht=52.800000000000004 exp_cht=57.84464980604233 dev=-4.344649806042327 => NORMAL
t=415.4 cht=53.300000000000004 exp_cht=57.84464980604233 dev=-4.544649806042322 => NORMAL
t=416.4 cht=52.900000000000006 exp_cht=57.84464980604233 dev=-4.644649806042324 => NORMAL
t=417.4 cht=51.7 exp_cht=57.84464980604233 dev=-4.544649806042322 => NORMAL
t=418.4 cht=52.800000000000004 exp_cht=57.84464980604232 dev=-3.744649806042318 => NORMAL
t=419.4 cht=53.6 exp_cht=57.84464980604232 dev=-4.244649806042318 => NORMAL
t=420.4 cht=51.7 exp_cht=45.69677019101261 dev=6.103229808987393 => SENSOR_DRIFT
t=421.4 cht=53.400000000000006 exp_cht=57.84464980604233 dev=-4.244649806042325 => NORMAL
t=422.4 cht=52.300000000000004 exp_cht=57.84464980604233 dev=-5.144649806042324 => NORMAL
t=423.4 cht=52.300000000000004 exp_cht=57.84464980604232 dev=-4.3446498060423195 => NORMAL
t=424.4 cht=51.900000000000006 exp_cht=57.844649806042305 dev=-5.244649806042304 => NORMAL
t=425.4 cht=53.1 exp_cht=57.84464980604233 dev=-4.144649806042324 => NORMAL
t=426.4 cht=53.1 exp_cht=57.84464980604233 dev=-3.644649806042324 => NORMAL
t=427.4 cht=53.0 exp_cht=57.844649806042305 dev=-4.844649806042305 => NORMAL
t=428.4 cht=50.900000000000006 exp_cht=57.84464980604232 dev=-4.8446498060423195 => NORMAL
t=429.4 cht=52.6 exp_cht=57.844649806042305 dev=-5.1446498060423025 => NORMAL
t=430.4 cht=51.2 exp_cht=57.84464980604233 dev=-5.344649806042327 => NORMAL
t=431.4 cht=51.900000000000006 exp_cht=57.84464980604232 dev=-5.744649806042318 => NORMAL
t=432.4 cht=51.5 exp_cht=57.84464980604233 dev=-4.244649806042325 => NORMAL
t=433.4 cht=52.7 exp_cht=57.844649806042334 dev=-5.144649806042331 => NORMAL
t=434.4 cht=52.1 exp_cht=57.84464980604233 dev=-5.144649806042324 => NORMAL
t=435.4 cht=52.400000000000006 exp_cht=57.84464980604233 dev=-5.444649806042321 => NORMAL
t=436.4 cht=53.0 exp_cht=57.84464980604232 dev=-4.8446498060423195 => NORMAL
t=437.4 cht=53.300000000000004 exp_cht=57.844649806042305 dev=-4.544649806042301 => NORMAL
t=438.4 cht=51.900000000000006 exp_cht=57.84464980604232 dev=-5.044649806042315 => NORMAL
t=439.4 cht=51.400000000000006 exp_cht=57.84464980604232 dev=-4.144649806042317 => NORMAL
t=440.4 cht=53.0 exp_cht=57.84464980604232 dev=-4.144649806042317 => NORMAL
t=441.4 cht=50.900000000000006 exp_cht=57.84464980604233 dev=-5.444649806042321 => NORMAL
t=442.4 cht=52.7 exp_cht=57.84464980604232 dev=-5.144649806042317 => NORMAL
t=443.4 cht=51.6 exp_cht=57.844649806042334 dev=-4.444649806042328 => NORMAL
t=444.4 cht=52.300000000000004 exp_cht=57.84464980604232 dev=-4.644649806042317 => NORMAL
t=445.4 cht=52.400000000000006 exp_cht=57.84464980604232 dev=-5.444649806042314 => NORMAL
t=446.4 cht=52.1 exp_cht=57.844649806042334 dev=-4.644649806042331 => NORMAL
t=447.4 cht=51.800000000000004 exp_cht=57.844649806042334 dev=-5.344649806042334 => NORMAL
t=448.4 cht=53.0 exp_cht=57.844649806042334 dev=-4.444649806042328 => NORMAL
t=449.4 cht=53.900000000000006 exp_cht=57.844649806042334 dev=-3.944649806042328 => NORMAL
t=450.4 cht=51.5 exp_cht=57.844649806042334 dev=-5.244649806042332 => NORMAL
t=451.4 cht=52.300000000000004 exp_cht=57.84464980604233 dev=-5.244649806042325 => NORMAL
t=452.4 cht=52.5 exp_cht=57.84464980604233 dev=-5.044649806042322 => NORMAL
t=453.4 cht=51.400000000000006 exp_cht=57.84464980604232 dev=-4.044649806042315 => NORMAL
t=454.4 cht=53.1 exp_cht=57.84464980604232 dev=-4.744649806042318 => NORMAL
t=455.4 cht=52.7 exp_cht=57.84464980604233 dev=-5.144649806042324 => NORMAL
t=456.4 cht=52.5 exp_cht=57.84464980604232 dev=-4.444649806042314 => NORMAL
t=457.4 cht=52.0 exp_cht=57.844649806042334 dev=-5.144649806042331 => NORMAL
t=458.4 cht=52.0 exp_cht=57.84464980604233 dev=-4.544649806042322 => NORMAL
t=459.4 cht=52.300000000000004 exp_cht=57.84464980604233 dev=-5.044649806042322 => NORMAL
t=460.4 cht=50.800000000000004 exp_cht=57.84464980604233 dev=-3.644649806042324 => NORMAL
t=461.4 cht=52.0 exp_cht=57.84464980604232 dev=-5.544649806042315 => NORMAL
t=462.4 cht=50.800000000000004 exp_cht=57.844649806042305 dev=-5.744649806042304 => NORMAL
t=463.4 cht=50.7 exp_cht=57.844649806042334 dev=-4.5446498060423295 => NORMAL
t=464.4 cht=53.900000000000006 exp_cht=57.84464980604232 dev=-3.5446498060423153 => NORMAL
t=465.4 cht=52.1 exp_cht=57.844649806042305 dev=-4.344649806042305 => NORMAL
t=466.4 cht=52.1 exp_cht=57.844649806042334 dev=-4.244649806042332 => NORMAL
t=467.4 cht=52.1 exp_cht=57.84464980604233 dev=-4.344649806042327 => NORMAL
t=468.4 cht=52.1 exp_cht=57.844649806042334 dev=-4.844649806042334 => NORMAL
t=469.4 cht=51.400000000000006 exp_cht=57.84464980604232 dev=-5.244649806042318 => NORMAL
t=470.4 cht=52.0 exp_cht=57.84464980604232 dev=-4.044649806042315 => NORMAL
t=471.4 cht=52.0 exp_cht=57.844649806042305 dev=-4.9446498060423 => NORMAL
t=472.4 cht=53.5 exp_cht=57.84464980604233 dev=-4.344649806042327 => NORMAL
t=473.4 cht=52.1 exp_cht=57.84464980604233 dev=-5.444649806042321 => NORMAL
t=474.4 cht=52.400000000000006 exp_cht=57.84464980604232 dev=-5.3446498060423195 => NORMAL
t=475.4 cht=51.7 exp_cht=57.84464980604233 dev=-5.444649806042321 => NORMAL
t=476.4 cht=53.7 exp_cht=57.80864980604234 dev=-4.108649806042337 => NORMAL
t=477.4 cht=52.900000000000006 exp_cht=57.844649806042334 dev=-4.444649806042328 => NORMAL
t=478.4 cht=53.2 exp_cht=57.844649806042334 dev=-3.944649806042328 => NORMAL
t=479.4 cht=53.7 exp_cht=57.84464980604233 dev=-4.144649806042324 => NORMAL
t=480.4 cht=52.0 exp_cht=57.808649806042325 dev=-5.808649806042325 => NORMAL
t=481.4 cht=52.400000000000006 exp_cht=57.84464980604233 dev=-4.644649806042324 => NORMAL
t=482.4 cht=54.0 exp_cht=57.844649806042334 dev=-3.8446498060423338 => NORMAL
t=483.4 cht=51.7 exp_cht=57.84464980604232 dev=-4.8446498060423195 => NORMAL
t=484.4 cht=54.1 exp_cht=57.84464980604232 dev=-3.744649806042318 => NORMAL
t=485.4 cht=52.2 exp_cht=57.84464980604233 dev=-4.444649806042321 => NORMAL
t=486.4 cht=52.400000000000006 exp_cht=57.84464980604233 dev=-4.944649806042321 => NORMAL
t=487.4 cht=53.0 exp_cht=57.84464980604233 dev=-4.444649806042321 => NORMAL
t=488.4 cht=53.800000000000004 exp_cht=57.84464980604232 dev=-4.044649806042315 => NORMAL
t=489.4 cht=52.300000000000004 exp_cht=57.844649806042334 dev=-4.244649806042332 => NORMAL
t=490.4 cht=51.900000000000006 exp_cht=57.84464980604232 dev=-5.3446498060423195 => NORMAL
t=491.4 cht=52.400000000000006 exp_cht=57.84464980604233 dev=-3.7446498060423252 => NORMAL
t=492.4 cht=52.400000000000006 exp_cht=57.84464980604232 dev=-5.244649806042318 => NORMAL
t=493.4 cht=52.0 exp_cht=57.84464980604233 dev=-2.7446498060423252 => NORMAL
t=494.4 cht=52.2 exp_cht=57.84464980604232 dev=-4.544649806042315 => NORMAL
t=495.4 cht=52.800000000000004 exp_cht=48.30502098087101 dev=5.494979019128998 => SENSOR_DRIFT
t=496.4 cht=53.800000000000004 exp_cht=48.269698758648744 dev=5.53030124135126 => SENSOR_DRIFT
t=497.4 cht=52.2 exp_cht=45.57635113960113 dev=7.823648860398876 => SENSOR_DRIFT
t=498.4 cht=52.0 exp_cht=45.598617806267804 dev=8.501382193732198 => SENSOR_DRIFT
t=499.4 cht=51.6 exp_cht=44.32473906346253 dev=8.375260936537472 => SENSOR_DRIFT
t=500.4 cht=52.6 exp_cht=44.21385113479879 dev=8.586148865201217 => SENSOR_DRIFT
t=501.4 cht=53.0 exp_cht=44.21385113479877 dev=8.786148865201227 => SENSOR_DRIFT
t=502.4 cht=53.1 exp_cht=44.20518446813212 dev=8.894815531867884 => SENSOR_DRIFT
t=503.4 cht=51.300000000000004 exp_cht=44.47291633947715 dev=7.827083660522852 => SENSOR_DRIFT
t=504.4 cht=52.300000000000004 exp_cht=44.229433006143815 dev=9.07056699385619 => SENSOR_DRIFT
t=505.4 cht=49.900000000000006 exp_cht=44.21355662215254 dev=8.286443377847462 => SENSOR_DRIFT
t=506.4 cht=50.400000000000006 exp_cht=43.99529770898097 dev=7.704702291019032 => SENSOR_DRIFT
t=507.4 cht=52.300000000000004 exp_cht=44.00489770898097 dev=8.295102291019035 => SENSOR_DRIFT
t=508.4 cht=51.7 exp_cht=42.815859640994056 dev=8.984140359005949 => SENSOR_DRIFT
t=509.4 cht=51.300000000000004 exp_cht=42.73305963979481 dev=9.26694036020519 => SENSOR_DRIFT
t=510.4 cht=50.900000000000006 exp_cht=42.3496722658738 dev=8.6503277341262 => SENSOR_DRIFT
t=511.4 cht=50.800000000000004 exp_cht=42.3496722658738 dev=9.450327734126205 => SENSOR_DRIFT
t=512.4 cht=50.5 exp_cht=42.35985559920715 dev=8.940144400792853 => SENSOR_DRIFT
t=513.4 cht=51.300000000000004 exp_cht=42.35985559920713 dev=9.64014440079287 => SENSOR_DRIFT
t=514.4 cht=52.1 exp_cht=42.35985559920714 dev=9.740144400792865 => SENSOR_DRIFT
t=515.4 cht=50.7 exp_cht=42.35985559920713 dev=9.14014440079287 => SENSOR_DRIFT
t=516.4 cht=49.800000000000004 exp_cht=42.35985559920712 dev=8.540144400792883 => SENSOR_DRIFT
t=517.4 cht=49.6 exp_cht=42.35985559920713 dev=8.64014440079287 => SENSOR_DRIFT
t=518.4 cht=49.400000000000006 exp_cht=42.35985559920712 dev=7.740144400792879 => SENSOR_DRIFT
t=519.4 cht=51.300000000000004 exp_cht=42.37665092084456 dev=9.22334907915544 => SENSOR_DRIFT
t=520.4 cht=49.800000000000004 exp_cht=42.76082283863009 dev=9.039177161369913 => SENSOR_DRIFT
t=521.4 cht=51.1 exp_cht=42.37665092084456 dev=9.123349079155439 => SENSOR_DRIFT
t=522.4 cht=49.7 exp_cht=42.37665092084456 dev=8.22334907915544 => SENSOR_DRIFT
t=523.4 cht=51.2 exp_cht=42.37665092084457 dev=8.823349079155435 => SENSOR_DRIFT
t=524.4 cht=49.5 exp_cht=42.37665092084456 dev=7.923349079155443 => SENSOR_DRIFT
t=525.4 cht=51.0 exp_cht=42.76082283863009 dev=8.23917716136991 => SENSOR_DRIFT
t=526.4 cht=50.5 exp_cht=42.75273950529679 dev=7.747260494703212 => SENSOR_DRIFT
t=527.4 cht=50.400000000000006 exp_cht=42.36856758751122 dev=9.231432412488779 => SENSOR_DRIFT
t=528.4 cht=50.6 exp_cht=42.368567587511244 dev=9.631432412488756 => SENSOR_DRIFT
t=529.4 cht=50.400000000000006 exp_cht=42.36856758751122 dev=8.33143241248878 => SENSOR_DRIFT
t=530.4 cht=48.800000000000004 exp_cht=42.36856758751122 dev=8.031432412488783 => SENSOR_DRIFT
t=531.4 cht=50.1 exp_cht=42.38894258751122 dev=7.711057412488785 => SENSOR_DRIFT
t=532.4 cht=49.6 exp_cht=42.38894258751123 dev=9.811057412488772 => SENSOR_DRIFT
t=533.4 cht=51.2 exp_cht=42.38894258751123 dev=8.811057412488772 => SENSOR_DRIFT
t=534.4 cht=50.7 exp_cht=42.38894258751122 dev=9.011057412488789 => SENSOR_DRIFT
t=535.4 cht=50.1 exp_cht=42.56532835903754 dev=8.534671640962465 => SENSOR_DRIFT
t=536.4 cht=50.300000000000004 exp_cht=42.39467748659906 dev=8.705322513400944 => SENSOR_DRIFT
t=537.4 cht=50.5 exp_cht=42.394677486599065 dev=8.205322513400937 => SENSOR_DRIFT
t=538.4 cht=50.1 exp_cht=42.38237391517048 dev=7.717626084829519 => SENSOR_DRIFT
t=539.4 cht=50.400000000000006 exp_cht=42.38237391517048 dev=8.31762608482952 => SENSOR_DRIFT
t=540.4 cht=50.300000000000004 exp_cht=42.382373915170504 dev=8.9176260848295 => SENSOR_DRIFT
t=541.4 cht=50.0 exp_cht=42.446778957187306 dev=8.4532210428127 => SENSOR_DRIFT
t=542.4 cht=50.300000000000004 exp_cht=42.36053416552063 dev=7.939465834479371 => SENSOR_DRIFT
t=543.4 cht=49.1 exp_cht=42.36053416552064 dev=8.63946583447936 => SENSOR_DRIFT
t=544.4 cht=49.800000000000004 exp_cht=42.36053416552064 dev=8.339465834479363 => SENSOR_DRIFT
t=545.4 cht=48.7 exp_cht=42.384484018028 dev=9.015515981972008 => SENSOR_DRIFT
t=546.4 cht=49.0 exp_cht=42.384484018028004 dev=8.215515981971997 => SENSOR_DRIFT
t=547.4 cht=49.6 exp_cht=42.384484018028 dev=7.715515981972004 => SENSOR_DRIFT
t=548.4 cht=48.800000000000004 exp_cht=42.38448401802802 dev=8.115515981971981 => SENSOR_DRIFT
t=549.4 cht=48.7 exp_cht=42.76292103672572 dev=7.037078963274283 => SENSOR_DRIFT
t=550.4 cht=49.6 exp_cht=42.384484018028 dev=7.615515981972003 => SENSOR_DRIFT
t=551.4 cht=49.6 exp_cht=42.384484018028 dev=7.415515981972007 => SENSOR_DRIFT
t=552.4 cht=49.5 exp_cht=42.38448401802802 dev=7.415515981971986 => SENSOR_DRIFT
t=553.4 cht=50.6 exp_cht=42.384484018028004 dev=8.215515981971997 => SENSOR_DRIFT
t=554.4 cht=48.0 exp_cht=42.76693967026608 dev=7.9330603297339195 => SENSOR_DRIFT
t=555.4 cht=49.400000000000006 exp_cht=42.388502651568395 dev=8.311497348431608 => SENSOR_DRIFT
t=556.4 cht=50.300000000000004 exp_cht=42.38850265156838 dev=7.911497348431624 => SENSOR_DRIFT
t=557.4 cht=49.400000000000006 exp_cht=42.38850265156838 dev=9.011497348431625 => SENSOR_DRIFT
t=558.4 cht=49.0 exp_cht=42.55915352400685 dev=7.6408464759931505 => SENSOR_DRIFT
t=559.4 cht=49.400000000000006 exp_cht=42.38850265156838 dev=8.511497348431625 => SENSOR_DRIFT
t=560.4 cht=50.0 exp_cht=42.76693967026609 dev=7.2330603297339096 => SENSOR_DRIFT
t=561.4 cht=50.0 exp_cht=42.766939670266076 dev=7.833060329733925 => SENSOR_DRIFT
t=562.4 cht=50.2 exp_cht=42.388502651568366 dev=7.811497348431637 => SENSOR_DRIFT
t=563.4 cht=49.900000000000006 exp_cht=42.38850265156839 dev=8.311497348431615 => SENSOR_DRIFT
t=564.4 cht=49.900000000000006 exp_cht=42.76693967026608 dev=7.833060329733918 => SENSOR_DRIFT
t=565.4 cht=49.800000000000004 exp_cht=42.388502651568366 dev=7.611497348431634 => SENSOR_DRIFT
t=566.4 cht=48.800000000000004 exp_cht=42.38850265156838 dev=7.711497348431621 => SENSOR_DRIFT
t=567.4 cht=49.1 exp_cht=42.388502651568366 dev=7.711497348431635 => SENSOR_DRIFT
t=568.4 cht=49.400000000000006 exp_cht=42.38850265156838 dev=7.711497348431621 => SENSOR_DRIFT
t=569.4 cht=49.300000000000004 exp_cht=42.388502651568366 dev=7.211497348431635 => SENSOR_DRIFT
t=570.4 cht=49.6 exp_cht=42.38850265156838 dev=7.711497348431621 => SENSOR_DRIFT
t=571.4 cht=50.0 exp_cht=42.38850265156838 dev=7.711497348431621 => SENSOR_DRIFT
t=572.4 cht=50.1 exp_cht=42.55915352400685 dev=7.540846475993149 => SENSOR_DRIFT
t=573.4 cht=50.1 exp_cht=42.38850265156838 dev=8.11149734843162 => SENSOR_DRIFT
t=574.4 cht=49.300000000000004 exp_cht=42.75578097498724 dev=7.044219025012765 => SENSOR_DRIFT
t=575.4 cht=49.800000000000004 exp_cht=42.38850265156838 dev=7.411497348431624 => SENSOR_DRIFT
t=576.4 cht=49.7 exp_cht=42.388502651568366 dev=7.311497348431637 => SENSOR_DRIFT
t=577.4 cht=50.400000000000006 exp_cht=42.76693967026608 dev=7.633060329733922 => SENSOR_DRIFT
t=578.4 cht=49.400000000000006 exp_cht=42.76693967026609 dev=7.7330603297339096 => SENSOR_DRIFT
t=579.4 cht=50.400000000000006 exp_cht=42.76693967026609 dev=7.7330603297339096 => SENSOR_DRIFT
t=580.4 cht=49.2 exp_cht=42.388502651568366 dev=7.511497348431639 => SENSOR_DRIFT
t=581.4 cht=49.7 exp_cht=42.388502651568366 dev=8.01149734843164 => SENSOR_DRIFT
t=582.4 cht=48.800000000000004 exp_cht=42.38850265156838 dev=8.311497348431622 => SENSOR_DRIFT
t=583.4 cht=48.400000000000006 exp_cht=42.76693967026608 dev=7.833060329733918 => SENSOR_DRIFT
t=584.4 cht=48.5 exp_cht=42.38850265156838 dev=7.711497348431621 => SENSOR_DRIFT
t=585.4 cht=49.400000000000006 exp_cht=42.76693967026608 dev=7.033060329733921 => SENSOR_DRIFT
t=586.4 cht=49.6 exp_cht=42.38850265156838 dev=7.411497348431624 => SENSOR_DRIFT
t=587.4 cht=48.2 exp_cht=42.76693967026608 dev=6.833060329733918 => SENSOR_DRIFT
t=588.4 cht=49.300000000000004 exp_cht=42.388502651568366 dev=7.411497348431638 => SENSOR_DRIFT
t=589.4 cht=49.6 exp_cht=42.388502651568366 dev=7.211497348431635 => SENSOR_DRIFT
t=590.4 cht=50.5 exp_cht=42.388502651568366 dev=8.311497348431637 => SENSOR_DRIFT
t=591.4 cht=48.5 exp_cht=42.76693967026608 dev=7.9330603297339195 => SENSOR_DRIFT
t=592.4 cht=48.1 exp_cht=42.38850265156839 dev=8.211497348431614 => SENSOR_DRIFT
t=593.4 cht=49.7 exp_cht=42.38850265156838 dev=7.411497348431624 => SENSOR_DRIFT
t=594.4 cht=50.2 exp_cht=42.38850265156838 dev=7.911497348431624 => SENSOR_DRIFT
t=595.4 cht=50.2 exp_cht=42.55915352400685 dev=7.6408464759931505 => SENSOR_DRIFT
t=596.4 cht=49.5 exp_cht=42.388502651568366 dev=8.311497348431637 => SENSOR_DRIFT
t=597.4 cht=50.0 exp_cht=42.76693967026608 dev=7.633060329733922 => SENSOR_DRIFT
t=598.4 cht=51.1 exp_cht=42.76693967026608 dev=8.333060329733918 => SENSOR_DRIFT
t=599.4 cht=48.5 exp_cht=42.38850265156839 dev=8.211497348431614 => SENSOR_DRIFT
t=600.4 cht=49.800000000000004 exp_cht=42.76693967026608 dev=8.133060329733922 => SENSOR_DRIFT
t=601.4 cht=51.5 exp_cht=42.38850265156838 dev=9.11149734843162 => SENSOR_DRIFT
t=602.4 cht=49.900000000000006 exp_cht=42.76693967026609 dev=7.633060329733915 => SENSOR_DRIFT
t=603.4 cht=49.300000000000004 exp_cht=42.38850265156836 dev=8.011497348431647 => SENSOR_DRIFT
t=604.4 cht=48.0 exp_cht=42.38850265156839 dev=7.911497348431617 => SENSOR_DRIFT
t=605.4 cht=48.900000000000006 exp_cht=42.38850265156838 dev=8.711497348431621 => SENSOR_DRIFT
t=606.4 cht=50.1 exp_cht=42.38850265156838 dev=7.711497348431621 => SENSOR_DRIFT
t=607.4 cht=51.0 exp_cht=42.38850265156838 dev=8.61149734843162 => SENSOR_DRIFT
t=608.4 cht=50.0 exp_cht=42.559153524006845 dev=7.540846475993156 => SENSOR_DRIFT
t=609.4 cht=49.2 exp_cht=42.76693967026609 dev=7.333060329733911 => SENSOR_DRIFT
t=610.4 cht=50.1 exp_cht=42.38850265156838 dev=8.311497348431622 => SENSOR_DRIFT
t=611.4 cht=49.900000000000006 exp_cht=42.55915352400686 dev=7.640846475993143 => SENSOR_DRIFT
t=612.4 cht=49.2 exp_cht=42.76693967026609 dev=7.333060329733911 => SENSOR_DRIFT
t=613.4 cht=49.800000000000004 exp_cht=42.55915352400685 dev=8.040846475993149 => SENSOR_DRIFT
t=614.4 cht=51.1 exp_cht=42.38850265156838 dev=8.711497348431621 => SENSOR_DRIFT
t=615.4 cht=50.0 exp_cht=42.38850265156839 dev=8.011497348431618 => SENSOR_DRIFT
t=616.4 cht=48.5 exp_cht=42.766939670266076 dev=7.833060329733925 => SENSOR_DRIFT
t=617.4 cht=48.6 exp_cht=42.388502651568366 dev=7.711497348431635 => SENSOR_DRIFT
t=618.4 cht=50.5 exp_cht=42.76693967026608 dev=7.733060329733917 => SENSOR_DRIFT
t=619.4 cht=49.300000000000004 exp_cht=42.38850265156838 dev=6.911497348431624 => SENSOR_DRIFT
t=620.4 cht=49.0 exp_cht=42.38850265156838 dev=8.211497348431621 => SENSOR_DRIFT
t=621.4 cht=49.6 exp_cht=42.766939670266076 dev=7.733060329733924 => SENSOR_DRIFT
t=622.4 cht=49.900000000000006 exp_cht=42.38850265156838 dev=8.211497348431621 => SENSOR_DRIFT
t=623.4 cht=48.6 exp_cht=42.76693967026609 dev=7.333060329733911 => SENSOR_DRIFT
t=624.4 cht=49.7 exp_cht=42.38850265156839 dev=9.011497348431618 => SENSOR_DRIFT
t=625.4 cht=49.400000000000006 exp_cht=42.766939670266076 dev=7.1330603297339294 => SENSOR_DRIFT
t=626.4 cht=50.300000000000004 exp_cht=42.766939670266105 dev=8.233060329733895 => SENSOR_DRIFT
t=627.4 cht=49.2 exp_cht=42.38850265156838 dev=7.311497348431622 => SENSOR_DRIFT
t=628.4 cht=48.6 exp_cht=42.76693967026609 dev=7.633060329733915 => SENSOR_DRIFT
t=629.4 cht=48.6 exp_cht=42.55915352400686 dev=8.840846475993146 => SENSOR_DRIFT
t=630.4 cht=49.400000000000006 exp_cht=42.76693967026609 dev=7.7330603297339096 => SENSOR_DRIFT
t=631.4 cht=49.1 exp_cht=42.38850265156838 dev=8.711497348431621 => SENSOR_DRIFT
t=632.4 cht=49.800000000000004 exp_cht=42.75578097498724 dev=7.444219025012764 => SENSOR_DRIFT
t=633.4 cht=47.800000000000004 exp_cht=42.76693967026608 dev=7.233060329733917 => SENSOR_DRIFT
t=634.4 cht=50.300000000000004 exp_cht=42.38850265156839 dev=7.911497348431617 => SENSOR_DRIFT
t=635.4 cht=50.7 exp_cht=42.55915352400685 dev=8.840846475993153 => SENSOR_DRIFT
t=636.4 cht=49.7 exp_cht=42.75578097498724 dev=7.644219025012767 => SENSOR_DRIFT
t=637.4 cht=49.300000000000004 exp_cht=42.559153524006845 dev=7.34084647599316 => SENSOR_DRIFT
t=638.4 cht=50.2 exp_cht=42.388502651568366 dev=7.811497348431637 => SENSOR_DRIFT
t=639.4 cht=50.7 exp_cht=42.76693967026609 dev=7.933060329733912 => SENSOR_DRIFT
t=640.4 cht=50.800000000000004 exp_cht=42.55915352400685 dev=8.240846475993152 => SENSOR_DRIFT
t=641.4 cht=48.800000000000004 exp_cht=42.76693967026608 dev=9.033060329733921 => SENSOR_DRIFT
t=642.4 cht=49.6 exp_cht=42.76693967026608 dev=7.333060329733918 => SENSOR_DRIFT
t=643.4 cht=48.5 exp_cht=42.38850265156838 dev=7.011497348431625 => SENSOR_DRIFT
t=644.4 cht=50.5 exp_cht=42.75578097498724 dev=7.744219025012761 => SENSOR_DRIFT
t=645.4 cht=48.300000000000004 exp_cht=42.755780974987246 dev=6.744219025012754 => SENSOR_DRIFT
t=646.4 cht=49.0 exp_cht=42.76693967026606 dev=7.533060329733942 => SENSOR_DRIFT
t=647.4 cht=49.6 exp_cht=42.76693967026608 dev=7.333060329733918 => SENSOR_DRIFT
t=648.4 cht=49.900000000000006 exp_cht=42.559153524006845 dev=8.140846475993158 => SENSOR_DRIFT
t=649.4 cht=48.6 exp_cht=42.38850265156839 dev=7.411497348431617 => SENSOR_DRIFT
t=650.4 cht=48.400000000000006 exp_cht=42.38850265156839 dev=8.411497348431617 => SENSOR_DRIFT
t=651.4 cht=49.900000000000006 exp_cht=42.76693967026608 dev=8.133060329733922 => SENSOR_DRIFT
t=652.4 cht=49.7 exp_cht=42.755780974987246 dev=7.1442190250127595 => SENSOR_DRIFT
t=653.4 cht=48.6 exp_cht=42.76693967026608 dev=7.4330603297339195 => SENSOR_DRIFT
t=654.4 cht=49.900000000000006 exp_cht=42.38850265156838 dev=8.311497348431622 => SENSOR_DRIFT
t=655.4 cht=49.300000000000004 exp_cht=42.38850265156839 dev=7.611497348431612 => SENSOR_DRIFT
t=656.4 cht=49.2 exp_cht=42.76754105694487 dev=8.532458943055133 => SENSOR_DRIFT
t=657.4 cht=48.900000000000006 exp_cht=42.55975491068563 dev=8.940245089314367 => SENSOR_DRIFT
t=658.4 cht=50.1 exp_cht=42.767541056944864 dev=7.332458943055137 => SENSOR_DRIFT
t=659.4 cht=49.900000000000006 exp_cht=42.70688236166603 dev=7.893117638333969 => SENSOR_DRIFT
t=660.4 cht=50.7 exp_cht=42.718041056944884 dev=7.981958943055119 => SENSOR_DRIFT
t=661.4 cht=50.300000000000004 exp_cht=42.33960403824718 dev=8.360395961752822 => SENSOR_DRIFT
t=662.4 cht=50.0 exp_cht=42.71111978304968 dev=8.588880216950322 => SENSOR_DRIFT
t=663.4 cht=49.900000000000006 exp_cht=42.34384145963082 dev=7.556158540369182 => SENSOR_DRIFT
t=664.4 cht=50.800000000000004 exp_cht=42.514492332069295 dev=8.285507667930709 => SENSOR_DRIFT
t=665.4 cht=49.300000000000004 exp_cht=42.514492332069295 dev=7.6855076679307075 => SENSOR_DRIFT
t=666.4 cht=48.7 exp_cht=42.722278478328526 dev=7.377721521671475 => SENSOR_DRIFT
t=667.4 cht=48.5 exp_cht=42.51449233206929 dev=8.285507667930716 => SENSOR_DRIFT
t=668.4 cht=49.6 exp_cht=42.71111978304968 dev=7.388880216950319 => SENSOR_DRIFT
t=669.4 cht=49.800000000000004 exp_cht=42.34384145963081 dev=7.656158540369191 => SENSOR_DRIFT
t=670.4 cht=49.2 exp_cht=42.51449233206929 dev=7.685507667930715 => SENSOR_DRIFT
t=671.4 cht=49.300000000000004 exp_cht=42.34384145963082 dev=7.256158540369178 => SENSOR_DRIFT
t=672.4 cht=50.0 exp_cht=42.51449233206929 dev=7.985507667930712 => SENSOR_DRIFT
t=673.4 cht=49.0 exp_cht=42.72227847832852 dev=7.577721521671485 => SENSOR_DRIFT
t=674.4 cht=49.6 exp_cht=42.71111978304969 dev=7.788880216950311 => SENSOR_DRIFT
t=675.4 cht=49.900000000000006 exp_cht=42.5144923320693 dev=7.4855076679306976 => SENSOR_DRIFT
t=676.4 cht=50.0 exp_cht=42.34384145963081 dev=7.656158540369191 => SENSOR_DRIFT
t=677.4 cht=50.1 exp_cht=42.72227847832852 dev=7.477721521671484 => SENSOR_DRIFT
t=678.4 cht=48.400000000000006 exp_cht=42.72227847832852 dev=7.977721521671484 => SENSOR_DRIFT
t=679.4 cht=49.5 exp_cht=42.722278478328526 dev=8.577721521671478 => SENSOR_DRIFT
t=680.4 cht=49.7 exp_cht=44.260800509924685 dev=6.13919949007532 => SENSOR_DRIFT
t=681.4 cht=49.6 exp_cht=42.51449233206929 dev=7.3855076679307174 => SENSOR_DRIFT
t=682.4 cht=48.900000000000006 exp_cht=42.71111978304969 dev=7.888880216950312 => SENSOR_DRIFT
t=683.4 cht=48.6 exp_cht=42.72227847832852 dev=7.377721521671482 => SENSOR_DRIFT
t=684.4 cht=50.300000000000004 exp_cht=42.71111978304969 dev=8.28888021695031 => SENSOR_DRIFT
t=685.4 cht=50.400000000000006 exp_cht=42.722278478328526 dev=8.277721521671474 => SENSOR_DRIFT
t=686.4 cht=49.1 exp_cht=42.722278478328526 dev=7.877721521671475 => SENSOR_DRIFT
t=687.4 cht=50.1 exp_cht=42.5144923320693 dev=8.285507667930702 => SENSOR_DRIFT
t=688.4 cht=48.6 exp_cht=42.51449233206929 dev=8.585507667930713 => SENSOR_DRIFT
t=689.4 cht=49.800000000000004 exp_cht=42.72227847832852 dev=8.27772152167148 => SENSOR_DRIFT
t=690.4 cht=47.900000000000006 exp_cht=42.514492332069295 dev=7.985507667930705 => SENSOR_DRIFT
t=691.4 cht=49.900000000000006 exp_cht=42.722278478328505 dev=8.777721521671495 => SENSOR_DRIFT
t=692.4 cht=49.7 exp_cht=42.722278478328526 dev=7.877721521671475 => SENSOR_DRIFT
t=693.4 cht=49.400000000000006 exp_cht=42.722278478328526 dev=8.877721521671475 => SENSOR_DRIFT
t=694.4 cht=49.2 exp_cht=42.71719181035287 dev=7.182808189647133 => SENSOR_DRIFT
t=695.4 cht=48.7 exp_cht=42.706033115074035 dev=8.093966884925969 => SENSOR_DRIFT
t=696.4 cht=49.900000000000006 exp_cht=42.70603311507402 dev=7.593966884925983 => SENSOR_DRIFT
t=697.4 cht=49.900000000000006 exp_cht=42.706033115074035 dev=7.19396688492597 => SENSOR_DRIFT
t=698.4 cht=49.400000000000006 exp_cht=42.50940566409365 dev=7.390594335906357 => SENSOR_DRIFT
t=699.4 cht=49.900000000000006 exp_cht=42.71719181035287 dev=7.182808189647133 => SENSOR_DRIFT
t=700.4 cht=49.800000000000004 exp_cht=42.71719181035288 dev=7.882808189647122 => SENSOR_DRIFT
t=701.4 cht=50.0 exp_cht=42.71719181035287 dev=7.2828081896471275 => SENSOR_DRIFT
t=702.4 cht=50.1 exp_cht=42.509405664093634 dev=7.79059433590637 => SENSOR_DRIFT
t=703.4 cht=49.6 exp_cht=42.50940566409365 dev=7.790594335906356 => SENSOR_DRIFT
t=704.4 cht=50.2 exp_cht=42.50940566409365 dev=7.690594335906354 => SENSOR_DRIFT
t=705.4 cht=50.0 exp_cht=42.71719181035286 dev=7.882808189647143 => SENSOR_DRIFT
t=706.4 cht=48.800000000000004 exp_cht=42.50940566409363 dev=8.390594335906378 => SENSOR_DRIFT
t=707.4 cht=49.7 exp_cht=42.706033115074035 dev=7.9939668849259675 => SENSOR_DRIFT
t=708.4 cht=50.6 exp_cht=42.70603311507402 dev=7.89396688492598 => SENSOR_DRIFT
t=709.4 cht=51.300000000000004 exp_cht=42.70603311507402 dev=8.593966884925983 => SENSOR_DRIFT
t=710.4 cht=49.900000000000006 exp_cht=42.71719181035287 dev=8.382808189647129 => SENSOR_DRIFT
t=711.4 cht=50.0 exp_cht=42.71719181035288 dev=7.882808189647122 => SENSOR_DRIFT
t=712.4 cht=48.6 exp_cht=42.70603311507402 dev=7.89396688492598 => SENSOR_DRIFT
t=713.4 cht=49.5 exp_cht=44.255713841949046 dev=6.544286158050959 => SENSOR_DRIFT
t=714.4 cht=50.7 exp_cht=42.70603311507404 dev=8.293966884925958 => SENSOR_DRIFT
t=715.4 cht=48.5 exp_cht=42.71719181035287 dev=6.98280818964713 => SENSOR_DRIFT
t=716.4 cht=49.0 exp_cht=42.509405664093634 dev=7.690594335906368 => SENSOR_DRIFT
t=717.4 cht=49.2 exp_cht=42.71719181035286 dev=6.982808189647145 => SENSOR_DRIFT
t=718.4 cht=50.1 exp_cht=42.71719181035287 dev=7.382808189647129 => SENSOR_DRIFT
t=719.4 cht=51.5 exp_cht=42.717766551457 dev=8.782233448543003 => SENSOR_DRIFT
t=720.4 cht=50.7 exp_cht=42.72892524673583 dev=8.071074753264178 => SENSOR_DRIFT
t=721.4 cht=48.300000000000004 exp_cht=42.36327698718369 dev=7.436723012816316 => SENSOR_DRIFT
t=722.4 cht=48.2 exp_cht=42.71776655145698 dev=7.782233448543018 => SENSOR_DRIFT
t=723.4 cht=51.0 exp_cht=42.521139100476596 dev=8.478860899523404 => SENSOR_DRIFT
t=724.4 cht=50.0 exp_cht=42.71776655145699 dev=8.182233448543016 => SENSOR_DRIFT
t=725.4 cht=50.7 exp_cht=42.72892524673583 dev=7.971074753264176 => SENSOR_DRIFT
t=726.4 cht=49.5 exp_cht=42.521139100476596 dev=7.7788608995234085 => SENSOR_DRIFT
t=727.4 cht=50.2 exp_cht=42.71776655145699 dev=8.082233448543015 => SENSOR_DRIFT
t=728.4 cht=50.5 exp_cht=42.521139100476596 dev=7.978860899523404 => SENSOR_DRIFT
t=729.4 cht=50.300000000000004 exp_cht=42.52430781137175 dev=8.575692188628253 => SENSOR_DRIFT
t=730.4 cht=48.7 exp_cht=42.72093526235214 dev=6.279064737647857 => SENSOR_DRIFT
t=731.4 cht=49.2 exp_cht=42.73906454586627 dev=6.860935454133731 => SENSOR_DRIFT
t=732.4 cht=49.800000000000004 exp_cht=42.72093526235215 dev=7.579064737647855 => SENSOR_DRIFT
t=733.4 cht=49.800000000000004 exp_cht=42.72093526235213 dev=7.079064737647876 => SENSOR_DRIFT
t=734.4 cht=50.0 exp_cht=42.37341628631413 dev=8.426583713685872 => SENSOR_DRIFT
t=735.4 cht=49.7 exp_cht=42.53127839960703 dev=7.768721600392972 => SENSOR_DRIFT
t=736.4 cht=50.400000000000006 exp_cht=42.73906454586627 dev=7.660935454133735 => SENSOR_DRIFT
t=737.4 cht=49.400000000000006 exp_cht=42.531278399607025 dev=7.168721600392978 => SENSOR_DRIFT
t=738.4 cht=49.2 exp_cht=42.72093526235213 dev=8.479064737647874 => SENSOR_DRIFT
t=739.4 cht=49.5 exp_cht=42.53127839960703 dev=8.06872160039297 => SENSOR_DRIFT
t=740.4 cht=49.900000000000006 exp_cht=42.72093526235214 dev=7.179064737647863 => SENSOR_DRIFT
t=741.4 cht=49.900000000000006 exp_cht=42.539942730994305 dev=9.160057269005698 => SENSOR_DRIFT
t=742.4 cht=49.1 exp_cht=44.270615989227146 dev=5.0293840107728585 => NORMAL
t=743.4 cht=49.900000000000006 exp_cht=42.38826280352808 dev=7.511737196471927 => SENSOR_DRIFT
t=744.4 cht=51.7 exp_cht=42.729599593739394 dev=8.970400406260609 => SENSOR_DRIFT
t=745.4 cht=51.1 exp_cht=42.74772887725355 dev=8.352271122746451 => SENSOR_DRIFT
t=746.4 cht=49.0 exp_cht=44.29836078089381 dev=6.8016392191061925 => SENSOR_DRIFT
t=747.4 cht=48.7 exp_cht=42.76397441106903 dev=8.236025588930971 => SENSOR_DRIFT
t=748.4 cht=50.0 exp_cht=42.780906614458864 dev=7.819093385541137 => SENSOR_DRIFT
t=749.4 cht=50.2 exp_cht=42.785895041941856 dev=7.414104958058147 => SENSOR_DRIFT
t=750.4 cht=48.400000000000006 exp_cht=44.298360780893816 dev=6.10163921910619 => SENSOR_DRIFT
t=751.4 cht=49.300000000000004 exp_cht=42.4264289682164 dev=7.473571031783607 => SENSOR_DRIFT
t=752.4 cht=51.300000000000004 exp_cht=42.57810889568265 dev=8.721891104317358 => SENSOR_DRIFT
t=753.4 cht=48.6 exp_cht=42.76776575842773 dev=7.232234241572272 => SENSOR_DRIFT
t=754.4 cht=50.0 exp_cht=44.29836078089381 dev=5.701639219106191 => SENSOR_DRIFT
t=755.4 cht=51.1 exp_cht=42.80277015111216 dev=8.297229848887838 => SENSOR_DRIFT
t=756.4 cht=50.5 exp_cht=42.78464086759803 dev=8.015359132401976 => SENSOR_DRIFT
t=757.4 cht=49.5 exp_cht=44.9233839392069 dev=5.0766160607931 => NORMAL
t=758.4 cht=50.900000000000006 exp_cht=42.78464086759803 dev=8.115359132401977 => SENSOR_DRIFT
t=759.4 cht=50.300000000000004 exp_cht=42.784640867598036 dev=7.915359132401967 => SENSOR_DRIFT
t=760.4 cht=50.300000000000004 exp_cht=42.80277015111216 dev=7.997229848887841 => SENSOR_DRIFT
t=761.4 cht=49.6 exp_cht=42.78464086759804 dev=7.0153591324019615 => SENSOR_DRIFT
t=762.4 cht=50.2 exp_cht=44.9233839392069 dev=6.0766160607931 => SENSOR_DRIFT
t=763.4 cht=50.2 exp_cht=42.59498400485294 dev=8.105015995147063 => SENSOR_DRIFT
t=764.4 cht=49.0 exp_cht=42.80277015111216 dev=7.697229848887837 => SENSOR_DRIFT
t=765.4 cht=49.5 exp_cht=42.59498400485294 dev=9.105015995147063 => SENSOR_DRIFT
t=766.4 cht=49.900000000000006 exp_cht=44.29836078089381 dev=7.501639219106195 => SENSOR_DRIFT
t=767.4 cht=50.400000000000006 exp_cht=42.78464086759804 dev=7.615359132401963 => SENSOR_DRIFT
t=768.4 cht=49.5 exp_cht=42.59498400485293 dev=8.10501599514707 => SENSOR_DRIFT
t=769.4 cht=49.7 exp_cht=42.78464086759804 dev=7.215359132401957 => SENSOR_DRIFT
t=770.4 cht=48.300000000000004 exp_cht=42.78464086759803 dev=7.315359132401973 => SENSOR_DRIFT
t=771.4 cht=50.2 exp_cht=42.784640867598036 dev=8.415359132401967 => SENSOR_DRIFT
t=772.4 cht=48.300000000000004 exp_cht=42.59498400485293 dev=7.60501599514707 => SENSOR_DRIFT
t=773.4 cht=50.0 exp_cht=42.784640867598036 dev=7.715359132401964 => SENSOR_DRIFT
t=774.4 cht=49.900000000000006 exp_cht=42.80277015111216 dev=7.697229848887837 => SENSOR_DRIFT
t=775.4 cht=50.6 exp_cht=42.80277015111216 dev=8.39722984888784 => SENSOR_DRIFT
t=776.4 cht=49.0 exp_cht=42.59498400485294 dev=8.305015995147066 => SENSOR_DRIFT
t=777.4 cht=50.400000000000006 exp_cht=42.78464086759804 dev=7.615359132401963 => SENSOR_DRIFT
t=778.4 cht=51.0 exp_cht=42.78464086759803 dev=8.215359132401971 => SENSOR_DRIFT
t=779.4 cht=49.300000000000004 exp_cht=42.784640867598036 dev=9.015359132401969 => SENSOR_DRIFT
t=780.4 cht=50.800000000000004 exp_cht=42.80277015111217 dev=7.997229848887834 => SENSOR_DRIFT
t=781.4 cht=50.7 exp_cht=42.78464086759803 dev=8.515359132401976 => SENSOR_DRIFT
t=782.4 cht=50.0 exp_cht=42.59498400485295 dev=7.605015995147056 => SENSOR_DRIFT
t=783.4 cht=49.1 exp_cht=42.59498400485293 dev=8.005015995147069 => SENSOR_DRIFT
t=784.4 cht=49.2 exp_cht=42.78464086759803 dev=7.315359132401973 => SENSOR_DRIFT
t=785.4 cht=50.5 exp_cht=42.80277015111217 dev=7.6972298488878295 => SENSOR_DRIFT
t=786.4 cht=51.400000000000006 exp_cht=42.784640867598036 dev=8.61535913240197 => SENSOR_DRIFT
t=787.4 cht=50.300000000000004 exp_cht=42.80277015111216 dev=7.797229848887838 => SENSOR_DRIFT
t=788.4 cht=50.1 exp_cht=42.78464086759803 dev=7.315359132401973 => SENSOR_DRIFT
t=789.4 cht=49.7 exp_cht=42.59498400485294 dev=7.605015995147063 => SENSOR_DRIFT
t=790.4 cht=49.5 exp_cht=42.784640867598036 dev=6.915359132401967 => SENSOR_DRIFT
t=791.4 cht=50.400000000000006 exp_cht=42.59498400485294 dev=7.805015995147066 => SENSOR_DRIFT
t=792.4 cht=49.400000000000006 exp_cht=42.78464086759803 dev=8.315359132401973 => SENSOR_DRIFT
t=793.4 cht=50.5 exp_cht=42.784640867598036 dev=7.915359132401967 => SENSOR_DRIFT
t=794.4 cht=49.0 exp_cht=42.59498400485293 dev=9.10501599514707 => SENSOR_DRIFT
t=795.4 cht=52.0 exp_cht=42.784640867598036 dev=9.215359132401964 => SENSOR_DRIFT
t=796.4 cht=50.6 exp_cht=42.784640867598036 dev=7.815359132401966 => SENSOR_DRIFT
t=797.4 cht=51.0 exp_cht=42.78464086759803 dev=8.215359132401971 => SENSOR_DRIFT
t=798.4 cht=50.7 exp_cht=42.77697420093136 dev=9.023025799068641 => SENSOR_DRIFT
t=799.4 cht=50.6 exp_cht=42.79510348444549 dev=7.904896515554512 => SENSOR_DRIFT
t=800.4 cht=49.800000000000004 exp_cht=42.7951034844455 dev=7.604896515554508 => SENSOR_DRIFT
t=801.4 cht=48.800000000000004 exp_cht=42.587317338186274 dev=7.3126826618137315 => SENSOR_DRIFT
t=802.4 cht=49.400000000000006 exp_cht=44.290694114227136 dev=6.609305885772869 => SENSOR_DRIFT
t=803.4 cht=49.0 exp_cht=42.77697420093136 dev=7.723025799068637 => SENSOR_DRIFT
t=804.4 cht=48.6 exp_cht=42.77697420093137 dev=7.72302579906863 => SENSOR_DRIFT
t=805.4 cht=49.900000000000006 exp_cht=42.77697420093136 dev=7.823025799068638 => SENSOR_DRIFT
t=806.4 cht=50.1 exp_cht=42.77697420093137 dev=8.22302579906863 => SENSOR_DRIFT
t=807.4 cht=50.2 exp_cht=44.91571727254022 dev=5.484282727459785 => SENSOR_DRIFT
t=808.4 cht=51.0 exp_cht=42.77397420093137 dev=8.22602579906863 => SENSOR_DRIFT
t=809.4 cht=48.800000000000004 exp_cht=42.78968736619748 dev=7.910312633802526 => SENSOR_DRIFT
t=810.4 cht=49.800000000000004 exp_cht=42.78968736619747 dev=7.010312633802535 => SENSOR_DRIFT
t=811.4 cht=50.400000000000006 exp_cht=44.92843043780635 dev=5.571569562193652 => SENSOR_DRIFT
t=812.4 cht=51.0 exp_cht=42.793711607694824 dev=8.206288392305176 => SENSOR_DRIFT
t=813.4 cht=50.1 exp_cht=42.75735403286414 dev=7.742645967135857 => SENSOR_DRIFT
t=814.4 cht=49.800000000000004 exp_cht=42.75735403286414 dev=7.842645967135859 => SENSOR_DRIFT
t=815.4 cht=49.7 exp_cht=42.75735403286413 dev=7.742645967135871 => SENSOR_DRIFT
t=816.4 cht=48.900000000000006 exp_cht=42.76935403286415 dev=7.630645967135855 => SENSOR_DRIFT
t=817.4 cht=50.800000000000004 exp_cht=42.819384744121415 dev=8.380615255878588 => SENSOR_DRIFT
t=818.4 cht=49.400000000000006 exp_cht=42.81938474412143 dev=7.880615255878574 => SENSOR_DRIFT
t=819.4 cht=49.800000000000004 exp_cht=42.833384744121425 dev=7.46661525587858 => SENSOR_DRIFT
t=820.4 cht=49.300000000000004 exp_cht=44.324671236581516 dev=6.57532876341849 => SENSOR_DRIFT
t=821.4 cht=48.2 exp_cht=42.915163747053604 dev=8.184836252946397 => SENSOR_DRIFT
t=822.4 cht=50.7 exp_cht=44.34799535201419 dev=6.352004647985815 => SENSOR_DRIFT
t=823.4 cht=47.800000000000004 exp_cht=42.874582210276934 dev=8.42541778972307 => SENSOR_DRIFT
t=824.4 cht=51.300000000000004 exp_cht=44.96504771953607 dev=6.334952280463938 => SENSOR_DRIFT
t=825.4 cht=50.900000000000006 exp_cht=42.854720014643505 dev=8.045279985356501 => SENSOR_DRIFT
t=826.4 cht=49.2 exp_cht=44.33967498196108 dev=6.4603250180389225 => SENSOR_DRIFT
t=827.4 cht=50.1 exp_cht=44.33967498196107 dev=6.260325018038934 => SENSOR_DRIFT
t=828.4 cht=50.7 exp_cht=42.87007066399414 dev=8.129929336005858 => SENSOR_DRIFT
t=829.4 cht=49.6 exp_cht=42.87007066399413 dev=7.8299293360058755 => SENSOR_DRIFT
t=830.4 cht=49.300000000000004 exp_cht=44.34945420274032 dev=6.6505457972596815 => SENSOR_DRIFT
t=831.4 cht=50.300000000000004 exp_cht=44.925520032409764 dev=5.574479967590236 => SENSOR_DRIFT
t=832.4 cht=50.0 exp_cht=42.817951774972016 dev=8.482048225027988 => SENSOR_DRIFT
t=833.4 cht=49.7 exp_cht=42.6261453233591 dev=8.073854676640906 => SENSOR_DRIFT
t=834.4 cht=48.7 exp_cht=44.315187336688986 dev=5.58481266331102 => SENSOR_DRIFT
t=835.4 cht=48.800000000000004 exp_cht=44.36152067002233 dev=5.838479329977673 => SENSOR_DRIFT
t=836.4 cht=49.1 exp_cht=42.82262355200743 dev=7.577376447992577 => SENSOR_DRIFT
t=837.4 cht=49.0 exp_cht=42.81178365344445 dev=7.488216346555554 => SENSOR_DRIFT
t=838.4 cht=49.2 exp_cht=42.811783653444444 dev=8.188216346555556 => SENSOR_DRIFT
t=839.4 cht=49.800000000000004 exp_cht=42.811783653444465 dev=7.7882163465555365 => SENSOR_DRIFT
t=840.4 cht=50.800000000000004 exp_cht=42.81178365344445 dev=7.988216346555554 => SENSOR_DRIFT
t=841.4 cht=49.7 exp_cht=42.811783653444465 dev=8.288216346555537 => SENSOR_DRIFT
t=842.4 cht=50.900000000000006 exp_cht=44.30421906766879 dev=6.595780932331216 => SENSOR_DRIFT
t=843.4 cht=49.2 exp_cht=42.81178365344445 dev=8.088216346555555 => SENSOR_DRIFT
t=844.4 cht=50.5 exp_cht=44.390828754421655 dev=6.109171245578345 => SENSOR_DRIFT
t=845.4 cht=49.800000000000004 exp_cht=42.866546950873335 dev=7.233453049126666 => SENSOR_DRIFT
t=846.4 cht=50.400000000000006 exp_cht=44.94609868526716 dev=6.753901314732843 => SENSOR_DRIFT
t=847.4 cht=50.1 exp_cht=44.91426535193383 dev=6.385734648066176 => SENSOR_DRIFT
t=848.4 cht=49.300000000000004 exp_cht=42.55894161689551 dev=8.041058383104492 => SENSOR_DRIFT
t=849.4 cht=49.1 exp_cht=44.925660085277244 dev=5.674339914722758 => SENSOR_DRIFT
t=850.4 cht=51.400000000000006 exp_cht=44.94747411359126 dev=6.552525886408738 => SENSOR_DRIFT
t=851.4 cht=49.2 exp_cht=44.29530151930749 dev=6.90469848069251 => SENSOR_DRIFT
t=852.4 cht=50.400000000000006 exp_cht=44.93767652322979 dev=5.462323476770216 => SENSOR_DRIFT
t=853.4 cht=50.300000000000004 exp_cht=44.31650392894604 dev=6.383496071053962 => SENSOR_DRIFT
t=854.4 cht=49.900000000000006 exp_cht=42.64708793257271 dev=8.152912067427295 => SENSOR_DRIFT
t=855.4 cht=49.800000000000004 exp_cht=42.831338216986815 dev=7.668661783013185 => SENSOR_DRIFT
t=856.4 cht=50.0 exp_cht=42.83133821698682 dev=8.568661783013184 => SENSOR_DRIFT
t=857.4 cht=50.2 exp_cht=44.31650392894604 dev=5.983496071053963 => SENSOR_DRIFT
t=858.4 cht=48.5 exp_cht=44.91579417028863 dev=5.884205829711377 => SENSOR_DRIFT
t=859.4 cht=49.400000000000006 exp_cht=44.91579417028865 dev=4.984205829711357 => NORMAL
t=860.4 cht=49.2 exp_cht=42.809617306527564 dev=7.790382693472438 => SENSOR_DRIFT
t=861.4 cht=50.300000000000004 exp_cht=42.809617306527564 dev=7.490382693472441 => SENSOR_DRIFT
t=862.4 cht=49.900000000000006 exp_cht=42.80961730652758 dev=8.290382693472424 => SENSOR_DRIFT
t=863.4 cht=50.300000000000004 exp_cht=42.809617306527564 dev=8.090382693472442 => SENSOR_DRIFT
t=864.4 cht=49.0 exp_cht=42.80961730652758 dev=7.4903826934724265 => SENSOR_DRIFT
t=865.4 cht=50.400000000000006 exp_cht=44.909749944844755 dev=5.490250055155251 => SENSOR_DRIFT
t=866.4 cht=49.5 exp_cht=42.81254155218157 dev=6.687458447818429 => SENSOR_DRIFT
t=867.4 cht=48.400000000000006 exp_cht=42.774541552181574 dev=8.52545844781843 => SENSOR_DRIFT
t=868.4 cht=49.400000000000006 exp_cht=42.788682641290485 dev=7.211317358709515 => SENSOR_DRIFT
t=869.4 cht=48.900000000000006 exp_cht=44.28531841225185 dev=5.214681587748153 => SENSOR_DRIFT
t=870.4 cht=49.0 exp_cht=44.90649100653562 dev=6.693508993464384 => SENSOR_DRIFT
t=871.4 cht=50.300000000000004 exp_cht=44.28531841225185 dev=6.014681587748157 => SENSOR_DRIFT
t=872.4 cht=50.6 exp_cht=42.80635836821843 dev=7.793641631781568 => SENSOR_DRIFT
t=873.4 cht=51.300000000000004 exp_cht=42.62210808380432 dev=9.077891916195682 => SENSOR_DRIFT
t=874.4 cht=50.0 exp_cht=42.806358368218426 dev=7.993641631781578 => SENSOR_DRIFT
t=875.4 cht=49.2 exp_cht=42.80635836821843 dev=7.39364163178157 => SENSOR_DRIFT
t=876.4 cht=51.6 exp_cht=44.28531841225185 dev=7.314681587748154 => SENSOR_DRIFT
t=877.4 cht=49.400000000000006 exp_cht=44.90649100653561 dev=6.4935089934643955 => SENSOR_DRIFT
t=878.4 cht=51.2 exp_cht=44.906491006535624 dev=6.39350899346438 => SENSOR_DRIFT
t=879.4 cht=48.5 exp_cht=45.35974734321663 dev=5.440252656783372 => SENSOR_DRIFT
t=880.4 cht=50.2 exp_cht=43.27007520791044 dev=7.129924792089568 => SENSOR_DRIFT
t=881.4 cht=50.7 exp_cht=43.27007520791043 dev=7.429924792089572 => SENSOR_DRIFT
t=882.4 cht=48.6 exp_cht=45.37020784622762 dev=5.029792153772384 => NORMAL
t=883.4 cht=49.5 exp_cht=45.551066757118676 dev=5.7489332428813285 => SENSOR_DRIFT
t=884.4 cht=50.0 exp_cht=43.26668383438741 dev=6.733316165612592 => SENSOR_DRIFT
t=885.4 cht=50.7 exp_cht=44.92989416283493 dev=6.470105837165079 => SENSOR_DRIFT
t=886.4 cht=48.6 exp_cht=43.266683834387415 dev=6.833316165612587 => SENSOR_DRIFT
t=887.4 cht=49.5 exp_cht=43.45093411880153 dev=6.849065881198477 => SENSOR_DRIFT
t=888.4 cht=50.300000000000004 exp_cht=45.5510667571187 dev=4.748933242881307 => NORMAL
t=889.4 cht=49.800000000000004 exp_cht=44.92989416283493 dev=6.570105837165073 => SENSOR_DRIFT
t=890.4 cht=49.800000000000004 exp_cht=43.450934118801506 dev=7.9490658811985 => SENSOR_DRIFT
t=891.4 cht=50.6 exp_cht=45.551066757118704 dev=5.3489332428813015 => SENSOR_DRIFT
t=892.4 cht=50.2 exp_cht=43.45093411880151 dev=6.74906588119849 => SENSOR_DRIFT
t=893.4 cht=50.800000000000004 exp_cht=45.5510667571187 dev=5.348933242881309 => SENSOR_DRIFT
t=894.4 cht=49.7 exp_cht=44.929894162834934 dev=4.770105837165069 => NORMAL
t=895.4 cht=50.1 exp_cht=44.92989416283493 dev=5.6701058371650745 => SENSOR_DRIFT
t=896.4 cht=52.0 exp_cht=45.55106675711869 dev=6.44893324288131 => SENSOR_DRIFT
t=897.4 cht=51.7 exp_cht=44.92989416283493 dev=6.770105837165076 => SENSOR_DRIFT
t=898.4 cht=49.6 exp_cht=45.551066757118676 dev=5.148933242881327 => SENSOR_DRIFT
t=899.4 cht=49.7 exp_cht=45.551066757118704 dev=4.448933242881296 => NORMAL
t=900.4 cht=49.800000000000004 exp_cht=44.929894162834934 dev=6.670105837165067 => SENSOR_DRIFT
t=901.4 cht=50.1 exp_cht=44.929894162834934 dev=5.87010583716507 => SENSOR_DRIFT
t=902.4 cht=49.1 exp_cht=45.5510667571187 dev=4.248933242881307 => NORMAL
t=903.4 cht=49.300000000000004 exp_cht=45.5510667571187 dev=5.048933242881304 => NORMAL
t=904.4 cht=50.7 exp_cht=43.45093411880151 dev=7.24906588119849 => SENSOR_DRIFT
t=905.4 cht=50.7 exp_cht=45.55106675711869 dev=5.148933242881313 => SENSOR_DRIFT
t=906.4 cht=50.2 exp_cht=45.5510667571187 dev=6.348933242881309 => SENSOR_DRIFT
t=907.4 cht=49.1 exp_cht=43.450934118801506 dev=6.749065881198497 => SENSOR_DRIFT
t=908.4 cht=49.900000000000006 exp_cht=43.45093411880151 dev=7.049065881198487 => SENSOR_DRIFT
t=909.4 cht=50.400000000000006 exp_cht=44.92989416283493 dev=6.470105837165079 => SENSOR_DRIFT
t=910.4 cht=51.400000000000006 exp_cht=43.45093411880151 dev=7.949065881198493 => SENSOR_DRIFT
t=911.4 cht=49.0 exp_cht=43.45093411880151 dev=7.8490658811984915 => SENSOR_DRIFT
t=912.4 cht=49.1 exp_cht=45.55106675711869 dev=4.548933242881311 => NORMAL
t=913.4 cht=49.2 exp_cht=43.45093411880153 dev=7.449065881198479 => SENSOR_DRIFT
t=914.4 cht=50.2 exp_cht=45.551066757118704 dev=6.148933242881299 => SENSOR_DRIFT
t=915.4 cht=50.900000000000006 exp_cht=45.5510667571187 dev=5.348933242881309 => SENSOR_DRIFT
t=916.4 cht=50.900000000000006 exp_cht=43.45093411880151 dev=7.449065881198493 => SENSOR_DRIFT
t=917.4 cht=51.1 exp_cht=45.55106675711869 dev=5.548933242881311 => SENSOR_DRIFT
t=918.4 cht=49.900000000000006 exp_cht=45.551066757118704 dev=5.048933242881297 => NORMAL
t=919.4 cht=49.300000000000004 exp_cht=45.55106675711872 dev=4.748933242881286 => NORMAL
t=920.4 cht=50.800000000000004 exp_cht=45.551066757118704 dev=5.2489332428813 => SENSOR_DRIFT
t=921.4 cht=49.6 exp_cht=44.92989416283493 dev=5.370105837165077 => SENSOR_DRIFT
t=922.4 cht=48.7 exp_cht=45.55106675711869 dev=4.748933242881314 => NORMAL
t=923.4 cht=49.900000000000006 exp_cht=43.50833170916297 dev=6.791668290837038 => SENSOR_DRIFT
t=924.4 cht=49.300000000000004 exp_cht=45.60846434748014 dev=3.791535652519869 => NORMAL
t=925.4 cht=50.1 exp_cht=45.60846434748015 dev=4.49153565251985 => NORMAL
t=926.4 cht=50.800000000000004 exp_cht=45.60846434748015 dev=5.891535652519849 => SENSOR_DRIFT
t=927.4 cht=51.0 exp_cht=45.60846434748013 dev=5.39153565251987 => SENSOR_DRIFT
t=928.4 cht=50.0 exp_cht=45.60846434748014 dev=4.391535652519863 => NORMAL
t=929.4 cht=50.7 exp_cht=45.60846434748013 dev=5.491535652519872 => SENSOR_DRIFT
t=930.4 cht=50.300000000000004 exp_cht=45.60846434748014 dev=4.891535652519863 => NORMAL
t=931.4 cht=49.7 exp_cht=45.60846434748013 dev=5.991535652519872 => SENSOR_DRIFT
t=932.4 cht=48.400000000000006 exp_cht=45.60846434748013 dev=4.091535652519873 => NORMAL
t=933.4 cht=49.0 exp_cht=44.98729175319637 dev=5.312708246803638 => SENSOR_DRIFT
t=934.4 cht=49.900000000000006 exp_cht=45.60846434748013 dev=4.291535652519876 => NORMAL
t=935.4 cht=49.5 exp_cht=43.50833170916296 dev=5.9916682908370404 => SENSOR_DRIFT
t=936.4 cht=50.0 exp_cht=45.60846434748013 dev=4.89153565251987 => NORMAL
t=937.4 cht=51.6 exp_cht=44.98729175319637 dev=6.612708246803635 => SENSOR_DRIFT
t=938.4 cht=49.800000000000004 exp_cht=43.50833170916296 dev=6.891668290837046 => SENSOR_DRIFT
t=939.4 cht=50.900000000000006 exp_cht=44.98729175319637 dev=5.912708246803639 => SENSOR_DRIFT
t=940.4 cht=49.300000000000004 exp_cht=43.508331709162945 dev=7.89166829083706 => SENSOR_DRIFT
t=941.4 cht=49.6 exp_cht=45.60846434748013 dev=5.191535652519875 => SENSOR_DRIFT
t=942.4 cht=50.1 exp_cht=44.98729175319637 dev=5.112708246803635 => SENSOR_DRIFT
t=943.4 cht=49.1 exp_cht=45.60846434748014 dev=4.391535652519863 => NORMAL
t=944.4 cht=50.5 exp_cht=45.60846434748015 dev=4.99153565251985 => NORMAL
t=945.4 cht=49.800000000000004 exp_cht=44.98729175319639 dev=6.012708246803612 => SENSOR_DRIFT
t=946.4 cht=47.7 exp_cht=45.60846434748013 dev=5.291535652519876 => SENSOR_DRIFT
t=947.4 cht=49.5 exp_cht=45.60846434748013 dev=4.89153565251987 => NORMAL
t=948.4 cht=49.800000000000004 exp_cht=45.60846434748014 dev=4.6915356525198675 => NORMAL
t=949.4 cht=50.800000000000004 exp_cht=43.50833170916297 dev=7.291668290837038 => SENSOR_DRIFT
t=950.4 cht=48.6 exp_cht=45.674222560843 dev=5.225777439157007 => SENSOR_DRIFT
t=951.4 cht=50.7 exp_cht=45.05304996655923 dev=6.2469500334407755 => SENSOR_DRIFT
t=952.4 cht=49.6 exp_cht=45.674222560843 dev=4.625777439157005 => NORMAL
t=953.4 cht=50.400000000000006 exp_cht=45.674222560843 dev=4.925777439157002 => NORMAL
t=954.4 cht=49.2 exp_cht=43.574089922525815 dev=7.125910077474188 => SENSOR_DRIFT
t=955.4 cht=49.6 exp_cht=43.57408992252583 dev=7.125910077474174 => SENSOR_DRIFT
t=956.4 cht=49.6 exp_cht=45.67422256084302 dev=4.725777439156985 => NORMAL
t=957.4 cht=49.7 exp_cht=45.674222560843 dev=5.425777439157002 => SENSOR_DRIFT
t=958.4 cht=49.5 exp_cht=45.674222560843 dev=5.025777439157004 => NORMAL
t=959.4 cht=50.1 exp_cht=45.05304996655923 dev=5.046950033440773 => NORMAL
t=960.4 cht=49.5 exp_cht=45.053049966559236 dev=6.0469500334407655 => SENSOR_DRIFT
t=961.4 cht=49.6 exp_cht=45.674222560843006 dev=5.025777439156997 => SENSOR_DRIFT
t=962.4 cht=49.400000000000006 exp_cht=45.674222560843006 dev=4.525777439156997 => NORMAL
t=963.4 cht=50.300000000000004 exp_cht=45.02054431393849 dev=5.879455686061519 => SENSOR_DRIFT
t=964.4 cht=49.5 exp_cht=45.641716908222236 dev=4.6582830917777684 => NORMAL
t=965.4 cht=50.0 exp_cht=45.641716908222236 dev=4.958283091777766 => NORMAL
t=966.4 cht=51.0 exp_cht=45.641716908222236 dev=5.358283091777764 => SENSOR_DRIFT
t=967.4 cht=48.800000000000004 exp_cht=45.64171690822224 dev=4.9582830917777585 => NORMAL
t=968.4 cht=50.400000000000006 exp_cht=43.54158426990506 dev=7.258415730094946 => SENSOR_DRIFT
t=969.4 cht=51.2 exp_cht=45.641716908222236 dev=6.1582830917777684 => SENSOR_DRIFT
t=970.4 cht=50.0 exp_cht=45.641716908222236 dev=4.458283091777766 => NORMAL
t=971.4 cht=50.1 exp_cht=45.64171690822222 dev=4.658283091777783 => NORMAL
t=972.4 cht=50.6 exp_cht=45.64171690822224 dev=4.9582830917777585 => NORMAL
t=973.4 cht=51.400000000000006 exp_cht=45.64171690822224 dev=5.758283091777763 => SENSOR_DRIFT
t=974.4 cht=50.300000000000004 exp_cht=43.54158426990506 dev=7.158415730094944 => SENSOR_DRIFT
t=975.4 cht=50.0 exp_cht=45.67117207604576 dev=5.528827923954246 => SENSOR_DRIFT
t=976.4 cht=51.1 exp_cht=45.67117207604577 dev=6.328827923954229 => SENSOR_DRIFT
t=977.4 cht=49.800000000000004 exp_cht=45.67117207604577 dev=4.528827923954232 => NORMAL
t=978.4 cht=49.900000000000006 exp_cht=45.8912515138334 dev=5.908748486166601 => SENSOR_DRIFT
t=979.4 cht=49.900000000000006 exp_cht=45.89125151383341 dev=6.10874848616659 => SENSOR_DRIFT
t=980.4 cht=51.2 exp_cht=45.89125151383341 dev=5.308748486166593 => SENSOR_DRIFT
t=981.4 cht=50.0 exp_cht=45.891251513833424 dev=4.108748486166576 => NORMAL
t=982.4 cht=50.300000000000004 exp_cht=45.89125151383341 dev=5.508748486166596 => SENSOR_DRIFT
t=983.4 cht=50.2 exp_cht=43.79111887551624 dev=6.408881124483763 => SENSOR_DRIFT
t=984.4 cht=49.6 exp_cht=43.79111887551624 dev=7.508881124483764 => SENSOR_DRIFT
t=985.4 cht=50.400000000000006 exp_cht=45.89125151383341 dev=5.408748486166594 => SENSOR_DRIFT
t=986.4 cht=50.400000000000006 exp_cht=45.89125151383341 dev=5.208748486166591 => SENSOR_DRIFT
t=987.4 cht=47.900000000000006 exp_cht=45.89125151383341 dev=4.60874848616659 => NORMAL
t=988.4 cht=49.7 exp_cht=45.89125151383341 dev=5.208748486166591 => SENSOR_DRIFT
t=989.4 cht=50.7 exp_cht=45.27007891954964 dev=5.929921080450363 => SENSOR_DRIFT
t=990.4 cht=49.900000000000006 exp_cht=43.79111887551624 dev=6.3088811244837615 => SENSOR_DRIFT
t=991.4 cht=50.2 exp_cht=45.89125151383341 dev=5.60874848616659 => SENSOR_DRIFT
t=992.4 cht=50.400000000000006 exp_cht=45.89125151383341 dev=6.008748486166596 => SENSOR_DRIFT
t=993.4 cht=51.1 exp_cht=45.89125151383341 dev=5.208748486166591 => SENSOR_DRIFT
t=994.4 cht=50.0 exp_cht=45.27007891954966 dev=5.529921080450343 => SENSOR_DRIFT
t=995.4 cht=49.7 exp_cht=45.91991818050008 dev=5.2800818194999195 => SENSOR_DRIFT
t=996.4 cht=50.300000000000004 exp_cht=43.8197855421829 dev=7.980214457817105 => SENSOR_DRIFT
t=997.4 cht=51.1 exp_cht=45.94139437097627 dev=5.258605629023734 => SENSOR_DRIFT
t=998.4 cht=50.2 exp_cht=45.941394370976276 dev=4.258605629023727 => NORMAL
t=999.4 cht=51.1 exp_cht=45.94139437097627 dev=5.558605629023731 => SENSOR_DRIFT
t=1000.4 cht=50.300000000000004 exp_cht=45.320221776692506 dev=5.679778223307494 => SENSOR_DRIFT
t=1001.4 cht=49.7 exp_cht=45.94139437097627 dev=5.658605629023732 => SENSOR_DRIFT
t=1002.4 cht=51.800000000000004 exp_cht=45.941394370976276 dev=5.858605629023728 => SENSOR_DRIFT
t=1003.4 cht=48.7 exp_cht=45.94139437097627 dev=5.358605629023735 => SENSOR_DRIFT
t=1004.4 cht=49.0 exp_cht=45.94139437097627 dev=4.058605629023731 => NORMAL
t=1005.4 cht=49.2 exp_cht=45.941394370976276 dev=5.158605629023725 => SENSOR_DRIFT
t=1006.4 cht=51.2 exp_cht=45.941394370976276 dev=5.258605629023727 => SENSOR_DRIFT
t=1007.4 cht=51.0 exp_cht=45.941394370976276 dev=5.358605629023728 => SENSOR_DRIFT
t=1008.4 cht=49.5 exp_cht=45.94139437097628 dev=5.458605629023722 => SENSOR_DRIFT
t=1009.4 cht=50.300000000000004 exp_cht=45.94139437097627 dev=5.258605629023734 => SENSOR_DRIFT
t=1010.4 cht=49.6 exp_cht=45.94139437097626 dev=4.558605629023738 => NORMAL
t=1011.4 cht=50.5 exp_cht=45.94139437097626 dev=5.058605629023738 => SENSOR_DRIFT
t=1012.4 cht=49.300000000000004 exp_cht=45.94139437097628 dev=3.7586056290237195 => NORMAL
t=1013.4 cht=50.6 exp_cht=43.828513612358336 dev=6.771486387641666 => SENSOR_DRIFT
t=1014.4 cht=49.1 exp_cht=45.9286462506755 dev=5.271353749324504 => SENSOR_DRIFT
t=1015.4 cht=49.7 exp_cht=45.92864625067552 dev=5.07135374932448 => SENSOR_DRIFT
t=1016.4 cht=50.0 exp_cht=45.92864625067554 dev=4.371353749324463 => NORMAL
t=1017.4 cht=50.400000000000006 exp_cht=43.82851361235835 dev=6.571486387641656 => SENSOR_DRIFT
t=1018.4 cht=50.400000000000006 exp_cht=43.82851361235833 dev=6.571486387641677 => SENSOR_DRIFT
t=1019.4 cht=49.800000000000004 exp_cht=45.92864625067551 dev=4.971353749324493 => NORMAL
t=1020.4 cht=50.2 exp_cht=43.828513612358336 dev=8.171486387641664 => SENSOR_DRIFT
t=1021.4 cht=50.6 exp_cht=45.92864625067553 dev=5.071353749324473 => SENSOR_DRIFT
t=1022.4 cht=49.800000000000004 exp_cht=45.9286462506755 dev=4.471353749324507 => NORMAL
t=1023.4 cht=48.800000000000004 exp_cht=45.92864625067551 dev=4.6713537493244885 => NORMAL
t=1024.5 cht=50.400000000000006 exp_cht=45.92864625067552 dev=5.371353749324484 => SENSOR_DRIFT
t=1025.6 cht=51.900000000000006 exp_cht=45.92864625067553 dev=5.971353749324479 => SENSOR_DRIFT
t=1026.7 cht=49.2 exp_cht=45.92864625067551 dev=5.371353749324491 => SENSOR_DRIFT
t=1027.8 cht=50.400000000000006 exp_cht=45.92864625067552 dev=4.471353749324486 => NORMAL
t=1028.9 cht=49.0 exp_cht=45.92864625067551 dev=5.571353749324487 => SENSOR_DRIFT
t=1030.0 cht=49.800000000000004 exp_cht=45.9286462506755 dev=4.871353749324506 => NORMAL
t=1031.1 cht=50.5 exp_cht=45.93912303086128 dev=4.6608769691387195 => NORMAL
t=1032.2 cht=51.0 exp_cht=45.93912303086128 dev=6.560876969138718 => SENSOR_DRIFT
t=1033.3 cht=50.5 exp_cht=45.31795043657751 dev=5.582049563422494 => SENSOR_DRIFT
t=1034.4 cht=50.900000000000006 exp_cht=45.93912303086128 dev=4.960876969138724 => NORMAL
t=1035.5 cht=51.7 exp_cht=45.939123030861275 dev=5.760876969138728 => SENSOR_DRIFT
t=1036.6 cht=50.7 exp_cht=45.93912303086128 dev=5.560876969138718 => SENSOR_DRIFT
t=1037.7 cht=50.800000000000004 exp_cht=45.939123030861275 dev=5.160876969138727 => SENSOR_DRIFT
t=1038.8 cht=50.2 exp_cht=45.93912303086127 dev=4.460876969138738 => NORMAL
t=1039.9 cht=49.5 exp_cht=45.939123030861275 dev=4.560876969138725 => NORMAL
t=1041.0 cht=50.5 exp_cht=45.93912303086127 dev=4.560876969138732 => NORMAL
t=1042.1 cht=50.6 exp_cht=45.939123030861275 dev=4.660876969138727 => NORMAL
t=1043.2 cht=51.1 exp_cht=45.93912303086127 dev=5.160876969138734 => SENSOR_DRIFT
t=1044.3 cht=51.1 exp_cht=45.93912303086127 dev=5.160876969138734 => SENSOR_DRIFT
t=1045.4 cht=50.400000000000006 exp_cht=45.939123030861275 dev=4.460876969138731 => NORMAL
t=1046.5 cht=50.1 exp_cht=45.939123030861275 dev=4.660876969138727 => NORMAL
t=1047.6 cht=50.2 exp_cht=45.93912303086128 dev=4.6608769691387195 => NORMAL
t=0.0 cht=50.2 exp_cht=28.578776882421625 dev=22.621223117578378 => NORMAL
t=1048.7 cht=51.300000000000004 exp_cht=45.93912303086128 dev=5.960876969138724 => SENSOR_DRIFT
t=1049.8 cht=50.5 exp_cht=45.939123030861275 dev=5.8608769691387295 => SENSOR_DRIFT
t=1050.9 cht=49.800000000000004 exp_cht=45.93912303086128 dev=5.260876969138721 => SENSOR_DRIFT
t=1052.0 cht=49.400000000000006 exp_cht=45.939123030861275 dev=5.060876969138725 => NORMAL
t=1053.1 cht=50.5 exp_cht=45.939123030861275 dev=5.3608769691387295 => SENSOR_DRIFT
t=1054.2 cht=51.400000000000006 exp_cht=45.94362868348203 dev=5.556371316517968 => SENSOR_DRIFT
t=1055.3 cht=49.6 exp_cht=45.94362868348203 dev=5.156371316517969 => SENSOR_DRIFT
t=1056.4 cht=51.2 exp_cht=45.94362868348203 dev=5.256371316517971 => SENSOR_DRIFT
t=1057.5 cht=50.400000000000006 exp_cht=45.94362868348203 dev=5.256371316517971 => SENSOR_DRIFT
t=1058.6 cht=52.7 exp_cht=45.94362868348202 dev=6.756371316517985 => SENSOR_DRIFT
t=1059.7 cht=50.0 exp_cht=45.94362868348203 dev=4.256371316517971 => NORMAL
t=1060.8 cht=49.900000000000006 exp_cht=45.94362868348204 dev=5.056371316517961 => NORMAL
t=1061.9 cht=51.0 exp_cht=45.94362868348203 dev=5.056371316517968 => SENSOR_DRIFT
t=1063.0 cht=51.2 exp_cht=45.94362868348204 dev=5.2563713165179635 => SENSOR_DRIFT
t=1064.1 cht=50.5 exp_cht=45.94362868348204 dev=4.7563713165179635 => NORMAL
t=1065.2 cht=49.2 exp_cht=45.93666439776776 dev=4.6633356022322445 => NORMAL
t=1066.3 cht=48.6 exp_cht=45.93666439776776 dev=4.863335602232247 => NORMAL
t=1067.4 cht=49.0 exp_cht=45.936664397767764 dev=4.663335602232237 => NORMAL
t=1068.5 cht=50.300000000000004 exp_cht=45.93666439776774 dev=4.963335602232263 => NORMAL
t=1069.6 cht=49.5 exp_cht=45.93666439776776 dev=6.1633356022322445 => SENSOR_DRIFT
t=1070.7 cht=50.400000000000006 exp_cht=46.13396134506348 dev=4.766038654936523 => NORMAL
t=1071.8 cht=50.900000000000006 exp_cht=46.96182801173015 dev=4.238171988269855 => NORMAL
t=1072.9 cht=50.300000000000004 exp_cht=46.13396134506348 dev=4.9660386549365185 => NORMAL
t=1074.0 cht=50.6 exp_cht=46.241911067325276 dev=4.758088932674724 => NORMAL
t=1075.1 cht=49.7 exp_cht=46.459767260237214 dev=4.640232739762787 => NORMAL
t=1076.2 cht=49.7 exp_cht=46.459767260237214 dev=4.040232739762786 => NORMAL
t=1077.3 cht=49.900000000000006 exp_cht=46.463533926903885 dev=4.136466073096116 => NORMAL
t=1078.4 cht=50.900000000000006 exp_cht=46.463533926903885 dev=4.4364660730961205 => NORMAL
t=1079.5 cht=49.300000000000004 exp_cht=46.463533926903885 dev=4.136466073096116 => NORMAL
t=1080.6 cht=49.7 exp_cht=46.40908784847251 dev=4.09091215152749 => NORMAL
t=1081.7 cht=50.0 exp_cht=46.40908784847251 dev=4.390912151527495 => NORMAL
t=1082.8 cht=49.900000000000006 exp_cht=46.40908784847251 dev=4.690912151527492 => NORMAL
t=1083.9 cht=48.5 exp_cht=46.39244078964897 dev=4.6075592103510274 => NORMAL
t=1085.0 cht=49.6 exp_cht=46.39244078964898 dev=5.207559210351022 => SENSOR_DRIFT
t=1086.1 cht=50.2 exp_cht=46.39244078964898 dev=4.407559210351025 => NORMAL
t=1087.2 cht=51.5 exp_cht=46.352640789648994 dev=5.147359210351006 => SENSOR_DRIFT
t=1088.3 cht=49.800000000000004 exp_cht=46.352640789648966 dev=4.947359210351038 => NORMAL
t=1089.4 cht=50.900000000000006 exp_cht=46.352640789648966 dev=4.54735921035104 => NORMAL
t=1090.5 cht=50.400000000000006 exp_cht=46.359313866572066 dev=4.04068613342794 => NORMAL
t=1091.6 cht=52.2 exp_cht=46.359313866572066 dev=5.840686133427937 => SENSOR_DRIFT
t=1092.7 cht=51.300000000000004 exp_cht=46.35164719990539 dev=4.948352800094611 => NORMAL
t=1093.8 cht=50.6 exp_cht=46.35164719990539 dev=4.248352800094608 => NORMAL
t=1094.9 cht=51.0 exp_cht=46.35164719990539 dev=4.648352800094607 => NORMAL
t=1096.0 cht=49.1 exp_cht=45.10476650926528 dev=5.995233490734719 => NORMAL
t=1097.1 cht=48.900000000000006 exp_cht=44.90121266311146 dev=4.998787336888547 => NORMAL
t=1098.2 cht=49.300000000000004 exp_cht=43.83703705457884 dev=6.262962945421158 => NORMAL
t=1099.3 cht=49.2 exp_cht=43.738899667456145 dev=5.66110033254386 => NORMAL
t=1100.4 cht=48.6 exp_cht=43.46253445006485 dev=5.437465549935155 => NORMAL
t=1101.5 cht=48.7 exp_cht=43.46983445006484 dev=5.5301655499351625 => NORMAL
t=1102.6 cht=47.2 exp_cht=43.415977307207704 dev=5.284022692792298 => NORMAL
t=1103.7 cht=47.300000000000004 exp_cht=43.41597730720768 dev=3.884022692792321 => NORMAL
t=1104.8 cht=47.0 exp_cht=43.3891773072077 dev=4.8108226927923 => NORMAL
t=1105.9 cht=46.6 exp_cht=43.37624397387435 dev=3.223756026125649 => NORMAL
t=1107.0 cht=46.300000000000004 exp_cht=43.01567393636391 dev=3.284326063636094 => NORMAL
t=1108.1 cht=46.300000000000004 exp_cht=42.76812679831677 dev=3.531873201683233 => NORMAL
t=1109.2 cht=45.5 exp_cht=42.55176850443672 dev=3.4482314955632773 => NORMAL
t=1110.3 cht=44.900000000000006 exp_cht=42.551768504436744 dev=4.24823149556326 => NORMAL
t=1111.4 cht=46.1 exp_cht=42.25093640189874 dev=3.84906359810126 => NORMAL
t=1112.5 cht=44.900000000000006 exp_cht=35.88209273409982 dev=9.71790726590018 => SENSOR_DRIFT
t=1113.6 cht=43.900000000000006 exp_cht=35.10577038977747 dev=9.194229610222536 => SENSOR_DRIFT
t=1114.7 cht=44.6 exp_cht=35.06510372311081 dev=10.43489627688919 => SENSOR_DRIFT
t=1115.8 cht=43.1 exp_cht=35.06510372311081 dev=9.234896276889195 => SENSOR_DRIFT
t=1116.9 cht=43.1 exp_cht=34.28596735947445 dev=10.314032640525554 => SENSOR_DRIFT
t=1118.0 cht=43.2 exp_cht=33.4681997464833 dev=10.331800253516704 => SENSOR_DRIFT
t=1119.1 cht=43.300000000000004 exp_cht=33.4681997464833 dev=10.831800253516704 => SENSOR_DRIFT
t=1120.2 cht=43.7 exp_cht=33.4681997464833 dev=10.231800253516703 => SENSOR_DRIFT
t=1121.3 cht=42.800000000000004 exp_cht=33.46819974648331 dev=11.131800253516694 => SENSOR_DRIFT
t=1122.4 cht=42.900000000000006 exp_cht=33.34386641314997 dev=10.456133586850036 => SENSOR_DRIFT
t=1123.5 cht=42.900000000000006 exp_cht=33.34386641314996 dev=9.556133586850045 => SENSOR_DRIFT
t=1124.6 cht=40.7 exp_cht=33.240780698864256 dev=8.759219301135744 => SENSOR_DRIFT
t=1125.7 cht=41.6 exp_cht=33.56421195357366 dev=8.235788046426343 => SENSOR_DRIFT
t=1126.8 cht=40.5 exp_cht=33.56421195357366 dev=7.635788046426342 => SENSOR_DRIFT
t=1127.9 cht=42.5 exp_cht=33.56529191092973 dev=8.93470808907027 => SENSOR_DRIFT
t=1129.0 cht=42.400000000000006 exp_cht=33.479377031229106 dev=8.9206229687709 => SENSOR_DRIFT
t=1130.1 cht=40.5 exp_cht=33.34663314170152 dev=7.853366858298486 => SENSOR_DRIFT
t=1131.2 cht=39.300000000000004 exp_cht=33.33581536269294 dev=7.4641846373070635 => SENSOR_DRIFT
t=1132.3 cht=40.6 exp_cht=33.33581536269294 dev=8.064184637307065 => SENSOR_DRIFT
t=1133.4 cht=41.2 exp_cht=33.33581536269294 dev=8.964184637307063 => SENSOR_DRIFT
t=1134.5 cht=38.900000000000006 exp_cht=33.33581536269294 dev=6.764184637307061 => NORMAL
t=1135.6 cht=38.800000000000004 exp_cht=33.33581536269294 dev=6.9641846373070635 => SENSOR_DRIFT
t=1136.7 cht=39.800000000000004 exp_cht=33.33581536269294 dev=7.364184637307062 => SENSOR_DRIFT
t=1137.8 cht=39.5 exp_cht=33.33621119602627 dev=6.1637888039737305 => NORMAL
t=1138.9 cht=40.400000000000006 exp_cht=33.33621119602627 dev=7.063788803973736 => SENSOR_DRIFT
t=1140.0 cht=38.1 exp_cht=32.995374332968915 dev=6.604625667031087 => NORMAL
t=1141.1 cht=38.6 exp_cht=32.94620096655039 dev=6.653799033449609 => NORMAL
t=1142.2 cht=38.900000000000006 exp_cht=32.94620096655039 dev=6.3537990334496115 => NORMAL
t=1143.3 cht=38.1 exp_cht=32.79085195054667 dev=6.809148049453334 => SENSOR_DRIFT
t=1144.4 cht=38.0 exp_cht=32.681094656963054 dev=5.3189053430369455 => NORMAL
t=1145.5 cht=37.7 exp_cht=32.632127510836874 dev=5.267872489163125 => NORMAL
t=1146.6 cht=37.6 exp_cht=32.610884267593626 dev=5.78911573240638 => NORMAL
t=1147.7 cht=37.1 exp_cht=32.5931509342603 dev=6.506849065739701 => NORMAL
t=1148.8 cht=37.7 exp_cht=32.52176409215504 dev=6.1782359078449645 => NORMAL
t=1149.9 cht=38.400000000000006 exp_cht=32.52176409215503 dev=5.878235907844974 => NORMAL
t=1151.0 cht=36.6 exp_cht=32.297970441361386 dev=6.3020295586386155 => NORMAL
t=1152.1 cht=38.1 exp_cht=29.235377525508923 dev=8.864622474491078 => SENSOR_DRIFT
t=1153.2 cht=37.7 exp_cht=26.644790027635896 dev=11.055209972364107 => SENSOR_DRIFT
t=1154.3 cht=36.6 exp_cht=26.206684764478 dev=11.793315235522002 => SENSOR_DRIFT
t=1155.4 cht=36.4 exp_cht=25.95967143114466 dev=11.440328568855339 => SENSOR_DRIFT
t=1156.5 cht=37.0 exp_cht=25.937504764478 dev=12.062495235522 => SENSOR_DRIFT
t=1157.6 cht=37.0 exp_cht=26.377060018101194 dev=10.622939981898806 => SENSOR_DRIFT
t=1158.7 cht=36.2 exp_cht=26.36506001810119 dev=10.13493998189881 => SENSOR_DRIFT
t=1159.8 cht=37.1 exp_cht=26.318560018101184 dev=10.781439981898817 => SENSOR_DRIFT
t=1160.9 cht=36.6 exp_cht=26.383793351434516 dev=10.216206648565485 => SENSOR_DRIFT
t=1162.0 cht=35.300000000000004 exp_cht=26.50340287524405 dev=10.196597124755954 => SENSOR_DRIFT
t=1163.1 cht=35.1 exp_cht=26.350817160958336 dev=9.749182839041666 => SENSOR_DRIFT
t=1164.2 cht=34.300000000000004 exp_cht=26.389450494291673 dev=9.410549505708332 => NORMAL
t=1165.3 cht=35.0 exp_cht=26.387117160958336 dev=9.112882839041664 => NORMAL
t=1166.4 cht=34.800000000000004 exp_cht=26.42633938318056 dev=8.973660616819437 => SENSOR_DRIFT
t=1167.5 cht=33.4 exp_cht=26.02171081175199 dev=9.07828918824801 => NORMAL
t=1168.6 cht=33.1 exp_cht=22.94731984126984 dev=13.052680158730158 => SENSOR_DRIFT
t=1169.7 cht=34.7 exp_cht=20.865238278388283 dev=15.034761721611716 => SENSOR_DRIFT
t=1170.8 cht=35.300000000000004 exp_cht=20.99987716727717 dev=14.300122832722835 => SENSOR_DRIFT
t=1171.9 cht=34.2 exp_cht=20.82055335775336 dev=14.079446642246637 => SENSOR_DRIFT
t=1173.0 cht=33.7 exp_cht=21.412521900158666 dev=12.587478099841334 => SENSOR_DRIFT
t=1174.1 cht=32.800000000000004 exp_cht=21.412521900158666 dev=12.987478099841333 => SENSOR_DRIFT
t=1175.2 cht=33.4 exp_cht=21.45302190015866 dev=13.346978099841344 => SENSOR_DRIFT
t=1176.3 cht=32.4 exp_cht=21.45302190015867 dev=12.04697809984133 => SENSOR_DRIFT
t=1177.4 cht=33.0 exp_cht=21.45302190015867 dev=12.14697809984133 => SENSOR_DRIFT
t=1178.5 cht=31.400000000000002 exp_cht=21.511777455714224 dev=11.088222544285777 => SENSOR_DRIFT
t=1179.6 cht=33.2 exp_cht=21.532277455714226 dev=11.967722544285774 => SENSOR_DRIFT
t=1180.7 cht=31.5 exp_cht=21.443744122380885 dev=11.456255877619114 => SENSOR_DRIFT
t=1181.8 cht=30.6 exp_cht=21.50016242303448 dev=10.999837576965518 => SENSOR_DRIFT
t=1182.9 cht=31.8 exp_cht=21.445279991740286 dev=12.054720008259714 => SENSOR_DRIFT
t=1184.0 cht=31.1 exp_cht=21.445279991740286 dev=11.654720008259716 => SENSOR_DRIFT
t=1185.1 cht=31.0 exp_cht=21.501732372692665 dev=12.098267627307337 => SENSOR_DRIFT
t=1186.2 cht=31.200000000000003 exp_cht=21.50173237269267 dev=10.198267627307334 => NORMAL
t=1187.3 cht=30.5 exp_cht=21.65416907587025 dev=9.34583092412975 => NORMAL
t=1188.4 cht=30.900000000000002 exp_cht=21.769445781146956 dev=9.730554218853044 => NORMAL
t=1189.5 cht=28.700000000000003 exp_cht=21.76576281411399 dev=10.134237185886011 => NORMAL
t=1190.6 cht=30.900000000000002 exp_cht=21.765762814113987 dev=9.734237185886013 => NORMAL
t=1191.7 cht=31.6 exp_cht=20.949773420174584 dev=10.650226579825418 => SENSOR_DRIFT
t=1192.8 cht=30.1 exp_cht=21.012440086841263 dev=9.68755991315874 => NORMAL
t=1193.9 cht=29.900000000000002 exp_cht=20.87882243978244 dev=9.821177560217563 => NORMAL
t=1195.0 cht=28.5 exp_cht=20.661689106449103 dev=8.638310893550898 => NORMAL
t=1196.1 cht=29.400000000000002 exp_cht=19.956663565323563 dev=9.843336434676438 => SENSOR_DRIFT
t=1197.2 cht=29.6 exp_cht=19.499928571428566 dev=10.900071428571437 => SENSOR_DRIFT
t=1198.3 cht=28.700000000000003 exp_cht=19.46535952380952 dev=10.034640476190479 => SENSOR_DRIFT
t=1199.4 cht=29.200000000000003 exp_cht=19.214130952380955 dev=10.285869047619045 => SENSOR_DRIFT
t=1200.5 cht=28.900000000000002 exp_cht=19.214130952380955 dev=11.185869047619047 => SENSOR_DRIFT
t=1201.6 cht=28.900000000000002 exp_cht=19.21979761904762 dev=9.680202380952384 => SENSOR_DRIFT
t=1202.7 cht=27.900000000000002 exp_cht=18.786780952380955 dev=10.213219047619045 => SENSOR_DRIFT
t=1203.8 cht=28.400000000000002 exp_cht=18.398178053830232 dev=10.80182194616977 => SENSOR_DRIFT
t=1204.9 cht=28.6 exp_cht=17.0691836246483 dev=11.7308163753517 => SENSOR_DRIFT
t=1206.0 cht=28.700000000000003 exp_cht=17.104183624648297 dev=11.595816375351706 => SENSOR_DRIFT
t=1207.1 cht=28.3 exp_cht=17.295536548624906 dev=11.004463451375095 => SENSOR_DRIFT
t=1208.2 cht=28.6 exp_cht=17.357536548624907 dev=11.542463451375095 => SENSOR_DRIFT
t=1209.3 cht=27.6 exp_cht=17.35753654862491 dev=10.242463451375091 => SENSOR_DRIFT
t=1210.4 cht=28.700000000000003 exp_cht=17.355369881958243 dev=11.34463011804176 => SENSOR_DRIFT
t=1211.5 cht=27.3 exp_cht=17.279969881958245 dev=10.420030118041758 => SENSOR_DRIFT
t=1212.6 cht=25.3 exp_cht=17.330880138368503 dev=11.269119861631498 => SENSOR_DRIFT
t=1213.7 cht=25.200000000000003 exp_cht=17.32024970358589 dev=9.17975029641411 => NORMAL
t=1214.8 cht=26.200000000000003 exp_cht=17.30119970358589 dev=9.098800296414112 => NORMAL
t=1215.9 cht=26.0 exp_cht=17.081387005173195 dev=9.318612994826807 => NORMAL
t=1217.0 cht=25.8 exp_cht=17.01031557660177 dev=10.389684423398233 => SENSOR_DRIFT
t=1218.1 cht=25.1 exp_cht=16.44174314566153 dev=9.458256854338472 => NORMAL
t=1219.2 cht=26.1 exp_cht=16.31334732277097 dev=9.986652677229031 => SENSOR_DRIFT
t=1220.3 cht=25.400000000000002 exp_cht=16.00663131655496 dev=10.693368683445044 => SENSOR_DRIFT
t=1221.4 cht=26.3 exp_cht=16.006631316554962 dev=10.293368683445038 => NORMAL
t=1222.5 cht=24.700000000000003 exp_cht=15.846716893478039 dev=9.853283106521964 => NORMAL
t=1223.6 cht=24.8 exp_cht=15.854307369668515 dev=10.045692630331487 => NORMAL
t=1224.7 cht=24.5 exp_cht=15.854307369668515 dev=9.145692630331485 => NORMAL
t=1225.8 cht=25.0 exp_cht=15.854307369668515 dev=9.145692630331485 => NORMAL
t=1226.9 cht=24.1 exp_cht=15.854307369668515 dev=9.045692630331487 => NORMAL
t=1228.0 cht=23.6 exp_cht=15.854307369668515 dev=8.145692630331485 => NORMAL
t=1229.1 cht=23.6 exp_cht=15.871450226811373 dev=8.02854977318863 => NORMAL
t=1230.2 cht=23.6 exp_cht=15.871450226811373 dev=8.728549773188629 => NORMAL
t=1231.3 cht=23.1 exp_cht=15.86386199151725 dev=8.836138008482752 => NORMAL
t=1232.4 cht=22.3 exp_cht=15.852361991517254 dev=8.347638008482749 => NORMAL
t=1233.5 cht=21.3 exp_cht=15.84264770580297 dev=7.057352294197033 => NORMAL
t=1234.6 cht=23.700000000000003 exp_cht=16.00243006233533 dev=7.897569937664674 => NORMAL
t=1235.7 cht=23.0 exp_cht=16.068046176751196 dev=6.931953823248804 => NORMAL
t=1236.8 cht=23.200000000000003 exp_cht=16.04366654712157 dev=7.156333452878432 => NORMAL
t=1237.9 cht=22.3 exp_cht=16.008543740104024 dev=6.891456259895978 => NORMAL
t=1239.0 cht=22.3 exp_cht=16.008543740104027 dev=6.291456259895973 => NORMAL
t=1240.1 cht=21.700000000000003 exp_cht=16.008543740104024 dev=5.691456259895979 => NORMAL
t=1241.2 cht=21.3 exp_cht=16.008543740104024 dev=5.491456259895976 => NORMAL
t=1242.3 cht=21.8 exp_cht=15.982394389454674 dev=5.817605610545327 => NORMAL
t=1243.4 cht=21.200000000000003 exp_cht=15.982394389454674 dev=5.817605610545327 => NORMAL
t=1244.5 cht=20.0 exp_cht=15.98239438945467 dev=4.917605610545332 => NORMAL
t=1245.6 cht=21.8 exp_cht=15.982394389454674 dev=7.617605610545327 => NORMAL
t=1246.7 cht=21.0 exp_cht=15.98239438945467 dev=6.0176056105453295 => NORMAL
t=1247.8 cht=19.1 exp_cht=15.926183863138888 dev=5.573816136861112 => NORMAL
t=1248.9 cht=19.900000000000002 exp_cht=15.926183863138881 dev=4.67381613686112 => NORMAL
t=1250.0 cht=19.6 exp_cht=15.926183863138883 dev=4.27381613686112 => NORMAL
t=1251.1 cht=19.700000000000003 exp_cht=15.926183863138885 dev=4.573816136861115 => NORMAL
t=1252.2 cht=19.700000000000003 exp_cht=15.926183863138881 dev=4.073816136861119 => NORMAL
t=1253.3 cht=19.700000000000003 exp_cht=15.926183863138883 dev=4.77381613686112 => NORMAL
t=1254.4 cht=18.7 exp_cht=15.926183863138883 dev=4.173816136861118 => NORMAL
t=1255.5 cht=20.8 exp_cht=15.926183863138885 dev=4.873816136861116 => NORMAL
t=1256.6 cht=19.5 exp_cht=15.858321794173367 dev=3.641678205826633 => NORMAL
t=1257.7 cht=18.7 exp_cht=15.792655127506702 dev=3.6073448724933 => NORMAL
t=1258.8 cht=17.400000000000002 exp_cht=15.776905127506698 dev=3.423094872493305 => NORMAL
t=1259.9 cht=16.2 exp_cht=15.7769051275067 dev=2.9230948724932997 => NORMAL
t=1261.0 cht=18.1 exp_cht=15.7769051275067 dev=5.023094872493301 => NORMAL
t=1262.1 cht=18.1 exp_cht=15.776905127506696 dev=3.223094872493304 => NORMAL
t=1263.2 cht=17.5 exp_cht=15.7769051275067 dev=2.9230948724932997 => NORMAL
t=1264.3 cht=17.2 exp_cht=15.762177854779427 dev=2.5378221452205736 => NORMAL
t=1265.4 cht=18.2 exp_cht=15.762177854779429 dev=2.4378221452205704 => NORMAL
t=1266.5 cht=16.3 exp_cht=15.727905127506698 dev=1.972094872493301 => NORMAL
t=1267.6 cht=16.6 exp_cht=15.727905127506698 dev=2.0720948724933024 => NORMAL
t=1268.7 cht=18.3 exp_cht=15.727905127506702 dev=2.572094872493299 => NORMAL
t=1269.8 cht=16.400000000000002 exp_cht=15.723238460840035 dev=1.0767615391599659 => NORMAL
t=1270.9 cht=16.5 exp_cht=15.723238460840031 dev=1.6767615391599708 => NORMAL
t=1272.0 cht=14.8 exp_cht=15.723238460840031 dev=1.976761539159968 => NORMAL
t=1273.1 cht=16.8 exp_cht=15.738988460840035 dev=1.861011539159966 => NORMAL
t=1274.2 cht=15.5 exp_cht=15.738988460840032 dev=0.6610115391599702 => NORMAL
t=1275.3 cht=15.8 exp_cht=15.419603761386483 dev=0.6803962386135183 => NORMAL
t=1276.4 cht=16.6 exp_cht=15.419603761386476 dev=1.1803962386135254 => NORMAL
t=1277.5 cht=14.8 exp_cht=15.419603761386481 dev=0.8803962386135193 => NORMAL
t=1278.6 cht=14.700000000000001 exp_cht=15.419603761386476 dev=1.3803962386135247 => NORMAL
t=1279.7 cht=15.600000000000001 exp_cht=15.419603761386483 dev=1.0803962386135169 => NORMAL
t=1280.8 cht=15.600000000000001 exp_cht=15.419603761386481 dev=0.480396238613519 => NORMAL
t=1281.9 cht=14.4 exp_cht=15.419603761386483 dev=0.38039623861351757 => NORMAL
t=1283.0 cht=11.3 exp_cht=15.419603761386481 dev=-0.6196037613864807 => NORMAL
t=1284.1 cht=13.9 exp_cht=15.419603761386483 dev=-0.11960376138648243 => NORMAL
t=1285.2 cht=15.5 exp_cht=15.419603761386481 dev=0.08039623861351863 => NORMAL
t=1286.3 cht=14.4 exp_cht=15.419603761386481 dev=0.18039623861352005 => NORMAL
t=1287.4 cht=14.0 exp_cht=15.419603761386476 dev=-0.3196037613864746 => NORMAL
t=1288.5 cht=12.9 exp_cht=15.419603761386481 dev=-0.9196037613864814 => NORMAL
t=1289.6 cht=13.5 exp_cht=15.41960376138648 dev=-1.0196037613864792 => NORMAL
t=1290.7 cht=13.0 exp_cht=15.41960376138648 dev=-0.7196037613864785 => NORMAL
t=1291.8 cht=14.4 exp_cht=15.419603761386481 dev=-1.019603761386481 => NORMAL
t=1292.9 cht=12.100000000000001 exp_cht=15.41960376138648 dev=-2.2196037613864785 => NORMAL
t=1294.0 cht=13.5 exp_cht=15.41960376138648 dev=-0.6196037613864789 => NORMAL
t=1295.1 cht=13.8 exp_cht=15.419603761386481 dev=-1.31960376138648 => NORMAL
t=1296.2 cht=13.5 exp_cht=15.41960376138648 dev=-0.6196037613864789 => NORMAL
t=1297.3 cht=13.100000000000001 exp_cht=15.419603761386481 dev=-2.31960376138648 => NORMAL
t=1298.4 cht=12.4 exp_cht=15.419603761386476 dev=-2.6196037613864753 => NORMAL
t=1299.5 cht=12.4 exp_cht=15.419603761386481 dev=-2.81960376138648 => NORMAL
t=1300.6 cht=12.4 exp_cht=15.419603761386487 dev=-3.0196037613864863 => NORMAL
t=1301.7 cht=13.0 exp_cht=15.419603761386481 dev=-2.019603761386481 => NORMAL
t=1302.8 cht=12.8 exp_cht=15.419603761386481 dev=-2.2196037613864803 => NORMAL
t=1303.9 cht=12.700000000000001 exp_cht=15.41960376138648 dev=-2.319603761386478 => NORMAL
t=1305.0 cht=12.600000000000001 exp_cht=15.419603761386481 dev=-1.7196037613864803 => NORMAL
t=1306.1 cht=10.8 exp_cht=15.419603761386481 dev=-2.519603761386481 => NORMAL
t=1307.2 cht=11.700000000000001 exp_cht=15.41960376138648 dev=-3.2196037613864785 => NORMAL
t=1308.3 cht=13.0 exp_cht=15.419603761386476 dev=-2.419603761386476 => NORMAL
t=1309.4 cht=12.4 exp_cht=15.419603761386481 dev=-2.31960376138648 => NORMAL
t=1310.5 cht=12.9 exp_cht=15.419603761386476 dev=-2.5196037613864757 => NORMAL
t=1311.6 cht=11.8 exp_cht=15.41960376138648 dev=-3.619603761386479 => NORMAL
t=1312.7 cht=12.3 exp_cht=15.419603761386481 dev=-3.1196037613864807 => NORMAL
t=1313.8 cht=10.700000000000001 exp_cht=15.419603761386481 dev=-1.9196037613864814 => NORMAL
t=1314.9 cht=11.700000000000001 exp_cht=15.419603761386481 dev=-3.1196037613864807 => NORMAL
t=1316.0 cht=10.700000000000001 exp_cht=15.41960376138648 dev=-3.4196037613864796 => NORMAL
t=1317.1 cht=11.4 exp_cht=15.419603761386483 dev=-2.8196037613864817 => NORMAL
t=1318.2 cht=11.600000000000001 exp_cht=15.419603761386481 dev=-3.81960376138648 => NORMAL
t=1319.3 cht=12.100000000000001 exp_cht=15.419603761386476 dev=-3.3196037613864746 => NORMAL
t=1320.4 cht=10.200000000000001 exp_cht=15.419603761386481 dev=-3.2196037613864803 => NORMAL
t=1321.5 cht=10.200000000000001 exp_cht=15.419603761386481 dev=-4.81960376138648 => NORMAL
t=1322.6 cht=9.9 exp_cht=15.41960376138648 dev=-3.5196037613864792 => NORMAL
t=1323.7 cht=10.5 exp_cht=15.41960376138648 dev=-3.7196037613864785 => NORMAL
t=1324.8 cht=10.4 exp_cht=15.419603761386481 dev=-4.019603761386481 => NORMAL
t=1325.9 cht=11.600000000000001 exp_cht=15.419603761386483 dev=-3.219603761386482 => NORMAL
t=1327.0 cht=10.3 exp_cht=15.41960376138648 dev=-4.41960376138648 => NORMAL
t=1328.1 cht=10.200000000000001 exp_cht=15.419603761386481 dev=-3.2196037613864803 => NORMAL
t=1329.2 cht=9.3 exp_cht=15.419603761386483 dev=-4.519603761386483 => NORMAL
t=1330.3 cht=10.5 exp_cht=15.41960376138648 dev=-4.41960376138648 => NORMAL
t=1331.4 cht=9.700000000000001 exp_cht=15.41960376138648 dev=-4.819603761386478 => NORMAL
t=1332.5 cht=10.5 exp_cht=15.41960376138648 dev=-3.2196037613864785 => NORMAL
t=1333.6 cht=10.8 exp_cht=15.419603761386476 dev=-4.119603761386475 => NORMAL
t=1334.7 cht=11.8 exp_cht=15.419603761386481 dev=-3.6196037613864807 => NORMAL
t=1335.8 cht=10.700000000000001 exp_cht=15.419603761386481 dev=-3.81960376138648 => NORMAL
t=1336.9 cht=11.100000000000001 exp_cht=15.41960376138648 dev=-4.019603761386479 => NORMAL
t=1338.0 cht=9.9 exp_cht=15.419603761386481 dev=-5.31960376138648 => NORMAL
t=1339.1 cht=8.0 exp_cht=15.419603761386483 dev=-3.8196037613864817 => NORMAL
t=1340.2 cht=12.3 exp_cht=15.41960376138648 dev=-3.119603761386479 => NORMAL
t=1341.3 cht=10.5 exp_cht=15.41960376138648 dev=-4.91960376138648 => NORMAL
t=1342.4 cht=10.600000000000001 exp_cht=15.419603761386481 dev=-4.81960376138648 => NORMAL
t=1343.5 cht=10.700000000000001 exp_cht=15.419603761386481 dev=-4.619603761386481 => NORMAL
t=1344.6 cht=10.100000000000001 exp_cht=15.419603761386481 dev=-5.21960376138648 => NORMAL
t=1345.7 cht=9.4 exp_cht=15.419603761386481 dev=-4.919603761386481 => NORMAL
t=1346.8 cht=10.0 exp_cht=15.419603761386481 dev=-4.81960376138648 => NORMAL
t=1347.9 cht=8.8 exp_cht=15.41960376138648 dev=-6.119603761386479 => NORMAL
t=1349.0 cht=11.100000000000001 exp_cht=15.419603761386481 dev=-4.31960376138648 => NORMAL
t=1350.1 cht=8.5 exp_cht=15.419603761386476 dev=-4.619603761386475 => NORMAL
t=1351.2 cht=9.600000000000001 exp_cht=15.419603761386481 dev=-5.81960376138648 => NORMAL
t=1352.3 cht=9.9 exp_cht=15.419603761386481 dev=-4.119603761386481 => NORMAL
t=1353.4 cht=8.6 exp_cht=15.419603761386481 dev=-4.419603761386481 => NORMAL
t=1354.5 cht=10.100000000000001 exp_cht=15.419603761386481 dev=-4.81960376138648 => NORMAL
t=1355.6 cht=9.4 exp_cht=15.41960376138648 dev=-6.019603761386479 => NORMAL
t=1356.7 cht=8.200000000000001 exp_cht=15.41960376138648 dev=-4.819603761386478 => NORMAL
t=1357.8 cht=11.600000000000001 exp_cht=15.41960376138648 dev=-3.819603761386478 => NORMAL
t=1358.9 cht=10.0 exp_cht=15.419603761386483 dev=-4.519603761386483 => NORMAL
t=1360.0 cht=9.200000000000001 exp_cht=15.419603761386483 dev=-4.919603761386483 => NORMAL
t=1361.1 cht=9.4 exp_cht=15.419603761386481 dev=-5.21960376138648 => NORMAL
t=1362.2 cht=9.700000000000001 exp_cht=15.419603761386481 dev=-4.21960376138648 => NORMAL
t=1363.3 cht=9.3 exp_cht=15.419603761386481 dev=-5.81960376138648 => NORMAL
t=1364.4 cht=10.0 exp_cht=15.419603761386476 dev=-5.119603761386475 => NORMAL
t=1365.5 cht=9.8 exp_cht=15.419603761386476 dev=-5.619603761386475 => NORMAL
t=1366.6 cht=8.1 exp_cht=15.41960376138648 dev=-5.619603761386479 => NORMAL
t=1367.7 cht=9.0 exp_cht=15.419603761386481 dev=-5.119603761386481 => NORMAL
t=1368.8 cht=10.3 exp_cht=15.419603761386481 dev=-5.119603761386481 => NORMAL
t=1369.9 cht=8.700000000000001 exp_cht=15.41960376138648 dev=-5.319603761386478 => NORMAL
t=1371.0 cht=9.3 exp_cht=15.41960376138648 dev=-4.41960376138648 => NORMAL
t=1372.1 cht=8.700000000000001 exp_cht=15.41960376138648 dev=-5.819603761386478 => NORMAL
t=1373.2 cht=9.700000000000001 exp_cht=15.419603761386481 dev=-5.71960376138648 => NORMAL
t=1374.3 cht=10.100000000000001 exp_cht=15.419603761386481 dev=-4.31960376138648 => NORMAL
t=1375.4 cht=9.3 exp_cht=15.41960376138648 dev=-5.41960376138648 => NORMAL
t=1376.5 cht=10.600000000000001 exp_cht=15.41960376138648 dev=-4.619603761386479 => NORMAL
t=1377.6 cht=8.700000000000001 exp_cht=15.419603761386481 dev=-5.81960376138648 => NORMAL
t=1378.7 cht=9.600000000000001 exp_cht=15.419603761386483 dev=-5.819603761386482 => NORMAL
t=1379.8 cht=8.700000000000001 exp_cht=15.419603761386481 dev=-5.119603761386481 => NORMAL
t=1380.9 cht=10.100000000000001 exp_cht=15.419603761386481 dev=-5.21960376138648 => NORMAL
t=1382.0 cht=9.0 exp_cht=15.419603761386481 dev=-4.71960376138648 => NORMAL
t=1383.1 cht=10.700000000000001 exp_cht=15.41960376138648 dev=-4.7196037613864785 => NORMAL
t=1384.2 cht=9.3 exp_cht=15.419603761386483 dev=-6.019603761386483 => NORMAL
t=1385.3 cht=11.4 exp_cht=15.419603761386481 dev=-4.019603761386481 => NORMAL
t=1386.4 cht=7.9 exp_cht=15.419603761386483 dev=-6.019603761386483 => NORMAL
t=1387.5 cht=8.200000000000001 exp_cht=15.419603761386481 dev=-4.619603761386481 => NORMAL
t=1388.6 cht=9.1 exp_cht=15.41960376138648 dev=-5.819603761386478 => NORMAL
t=1389.7 cht=9.1 exp_cht=15.419603761386481 dev=-6.019603761386481 => NORMAL
t=1390.8 cht=9.9 exp_cht=15.419603761386481 dev=-5.519603761386481 => NORMAL
t=1391.9 cht=8.5 exp_cht=15.419603761386481 dev=-5.119603761386481 => NORMAL
t=1393.0 cht=8.1 exp_cht=15.419603761386481 dev=-6.019603761386481 => NORMAL
t=1394.1 cht=9.0 exp_cht=15.419603761386476 dev=-6.419603761386476 => NORMAL
t=1395.2 cht=9.3 exp_cht=15.419603761386481 dev=-5.419603761386481 => NORMAL
t=1396.3 cht=9.0 exp_cht=15.419603761386483 dev=-6.119603761386482 => NORMAL
t=1397.4 cht=9.0 exp_cht=15.419603761386481 dev=-5.619603761386481 => NORMAL
t=1398.5 cht=9.200000000000001 exp_cht=15.419603761386481 dev=-5.619603761386481 => NORMAL
t=1399.6 cht=8.1 exp_cht=15.419603761386481 dev=-5.31960376138648 => NORMAL
t=1400.7 cht=7.800000000000001 exp_cht=15.419603761386481 dev=-6.619603761386481 => NORMAL
t=1401.8 cht=9.0 exp_cht=15.419603761386481 dev=-6.419603761386481 => NORMAL
t=1402.9 cht=10.600000000000001 exp_cht=15.41960376138648 dev=-4.819603761386478 => NORMAL
t=1404.0 cht=8.8 exp_cht=15.419603761386481 dev=-6.019603761386481 => NORMAL
t=1405.1 cht=7.5 exp_cht=15.419603761386483 dev=-6.019603761386483 => NORMAL
t=1406.2 cht=9.3 exp_cht=15.419603761386481 dev=-6.119603761386481 => NORMAL
t=1407.3 cht=8.5 exp_cht=15.41960376138648 dev=-6.31960376138648 => NORMAL
t=1408.4 cht=8.1 exp_cht=15.419603761386481 dev=-5.119603761386481 => NORMAL
t=1409.5 cht=9.200000000000001 exp_cht=15.419603761386481 dev=-5.919603761386481 => NORMAL
t=1410.6 cht=9.8 exp_cht=15.419603761386481 dev=-5.619603761386481 => NORMAL
t=1411.7 cht=8.0 exp_cht=15.419603761386476 dev=-5.319603761386475 => NORMAL
t=1412.8 cht=9.600000000000001 exp_cht=15.419603761386481 dev=-5.81960376138648 => NORMAL
t=1413.9 cht=10.0 exp_cht=15.419603761386483 dev=-5.419603761386483 => NORMAL
t=1415.0 cht=8.200000000000001 exp_cht=15.419603761386483 dev=-5.419603761386483 => NORMAL
t=1416.1 cht=8.700000000000001 exp_cht=15.419603761386481 dev=-6.71960376138648 => NORMAL
t=1417.2 cht=7.5 exp_cht=15.419603761386481 dev=-6.919603761386481 => NORMAL
t=1418.3 cht=9.5 exp_cht=15.419603761386476 dev=-5.419603761386476 => NORMAL
t=1419.4 cht=9.0 exp_cht=15.419603761386483 dev=-6.419603761386483 => NORMAL
t=1420.5 cht=7.7 exp_cht=15.41960376138648 dev=-7.519603761386479 => NORMAL
t=1421.6 cht=7.9 exp_cht=15.41960376138648 dev=-6.519603761386479 => NORMAL
t=1422.7 cht=9.1 exp_cht=15.419603761386481 dev=-5.919603761386481 => NORMAL
t=1423.8 cht=7.6000000000000005 exp_cht=15.419603761386481 dev=-5.619603761386481 => NORMAL
t=1424.9 cht=8.700000000000001 exp_cht=15.419603761386481 dev=-5.119603761386481 => NORMAL
t=1426.0 cht=7.9 exp_cht=15.419603761386483 dev=-6.219603761386482 => NORMAL
t=1427.1 cht=9.700000000000001 exp_cht=15.41960376138648 dev=-5.7196037613864785 => NORMAL
t=1428.2 cht=6.800000000000001 exp_cht=15.419603761386481 dev=-6.71960376138648 => NORMAL
t=1429.3 cht=9.1 exp_cht=15.419603761386476 dev=-5.919603761386476 => NORMAL
t=1430.4 cht=10.0 exp_cht=15.419603761386483 dev=-5.419603761386483 => NORMAL
t=1431.5 cht=8.0 exp_cht=15.419603761386481 dev=-5.71960376138648 => NORMAL
t=1432.6 cht=7.6000000000000005 exp_cht=15.419603761386481 dev=-6.119603761386481 => NORMAL
t=1433.7 cht=9.0 exp_cht=15.419603761386481 dev=-5.919603761386481 => NORMAL
t=1434.8 cht=9.200000000000001 exp_cht=15.419603761386483 dev=-6.219603761386482 => NORMAL
t=1435.9 cht=9.9 exp_cht=15.419603761386483 dev=-5.519603761386483 => NORMAL
t=1437.0 cht=8.3 exp_cht=15.41960376138648 dev=-6.7196037613864785 => NORMAL
t=1438.1 cht=7.9 exp_cht=15.419603761386487 dev=-6.019603761386486 => NORMAL
t=1439.2 cht=8.5 exp_cht=15.419603761386483 dev=-5.319603761386482 => NORMAL
t=0.0 cht=50.0 exp_cht=28.578776882421625 dev=22.22122311757838 => NORMAL
t=120.1 cht=59.800000000000004 exp_cht=63.43461428571427 dev=-3.0346142857142624 => NORMAL
t=121.2 cht=59.7 exp_cht=63.48556758563073 dev=-3.78556758563073 => NORMAL
t=122.3 cht=59.0 exp_cht=62.83700359753551 dev=-2.3370035975355066 => NORMAL
t=123.4 cht=59.800000000000004 exp_cht=63.37407142857141 dev=-3.374071428571412 => NORMAL
t=124.5 cht=61.1 exp_cht=63.39090476190475 dev=-2.2909047619047485 => NORMAL
t=125.6 cht=59.400000000000006 exp_cht=63.327814285714275 dev=-2.727814285714274 => NORMAL
t=126.7 cht=58.900000000000006 exp_cht=63.32781428571427 dev=-3.9278142857142626 => NORMAL
t=127.8 cht=58.1 exp_cht=63.38940476190477 dev=-2.9894047619047655 => NORMAL
t=128.9 cht=59.1 exp_cht=63.371904761904744 dev=-2.9719047619047387 => NORMAL
t=130.0 cht=60.400000000000006 exp_cht=63.38940476190475 dev=-2.989404761904744 => NORMAL
t=131.1 cht=58.300000000000004 exp_cht=63.39417142857142 dev=-3.1941714285714156 => NORMAL
t=132.2 cht=59.7 exp_cht=63.402404761904755 dev=-2.5024047619047494 => NORMAL
t=133.3 cht=59.6 exp_cht=63.40467142857142 dev=-3.504671428571413 => NORMAL
t=134.4 cht=59.2 exp_cht=63.39417142857142 dev=-3.9941714285714127 => NORMAL
t=135.5 cht=59.900000000000006 exp_cht=63.40467142857141 dev=-2.4046714285714117 => NORMAL
t=136.6 cht=60.400000000000006 exp_cht=63.40467142857141 dev=-3.004671428571406 => NORMAL
t=137.7 cht=59.2 exp_cht=63.38550476190475 dev=-3.8855047619047482 => NORMAL
t=138.8 cht=58.800000000000004 exp_cht=63.392904761904745 dev=-4.4929047619047395 => NORMAL
t=139.9 cht=58.7 exp_cht=63.31617142857142 dev=-2.8161714285714226 => NORMAL
t=141.0 cht=59.0 exp_cht=63.316171428571415 dev=-2.516171428571411 => NORMAL
t=142.1 cht=58.800000000000004 exp_cht=63.31617142857141 dev=-4.216171428571407 => NORMAL
t=143.2 cht=58.400000000000006 exp_cht=63.316171428571415 dev=-3.3161714285714154 => NORMAL
t=144.3 cht=60.400000000000006 exp_cht=63.316171428571415 dev=-2.9161714285714098 => NORMAL
t=145.4 cht=59.800000000000004 exp_cht=63.31323809523809 dev=-3.3132380952380913 => NORMAL
t=146.5 cht=60.7 exp_cht=63.31617142857142 dev=-2.6161714285714197 => NORMAL
t=147.6 cht=59.6 exp_cht=63.31323809523809 dev=-3.3132380952380913 => NORMAL
t=148.7 cht=59.7 exp_cht=63.30653809523808 dev=-2.7065380952380806 => NORMAL
t=149.8 cht=59.300000000000004 exp_cht=63.28733809523808 dev=-2.287338095238077 => NORMAL
t=150.9 cht=58.1 exp_cht=63.287338095238084 dev=-3.48733809523808 => NORMAL
t=152.0 cht=59.5 exp_cht=63.07369047619048 dev=-3.573690476190478 => NORMAL
t=153.1 cht=58.7 exp_cht=63.14220952380951 dev=-3.342209523809508 => NORMAL
t=154.2 cht=59.2 exp_cht=62.76287523809524 dev=-3.362875238095235 => NORMAL
t=155.3 cht=58.5 exp_cht=62.60590857142858 dev=-3.9059085714285757 => NORMAL
t=156.4 cht=59.0 exp_cht=62.22923012637752 dev=-3.229230126377523 => NORMAL
t=157.5 cht=58.800000000000004 exp_cht=61.92843862366865 dev=-2.128438623668643 => NORMAL
t=158.6 cht=60.300000000000004 exp_cht=61.778691004621024 dev=-1.3786910046210181 => NORMAL
t=159.7 cht=60.2 exp_cht=61.65767195700197 dev=-1.1576719570019733 => NORMAL
t=160.8 cht=58.300000000000004 exp_cht=61.62538624271626 dev=-2.0253862427162588 => NORMAL
t=161.9 cht=60.400000000000006 exp_cht=61.88285393590132 dev=-1.4828539359013178 => NORMAL
t=163.0 cht=58.800000000000004 exp_cht=61.965420602567974 dev=-1.7654206025679713 => NORMAL
t=164.1 cht=59.7 exp_cht=61.643966861071384 dev=-1.743966861071378 => NORMAL
t=165.2 cht=59.5 exp_cht=61.58384678693394 dev=-2.0838467869339397 => NORMAL
t=166.3 cht=58.900000000000006 exp_cht=61.59206107264823 dev=-2.6920610726482224 => NORMAL
t=167.4 cht=59.300000000000004 exp_cht=61.55839440598156 dev=-2.0583944059815593 => NORMAL
t=168.5 cht=59.400000000000006 exp_cht=61.39027059645777 dev=-1.690270596457765 => NORMAL
t=169.6 cht=59.7 exp_cht=61.265422977410125 dev=-1.465422977410121 => NORMAL
t=170.7 cht=61.0 exp_cht=61.302922977410134 dev=-0.30292297741013385 => NORMAL
t=171.8 cht=59.7 exp_cht=61.31002297741013 dev=-1.6100229774101251 => NORMAL
t=172.9 cht=59.7 exp_cht=61.272689644076806 dev=-1.3726896440768002 => NORMAL
t=174.0 cht=58.800000000000004 exp_cht=61.233689644076804 dev=-1.8336896440767987 => NORMAL
t=175.1 cht=59.1 exp_cht=61.22068964407681 dev=-1.920689644076809 => NORMAL
t=176.2 cht=60.400000000000006 exp_cht=61.23468964407681 dev=-0.8346896440768035 => NORMAL
t=177.3 cht=58.900000000000006 exp_cht=61.23368964407681 dev=-1.0336896440768086 => NORMAL
t=178.4 cht=59.2 exp_cht=61.12858964407681 dev=-1.9285896440768084 => NORMAL
t=179.5 cht=59.1 exp_cht=60.76503920784913 dev=-1.065039207849125 => NORMAL
t=180.6 cht=57.800000000000004 exp_cht=60.778039207849154 dev=-1.678039207849153 => NORMAL
t=181.7 cht=58.300000000000004 exp_cht=60.62103920784915 dev=-2.3210392078491466 => NORMAL
t=182.8 cht=58.6 exp_cht=60.02620659601653 dev=-0.02620659601652875 => NORMAL
t=183.9 cht=58.400000000000006 exp_cht=59.39813565653783 dev=-0.2981356565378306 => NORMAL
t=185.0 cht=57.900000000000006 exp_cht=59.41379615036499 dev=-0.6137961503649834 => NORMAL
t=186.1 cht=58.6 exp_cht=59.38929615036498 dev=-0.589296150364973 => NORMAL
t=187.2 cht=57.7 exp_cht=59.246800375717115 dev=-1.0468003757171118 => NORMAL
t=188.3 cht=58.400000000000006 exp_cht=59.38929615036498 dev=-0.48929615036497154 => NORMAL
t=189.4 cht=58.2 exp_cht=59.24680037571713 dev=0.8531996242828725 => NORMAL
t=190.5 cht=57.300000000000004 exp_cht=59.34995732252617 dev=-0.44995732252616705 => NORMAL
t=191.6 cht=57.400000000000006 exp_cht=59.182961547878286 dev=0.6170384521217187 => NORMAL
t=192.7 cht=57.900000000000006 exp_cht=59.18296154787826 dev=-0.28296154787825145 => NORMAL
t=193.8 cht=58.800000000000004 exp_cht=58.821771071687806 dev=0.3782289283121969 => NORMAL
t=194.9 cht=57.7 exp_cht=58.76212272003946 dev=0.4378772799605457 => NORMAL
t=196.0 cht=59.300000000000004 exp_cht=60.2530507936508 dev=-0.9530507936507959 => NORMAL
t=197.1 cht=56.300000000000004 exp_cht=58.463175184718835 dev=-0.46317518471883545 => NORMAL
t=198.2 cht=59.1 exp_cht=58.09803869493122 dev=1.0019613050687823 => NORMAL
t=199.3 cht=56.5 exp_cht=58.12190536159789 dev=-1.021905361597888 => NORMAL
t=200.4 cht=56.1 exp_cht=49.63484761904763 dev=8.765152380952372 => SENSOR_DRIFT
t=201.5 cht=57.5 exp_cht=47.596139324298726 dev=10.703860675701279 => SENSOR_DRIFT
t=202.6 cht=56.900000000000006 exp_cht=45.81384362233553 dev=11.086156377664473 => SENSOR_DRIFT
t=203.7 cht=55.400000000000006 exp_cht=44.30554690557924 dev=12.994453094420763 => SENSOR_DRIFT
t=204.8 cht=55.400000000000006 exp_cht=44.35206019445818 dev=12.047939805541823 => SENSOR_DRIFT
t=205.9 cht=55.400000000000006 exp_cht=44.10897073814781 dev=12.49102926185219 => SENSOR_DRIFT
t=207.0 cht=55.300000000000004 exp_cht=44.171843946732366 dev=12.22815605326764 => SENSOR_DRIFT
t=208.1 cht=56.0 exp_cht=43.90009248035283 dev=12.099907519647168 => SENSOR_DRIFT
t=209.2 cht=54.6 exp_cht=43.95244816168186 dev=11.747551838318145 => SENSOR_DRIFT
t=210.3 cht=55.0 exp_cht=44.00846563228048 dev=10.991534367719517 => SENSOR_DRIFT
t=211.4 cht=55.400000000000006 exp_cht=43.91553927190657 dev=11.884460728093437 => SENSOR_DRIFT
t=212.5 cht=53.900000000000006 exp_cht=43.81726256937759 dev=10.882737430622413 => SENSOR_DRIFT
t=213.6 cht=54.7 exp_cht=43.8358410281055 dev=10.864158971894504 => SENSOR_DRIFT
t=214.7 cht=54.300000000000004 exp_cht=43.920206810782645 dev=11.87979318921736 => SENSOR_DRIFT
t=215.8 cht=54.2 exp_cht=43.849238848853595 dev=10.350761151146408 => SENSOR_DRIFT
t=216.9 cht=54.5 exp_cht=43.838971707740946 dev=11.461028292259059 => SENSOR_DRIFT
t=218.0 cht=54.0 exp_cht=43.78453431399794 dev=10.215465686002062 => SENSOR_DRIFT
t=219.1 cht=54.400000000000006 exp_cht=43.798320226283856 dev=10.60167977371615 => SENSOR_DRIFT
t=220.2 cht=52.300000000000004 exp_cht=43.87400613605772 dev=9.82599386394228 => SENSOR_DRIFT
t=221.3 cht=54.2 exp_cht=43.8337509058503 dev=10.366249094149701 => SENSOR_DRIFT
t=222.4 cht=52.5 exp_cht=43.82685393615334 dev=9.27314606384666 => SENSOR_DRIFT
t=223.5 cht=53.5 exp_cht=43.82685393615334 dev=9.973146063846663 => SENSOR_DRIFT
t=224.6 cht=53.0 exp_cht=43.89354352835428 dev=11.306456471645724 => SENSOR_DRIFT
t=225.7 cht=53.0 exp_cht=43.8337509058503 dev=10.466249094149703 => SENSOR_DRIFT
t=226.8 cht=53.5 exp_cht=43.82685393615334 dev=9.873146063846661 => SENSOR_DRIFT
t=227.9 cht=51.900000000000006 exp_cht=43.83432316257908 dev=10.26567683742092 => SENSOR_DRIFT
t=229.0 cht=53.6 exp_cht=43.862313724547676 dev=9.737686275452326 => SENSOR_DRIFT
t=230.1 cht=53.800000000000004 exp_cht=43.83375090585032 dev=9.966249094149681 => SENSOR_DRIFT
t=231.2 cht=52.5 exp_cht=43.862313724547676 dev=9.237686275452326 => SENSOR_DRIFT
t=232.3 cht=52.2 exp_cht=43.79832022628387 dev=9.101679773716135 => SENSOR_DRIFT
t=233.4 cht=52.1 exp_cht=43.87400613605773 dev=9.725993863942271 => SENSOR_DRIFT
t=234.5 cht=51.800000000000004 exp_cht=43.834323162579075 dev=8.765676837420926 => SENSOR_DRIFT
t=235.6 cht=52.5 exp_cht=43.84462941082218 dev=9.555370589177826 => SENSOR_DRIFT
t=236.7 cht=52.1 exp_cht=43.84462941082219 dev=8.35537058917781 => SENSOR_DRIFT
t=237.8 cht=51.900000000000006 exp_cht=43.84462941082218 dev=8.755370589177822 => SENSOR_DRIFT
t=238.9 cht=52.800000000000004 exp_cht=43.83432316257908 dev=9.86567683742092 => SENSOR_DRIFT
t=240.0 cht=52.900000000000006 exp_cht=43.84462941082218 dev=9.255370589177822 => SENSOR_DRIFT
t=241.1 cht=52.300000000000004 exp_cht=43.82405602146645 dev=8.575943978533559 => SENSOR_DRIFT
t=242.2 cht=53.400000000000006 exp_cht=43.874006136057744 dev=9.525993863942261 => SENSOR_DRIFT
t=243.3 cht=51.800000000000004 exp_cht=43.862313724547676 dev=9.03768627545233 => SENSOR_DRIFT
t=244.4 cht=52.5 exp_cht=43.84462941082219 dev=9.155370589177807 => SENSOR_DRIFT
t=245.5 cht=52.7 exp_cht=43.84462941082219 dev=9.055370589177812 => SENSOR_DRIFT
t=246.6 cht=54.2 exp_cht=43.82685393615335 dev=10.373146063846654 => SENSOR_DRIFT
t=247.7 cht=52.900000000000006 exp_cht=43.84462941082221 dev=9.055370589177798 => SENSOR_DRIFT
t=248.8 cht=51.2 exp_cht=43.8337509058503 dev=8.666249094149698 => SENSOR_DRIFT
t=249.9 cht=52.5 exp_cht=43.86662012403054 dev=9.433379875969464 => SENSOR_DRIFT
t=251.0 cht=52.1 exp_cht=43.866620124030554 dev=9.93337987596945 => SENSOR_DRIFT
t=252.1 cht=53.2 exp_cht=43.8446294108222 dev=9.355370589177802 => SENSOR_DRIFT
t=253.2 cht=51.7 exp_cht=43.84462941082218 dev=10.255370589177822 => SENSOR_DRIFT
t=254.3 cht=51.300000000000004 exp_cht=43.86231372454767 dev=9.037686275452337 => SENSOR_DRIFT
t=255.4 cht=53.2 exp_cht=43.87400613605773 dev=9.325993863942273 => SENSOR_DRIFT
t=256.4 cht=53.6 exp_cht=43.84462941082218 dev=9.755370589177822 => SENSOR_DRIFT
t=257.4 cht=52.400000000000006 exp_cht=43.84462941082218 dev=9.15537058917782 => SENSOR_DRIFT
t=258.4 cht=51.0 exp_cht=43.84462941082219 dev=9.45537058917781 => SENSOR_DRIFT
t=259.4 cht=51.400000000000006 exp_cht=43.83432316257908 dev=8.465676837420922 => SENSOR_DRIFT
t=260.4 cht=52.7 exp_cht=43.84462941082219 dev=9.45537058917781 => SENSOR_DRIFT
t=261.4 cht=53.1 exp_cht=43.84462941082219 dev=9.255370589177808 => SENSOR_DRIFT
t=262.4 cht=52.400000000000006 exp_cht=43.84462941082218 dev=10.455370589177825 => SENSOR_DRIFT
t=263.4 cht=52.7 exp_cht=43.82405602146643 dev=8.87594397853357 => SENSOR_DRIFT
t=264.4 cht=51.400000000000006 exp_cht=43.84462941082218 dev=7.655370589177821 => SENSOR_DRIFT
t=265.4 cht=52.300000000000004 exp_cht=43.8446294108222 dev=9.2553705891778 => SENSOR_DRIFT
t=266.4 cht=51.7 exp_cht=43.84462941082218 dev=8.055370589177826 => SENSOR_DRIFT
t=267.4 cht=52.0 exp_cht=43.82685393615335 dev=8.973146063846656 => SENSOR_DRIFT
t=268.4 cht=52.2 exp_cht=43.86662012403054 dev=8.333379875969463 => SENSOR_DRIFT
t=269.4 cht=51.7 exp_cht=43.84462941082218 dev=9.255370589177822 => SENSOR_DRIFT
t=270.4 cht=52.0 exp_cht=43.84462941082217 dev=9.055370589177834 => SENSOR_DRIFT
t=271.4 cht=52.2 exp_cht=43.874006136057744 dev=9.625993863942256 => SENSOR_DRIFT
t=272.4 cht=51.1 exp_cht=43.84462941082219 dev=7.955370589177811 => SENSOR_DRIFT
t=273.4 cht=52.400000000000006 exp_cht=43.84462941082219 dev=8.555370589177812 => SENSOR_DRIFT
t=274.4 cht=51.300000000000004 exp_cht=43.87400613605773 dev=8.925993863942274 => SENSOR_DRIFT
t=275.4 cht=52.5 exp_cht=43.852890301124255 dev=8.847109698875748 => SENSOR_DRIFT
t=276.4 cht=53.2 exp_cht=43.864582712634316 dev=9.335417287365686 => SENSOR_DRIFT
t=277.4 cht=50.7 exp_cht=43.83520598739876 dev=8.164794012601241 => SENSOR_DRIFT
t=278.4 cht=52.0 exp_cht=43.83520598739875 dev=9.26479401260125 => SENSOR_DRIFT
t=279.4 cht=51.300000000000004 exp_cht=43.835205987398766 dev=8.164794012601234 => SENSOR_DRIFT
t=280.4 cht=52.0 exp_cht=43.83520598739876 dev=8.964794012601246 => SENSOR_DRIFT
t=281.4 cht=52.400000000000006 exp_cht=43.83520598739875 dev=9.064794012601254 => SENSOR_DRIFT
t=282.4 cht=52.7 exp_cht=43.86520797547148 dev=8.934792024528527 => SENSOR_DRIFT
t=283.4 cht=51.0 exp_cht=43.84058979365329 dev=7.959410206346718 => SENSOR_DRIFT
t=284.4 cht=52.7 exp_cht=43.82934826822955 dev=8.870651731770451 => SENSOR_DRIFT
t=285.4 cht=51.5 exp_cht=43.85872499346511 dev=9.241275006534892 => SENSOR_DRIFT
t=286.4 cht=51.2 exp_cht=43.87140920399142 dev=9.028590796008586 => SENSOR_DRIFT
t=287.4 cht=53.1 exp_cht=43.84203247875588 dev=9.85796752124412 => SENSOR_DRIFT
t=288.4 cht=51.6 exp_cht=43.842032478755876 dev=7.857967521244127 => SENSOR_DRIFT
t=289.4 cht=52.300000000000004 exp_cht=43.84203247875588 dev=8.757967521244119 => SENSOR_DRIFT
t=290.4 cht=50.800000000000004 exp_cht=43.842032478755876 dev=8.857967521244127 => SENSOR_DRIFT
t=291.4 cht=52.800000000000004 exp_cht=43.84203247875588 dev=8.957967521244122 => SENSOR_DRIFT
t=292.4 cht=52.900000000000006 exp_cht=43.877574836745765 dev=9.122425163254235 => SENSOR_DRIFT
t=293.4 cht=53.0 exp_cht=45.37400425081504 dev=7.925995749184963 => SENSOR_DRIFT
t=294.4 cht=52.300000000000004 exp_cht=43.848198111510236 dev=8.451801888489769 => SENSOR_DRIFT
t=295.4 cht=52.300000000000004 exp_cht=43.84819811151023 dev=8.451801888489776 => SENSOR_DRIFT
t=296.4 cht=52.300000000000004 exp_cht=43.88100955896798 dev=8.418990441032022 => SENSOR_DRIFT
t=297.4 cht=51.900000000000006 exp_cht=43.851300035158474 dev=9.548699964841532 => SENSOR_DRIFT
t=298.4 cht=53.6 exp_cht=43.8560371555136 dev=9.743962844486404 => SENSOR_DRIFT
t=299.4 cht=51.800000000000004 exp_cht=43.96071061524169 dev=7.939289384758318 => SENSOR_DRIFT
t=300.4 cht=51.300000000000004 exp_cht=43.960710615241666 dev=8.539289384758334 => SENSOR_DRIFT
t=301.4 cht=52.400000000000006 exp_cht=43.96071061524169 dev=9.739289384758315 => SENSOR_DRIFT
t=302.4 cht=53.1 exp_cht=43.96071061524168 dev=9.139289384758321 => SENSOR_DRIFT
t=303.4 cht=50.1 exp_cht=43.96071061524168 dev=9.439289384758325 => SENSOR_DRIFT
t=304.4 cht=51.300000000000004 exp_cht=43.96071061524168 dev=8.839289384758324 => SENSOR_DRIFT
t=305.4 cht=51.0 exp_cht=43.96071061524169 dev=8.539289384758312 => SENSOR_DRIFT
t=306.4 cht=50.800000000000004 exp_cht=43.96071061524169 dev=8.039289384758312 => SENSOR_DRIFT
t=307.4 cht=52.2 exp_cht=43.96071061524168 dev=8.239289384758322 => SENSOR_DRIFT
t=308.4 cht=51.1 exp_cht=43.96071061524169 dev=7.339289384758317 => SENSOR_DRIFT
t=309.4 cht=50.6 exp_cht=43.96071061524169 dev=9.139289384758314 => SENSOR_DRIFT
t=310.4 cht=52.6 exp_cht=43.97583564174138 dev=8.624164358258625 => SENSOR_DRIFT
t=311.4 cht=51.2 exp_cht=43.97583564174138 dev=9.024164358258624 => SENSOR_DRIFT
t=312.4 cht=51.1 exp_cht=43.97583564174137 dev=8.724164358258633 => SENSOR_DRIFT
t=313.4 cht=51.0 exp_cht=43.975835641741384 dev=8.22416435825862 => SENSOR_DRIFT
t=314.4 cht=51.900000000000006 exp_cht=43.97583564174138 dev=8.824164358258628 => SENSOR_DRIFT
t=315.4 cht=52.0 exp_cht=43.975835641741384 dev=9.424164358258622 => SENSOR_DRIFT
t=316.4 cht=51.7 exp_cht=43.9758356417414 dev=10.024164358258602 => SENSOR_DRIFT
t=317.0 cht=53.400000000000006 exp_cht=43.9758356417414 dev=9.424164358258608 => SENSOR_DRIFT
t=318.0 cht=53.5 exp_cht=43.97740408951284 dev=9.522595910487162 => COOLING_DEGRADATION
t=319.0 cht=54.900000000000006 exp_cht=43.97117389085442 dev=11.22882610914558 => COOLING_DEGRADATION
t=320.0 cht=56.5 exp_cht=43.97117389085442 dev=12.528826109145577 => COOLING_DEGRADATION
t=321.0 cht=57.7 exp_cht=43.969597515449905 dev=13.730402484550098 => COOLING_DEGRADATION
t=322.0 cht=57.6 exp_cht=43.93909751544991 dev=14.560902484550091 => COOLING_DEGRADATION
t=323.0 cht=58.900000000000006 exp_cht=43.934396124505845 dev=15.765603875494158 => COOLING_DEGRADATION
t=324.0 cht=59.5 exp_cht=43.93439612450584 dev=16.465603875494168 => COOLING_DEGRADATION
t=325.0 cht=59.800000000000004 exp_cht=43.984222953504194 dev=16.615777046495808 => COOLING_DEGRADATION
t=326.0 cht=62.800000000000004 exp_cht=43.984222953504165 dev=18.81577704649584 => COOLING_DEGRADATION
t=327.0 cht=61.400000000000006 exp_cht=43.9975351715528 dev=18.602464828447204 => COOLING_DEGRADATION
t=328.0 cht=62.400000000000006 exp_cht=44.024193218944326 dev=20.27580678105567 => COOLING_DEGRADATION
t=329.0 cht=64.0 exp_cht=44.03479692264803 dev=20.76520307735197 => COOLING_DEGRADATION
t=330.0 cht=64.4 exp_cht=44.02574389234499 dev=20.574256107655017 => COOLING_DEGRADATION
t=331.0 cht=64.0 exp_cht=44.02913339365731 dev=22.270866606342686 => COOLING_DEGRADATION
t=332.0 cht=66.2 exp_cht=44.019387838678156 dev=22.980612161321844 => COOLING_DEGRADATION
t=333.0 cht=66.9 exp_cht=44.05506695955727 dev=24.544933040442736 => COOLING_DEGRADATION
t=0.0 cht=48.800000000000004 exp_cht=28.578776882421625 dev=22.621223117578378 => NORMAL
t=0.0 cht=50.2 exp_cht=28.57877688242163 dev=22.621223117578374 => NORMAL
