test,time_s,phase,rpm,throttle_pct,altitude_m,cht_c,egt_c,oil_temperature_c,fault_type,thermal_condition
Healthy,0.0,GROUND,2929.0,0.0,0.0,51.2,50.6,49.1,NORMAL,NORMAL
Healthy,0.1,GROUND,2858.0,0.0,0.0,50.800000000000004,49.900000000000006,50.2,NORMAL,NORMAL
Healthy,0.2,GROUND,2803.0,0.0,0.0,51.5,48.1,49.6,NORMAL,NORMAL
Healthy,0.30000000000000004,GROUND,2740.0,0.0,0.0,50.6,48.7,50.0,NORMAL,NORMAL
Healthy,0.4,GROUND,2679.0,0.0,0.0,50.2,48.900000000000006,50.2,NORMAL,NORMAL
Healthy,0.5,GROUND,2622.0,0.0,0.0,50.300000000000004,48.400000000000006,50.6,NORMAL,NORMAL
Healthy,0.6,GROUND,2560.0,0.0,0.0,49.900000000000006,46.400000000000006,49.300000000000004,NORMAL,NORMAL
Healthy,0.7,GROUND,2516.0,0.0,0.0,51.300000000000004,45.400000000000006,50.1,NORMAL,NORMAL
Healthy,0.7999999999999999,GROUND,2472.0,0.0,0.0,49.800000000000004,46.7,49.300000000000004,NORMAL,NORMAL
Healthy,0.8999999999999999,GROUND,2418.0,0.0,0.0,49.900000000000006,47.900000000000006,49.800000000000004,NORMAL,NORMAL
Healthy,0.9999999999999999,GROUND,2370.0,0.0,0.0,50.6,45.300000000000004,50.1,NORMAL,NORMAL
Healthy,1.0999999999999999,GROUND,2333.0,0.0,0.0,49.7,45.6,50.0,NORMAL,NORMAL
Healthy,1.2,GROUND,2278.0,0.0,0.0,50.6,45.800000000000004,51.1,NORMAL,NORMAL
Healthy,1.3,GROUND,2238.0,0.0,0.0,51.0,42.800000000000004,49.400000000000006,NORMAL,NORMAL
Healthy,1.4000000000000001,GROUND,2202.0,0.0,0.0,50.0,44.2,49.300000000000004,NORMAL,NORMAL
Healthy,1.5000000000000002,GROUND,2158.0,0.0,0.0,49.400000000000006,43.5,51.0,NORMAL,NORMAL
Healthy,1.6000000000000003,GROUND,2116.0,0.0,0.0,49.6,41.7,50.1,NORMAL,NORMAL
Healthy,1.7000000000000004,GROUND,2082.0,0.0,0.0,49.0,43.900000000000006,49.900000000000006,NORMAL,NORMAL
Healthy,1.8000000000000005,GROUND,2043.0,0.0,0.0,49.300000000000004,43.6,49.300000000000004,NORMAL,NORMAL
Healthy,1.9000000000000006,GROUND,2007.0,0.0,0.0,49.800000000000004,42.800000000000004,49.6,NORMAL,NORMAL
Healthy,2.0000000000000004,GROUND,1964.0,0.0,0.0,50.1,42.900000000000006,49.2,NORMAL,NORMAL
Healthy,2.1000000000000005,GROUND,1938.0,0.0,0.0,50.2,44.300000000000004,49.0,NORMAL,NORMAL
Healthy,2.2000000000000006,GROUND,1906.0,0.0,0.0,49.300000000000004,41.7,50.1,NORMAL,NORMAL
Healthy,2.3000000000000007,GROUND,1868.0,0.0,0.0,49.800000000000004,41.800000000000004,49.6,NORMAL,NORMAL
Healthy,2.400000000000001,GROUND,1841.0,0.0,0.0,49.1,42.1,49.5,NORMAL,NORMAL
Healthy,2.500000000000001,GROUND,1803.0,0.0,0.0,49.2,40.5,49.900000000000006,NORMAL,NORMAL
Healthy,2.600000000000001,GROUND,1777.0,0.0,0.0,49.5,40.7,50.800000000000004,NORMAL,NORMAL
Healthy,2.700000000000001,GROUND,1754.0,0.0,0.0,48.5,38.300000000000004,50.400000000000006,NORMAL,NORMAL
Healthy,2.800000000000001,GROUND,1724.0,0.0,0.0,49.7,39.900000000000006,49.5,NORMAL,NORMAL
Healthy,2.9000000000000012,GROUND,1687.0,0.0,0.0,48.900000000000006,39.5,49.1,NORMAL,NORMAL
Healthy,3.0000000000000013,GROUND,1669.0,0.0,0.0,49.300000000000004,40.900000000000006,49.5,NORMAL,NORMAL
Healthy,3.1000000000000014,GROUND,1645.0,0.0,0.0,49.1,41.900000000000006,49.2,NORMAL,NORMAL
Healthy,3.2000000000000015,GROUND,1615.0,0.0,0.0,50.400000000000006,37.800000000000004,49.900000000000006,NORMAL,NORMAL
Healthy,3.3000000000000016,GROUND,1586.0,0.0,0.0,48.2,40.6,49.1,NORMAL,NORMAL
Healthy,3.4000000000000017,GROUND,1566.0,0.0,0.0,48.2,37.0,50.0,NORMAL,NORMAL
Healthy,3.5000000000000018,GROUND,1540.0,0.0,0.0,48.900000000000006,37.9,50.1,NORMAL,NORMAL
Healthy,3.600000000000002,GROUND,1515.0,0.0,0.0,49.5,38.6,49.7,NORMAL,NORMAL
Healthy,3.700000000000002,GROUND,1495.0,0.0,0.0,48.0,39.0,49.6,NORMAL,NORMAL
Healthy,3.800000000000002,GROUND,1472.0,0.0,0.0,49.0,39.400000000000006,49.7,NORMAL,NORMAL
Healthy,3.900000000000002,GROUND,1451.0,0.0,0.0,48.6,38.0,49.300000000000004,NORMAL,NORMAL
Healthy,4.000000000000002,GROUND,1420.0,0.0,0.0,49.7,39.300000000000004,50.2,NORMAL,NORMAL
Healthy,4.100000000000001,GROUND,1397.0,0.0,0.0,47.800000000000004,37.5,49.5,NORMAL,NORMAL
Healthy,4.200000000000001,GROUND,1382.0,0.0,0.0,48.0,40.300000000000004,50.1,NORMAL,NORMAL
Healthy,4.300000000000001,GROUND,1347.0,0.0,0.0,48.6,38.0,49.0,NORMAL,NORMAL
Healthy,4.4,GROUND,1334.0,0.0,0.0,48.0,37.2,49.1,NORMAL,NORMAL
Healthy,4.5,GROUND,1316.0,0.0,0.0,48.800000000000004,38.2,50.300000000000004,NORMAL,NORMAL
Healthy,4.6,GROUND,1296.0,0.0,0.0,49.400000000000006,37.800000000000004,48.7,NORMAL,NORMAL
Healthy,4.699999999999999,GROUND,1275.0,0.0,0.0,48.5,36.7,49.800000000000004,NORMAL,NORMAL
Healthy,4.799999999999999,GROUND,1256.0,0.0,0.0,48.5,37.300000000000004,50.2,NORMAL,NORMAL
Healthy,4.899999999999999,GROUND,1226.0,0.0,0.0,50.2,38.7,50.300000000000004,NORMAL,NORMAL
Healthy,4.999999999999998,GROUND,1217.0,0.0,0.0,48.900000000000006,35.800000000000004,50.900000000000006,NORMAL,NORMAL
Healthy,5.099999999999998,GROUND,1192.0,0.0,0.0,47.7,36.2,48.7,NORMAL,NORMAL
Healthy,5.1999999999999975,GROUND,1175.0,0.0,0.0,48.2,38.0,50.2,NORMAL,NORMAL
Healthy,5.299999999999997,GROUND,1155.0,0.0,0.0,47.900000000000006,39.1,48.2,NORMAL,NORMAL
Healthy,5.399999999999997,GROUND,1133.0,0.0,0.0,47.5,37.2,50.0,NORMAL,NORMAL
Healthy,5.4999999999999964,GROUND,1114.0,0.0,0.0,48.1,37.1,49.6,NORMAL,NORMAL
Healthy,5.599999999999996,GROUND,1106.0,0.0,0.0,47.0,36.9,49.800000000000004,NORMAL,NORMAL
Healthy,5.699999999999996,GROUND,1079.0,0.0,0.0,47.7,33.1,48.6,NORMAL,NORMAL
Healthy,5.799999999999995,GROUND,1068.0,0.0,0.0,47.300000000000004,37.300000000000004,49.5,NORMAL,NORMAL
Healthy,5.899999999999995,GROUND,1048.0,0.0,0.0,48.400000000000006,35.5,49.2,NORMAL,NORMAL
Healthy,5.999999999999995,GROUND,1030.0,0.0,0.0,48.7,37.300000000000004,49.1,NORMAL,NORMAL
Healthy,6.099999999999994,GROUND,1004.0,0.0,0.0,48.5,36.1,48.400000000000006,NORMAL,NORMAL
Healthy,6.199999999999994,GROUND,997.0,0.0,0.0,47.5,35.7,49.300000000000004,NORMAL,NORMAL
Healthy,6.299999999999994,GROUND,974.0,0.0,0.0,47.6,36.2,49.300000000000004,NORMAL,NORMAL
Healthy,6.399999999999993,GROUND,953.0,0.0,0.0,47.800000000000004,33.300000000000004,50.0,NORMAL,NORMAL
Healthy,6.499999999999993,GROUND,947.0,0.0,0.0,47.5,37.9,49.5,NORMAL,NORMAL
Healthy,6.5999999999999925,GROUND,934.0,0.0,0.0,47.400000000000006,35.800000000000004,49.800000000000004,NORMAL,NORMAL
Healthy,6.699999999999992,GROUND,907.0,0.0,0.0,47.800000000000004,34.1,48.6,NORMAL,NORMAL
Healthy,6.799999999999992,GROUND,895.0,0.0,0.0,46.7,34.4,48.7,NORMAL,NORMAL
Healthy,6.8999999999999915,GROUND,862.0,0.0,0.0,47.0,34.0,48.400000000000006,NORMAL,NORMAL
Healthy,6.999999999999991,GROUND,867.0,0.0,0.0,47.800000000000004,33.4,49.5,NORMAL,NORMAL
Healthy,7.099999999999991,GROUND,847.0,0.0,0.0,48.1,31.700000000000003,49.900000000000006,NORMAL,NORMAL
Healthy,7.19999999999999,GROUND,832.0,0.0,0.0,47.0,33.7,50.400000000000006,NORMAL,NORMAL
Healthy,7.29999999999999,GROUND,810.0,0.0,0.0,48.400000000000006,33.5,49.0,NORMAL,NORMAL
Healthy,7.39999999999999,GROUND,798.0,0.0,0.0,47.0,33.4,49.300000000000004,NORMAL,NORMAL
Healthy,7.499999999999989,GROUND,808.0,0.0,0.0,47.6,32.9,48.6,NORMAL,NORMAL
Healthy,7.599999999999989,GROUND,796.0,0.0,0.0,46.800000000000004,32.7,49.800000000000004,NORMAL,NORMAL
Healthy,7.699999999999989,GROUND,800.0,0.0,0.0,47.2,33.1,49.6,NORMAL,NORMAL
Healthy,7.799999999999988,GROUND,802.0,0.0,0.0,47.6,32.4,49.800000000000004,NORMAL,NORMAL
Healthy,7.899999999999988,GROUND,804.0,0.0,0.0,46.2,30.8,49.1,NORMAL,NORMAL
Healthy,7.999999999999988,GROUND,798.0,0.0,0.0,46.900000000000006,31.1,49.400000000000006,NORMAL,NORMAL
Healthy,8.099999999999987,GROUND,800.0,0.0,0.0,48.2,32.6,49.800000000000004,NORMAL,NORMAL
Healthy,8.199999999999987,GROUND,795.0,0.0,0.0,47.300000000000004,34.300000000000004,49.400000000000006,NORMAL,NORMAL
Healthy,8.299999999999986,GROUND,797.0,0.0,0.0,46.900000000000006,30.1,49.300000000000004,NORMAL,NORMAL
Healthy,8.399999999999986,GROUND,807.0,0.0,0.0,47.400000000000006,32.1,49.7,NORMAL,NORMAL
Healthy,8.499999999999986,GROUND,810.0,0.0,0.0,46.800000000000004,31.200000000000003,49.0,NORMAL,NORMAL
Healthy,8.599999999999985,GROUND,795.0,0.0,0.0,46.300000000000004,28.1,49.2,NORMAL,NORMAL
Healthy,8.699999999999985,GROUND,799.0,0.0,0.0,46.900000000000006,30.900000000000002,49.1,NORMAL,NORMAL
Healthy,8.799999999999985,GROUND,802.0,0.0,0.0,46.2,31.3,48.7,NORMAL,NORMAL
Healthy,8.899999999999984,GROUND,800.0,0.0,0.0,46.2,29.400000000000002,49.1,NORMAL,NORMAL
Healthy,8.999999999999984,GROUND,794.0,0.0,0.0,46.7,30.3,50.1,NORMAL,NORMAL
Healthy,9.099999999999984,GROUND,807.0,0.0,0.0,46.6,31.400000000000002,49.300000000000004,NORMAL,NORMAL
Healthy,9.199999999999983,GROUND,807.0,0.0,0.0,46.0,32.4,48.5,NORMAL,NORMAL
Healthy,9.299999999999983,GROUND,799.0,0.0,0.0,46.1,28.1,49.0,NORMAL,NORMAL
Healthy,9.399999999999983,GROUND,793.0,0.0,0.0,46.900000000000006,31.200000000000003,48.400000000000006,NORMAL,NORMAL
Healthy,9.499999999999982,GROUND,808.0,0.0,0.0,46.300000000000004,29.400000000000002,50.5,NORMAL,NORMAL
Healthy,9.599999999999982,GROUND,800.0,0.0,0.0,46.300000000000004,29.900000000000002,50.300000000000004,NORMAL,NORMAL
Healthy,9.699999999999982,GROUND,787.0,0.0,0.0,45.800000000000004,29.900000000000002,48.7,NORMAL,NORMAL
Healthy,9.799999999999981,GROUND,807.0,0.0,0.0,45.7,31.0,49.2,NORMAL,NORMAL
Healthy,9.89999999999998,GROUND,804.0,0.0,0.0,46.900000000000006,29.3,49.400000000000006,NORMAL,NORMAL
Healthy,9.99999999999998,GROUND,800.0,0.0,0.0,46.300000000000004,30.900000000000002,49.800000000000004,NORMAL,NORMAL
Healthy,10.09999999999998,GROUND,797.0,0.0,0.0,45.2,30.8,49.300000000000004,NORMAL,NORMAL
Healthy,10.19999999999998,GROUND,805.0,0.0,0.0,45.900000000000006,29.200000000000003,49.300000000000004,NORMAL,NORMAL
Healthy,10.29999999999998,GROUND,790.0,0.0,0.0,45.5,29.3,48.6,NORMAL,NORMAL
Healthy,10.399999999999979,GROUND,800.0,0.0,0.0,46.800000000000004,28.900000000000002,50.2,NORMAL,NORMAL
Healthy,10.499999999999979,GROUND,812.0,0.0,0.0,46.400000000000006,29.900000000000002,48.900000000000006,NORMAL,NORMAL
Healthy,10.599999999999978,GROUND,802.0,0.0,0.0,46.1,28.700000000000003,49.1,NORMAL,NORMAL
Healthy,10.699999999999978,GROUND,804.0,0.0,0.0,45.800000000000004,30.3,48.400000000000006,NORMAL,NORMAL
Healthy,10.799999999999978,GROUND,802.0,0.0,0.0,44.900000000000006,29.5,48.800000000000004,NORMAL,NORMAL
Healthy,10.899999999999977,GROUND,803.0,0.0,0.0,45.5,29.900000000000002,49.0,NORMAL,NORMAL
Healthy,10.999999999999977,GROUND,809.0,0.0,0.0,46.0,31.3,49.900000000000006,NORMAL,NORMAL
Healthy,11.099999999999977,GROUND,796.0,0.0,0.0,45.7,30.6,49.6,NORMAL,NORMAL
Healthy,11.199999999999976,GROUND,808.0,0.0,0.0,46.300000000000004,28.5,49.0,NORMAL,NORMAL
Healthy,11.299999999999976,GROUND,806.0,0.0,0.0,45.7,28.8,49.0,NORMAL,NORMAL
Healthy,11.399999999999975,GROUND,799.0,0.0,0.0,45.0,28.6,48.6,NORMAL,NORMAL
Healthy,11.499999999999975,GROUND,795.0,0.0,0.0,45.1,28.1,48.1,NORMAL,NORMAL
Healthy,11.599999999999975,GROUND,803.0,0.0,0.0,45.400000000000006,27.5,48.7,NORMAL,NORMAL
Healthy,11.699999999999974,GROUND,809.0,0.0,0.0,45.6,29.6,49.6,NORMAL,NORMAL
Healthy,11.799999999999974,GROUND,800.0,0.0,0.0,44.6,29.0,48.400000000000006,NORMAL,NORMAL
Healthy,11.899999999999974,GROUND,796.0,0.0,0.0,45.0,28.1,47.800000000000004,NORMAL,NORMAL
Healthy,11.999999999999973,GROUND,796.0,0.0,0.0,46.0,31.700000000000003,48.400000000000006,NORMAL,NORMAL
Healthy,12.099999999999973,GROUND,807.0,0.0,0.0,45.5,28.8,48.800000000000004,NORMAL,NORMAL
Healthy,12.199999999999973,GROUND,800.0,0.0,0.0,45.2,28.200000000000003,49.300000000000004,NORMAL,NORMAL
Healthy,12.299999999999972,GROUND,803.0,0.0,0.0,45.1,27.700000000000003,49.1,NORMAL,NORMAL
Healthy,12.399999999999972,GROUND,798.0,0.0,0.0,45.400000000000006,28.400000000000002,47.300000000000004,NORMAL,NORMAL
Healthy,12.499999999999972,GROUND,801.0,0.0,0.0,46.300000000000004,27.8,49.0,NORMAL,NORMAL
Healthy,12.599999999999971,GROUND,806.0,0.0,0.0,43.6,28.700000000000003,49.2,NORMAL,NORMAL
Healthy,12.69999999999997,GROUND,804.0,0.0,0.0,44.7,28.0,49.1,NORMAL,NORMAL
Healthy,12.79999999999997,GROUND,798.0,0.0,0.0,46.1,27.900000000000002,49.2,NORMAL,NORMAL
Healthy,12.89999999999997,GROUND,794.0,0.0,0.0,44.400000000000006,29.6,48.6,NORMAL,NORMAL
Healthy,12.99999999999997,GROUND,813.0,0.0,0.0,44.300000000000004,28.900000000000002,48.2,NORMAL,NORMAL
Healthy,13.09999999999997,GROUND,805.0,0.0,0.0,44.400000000000006,28.0,49.400000000000006,NORMAL,NORMAL
Healthy,13.199999999999969,GROUND,800.0,0.0,0.0,44.400000000000006,28.0,48.6,NORMAL,NORMAL
Healthy,13.299999999999969,GROUND,799.0,0.0,0.0,44.900000000000006,27.400000000000002,49.300000000000004,NORMAL,NORMAL
Healthy,13.399999999999968,GROUND,795.0,0.0,0.0,45.2,27.700000000000003,48.400000000000006,NORMAL,NORMAL
Healthy,13.499999999999968,GROUND,799.0,0.0,0.0,44.5,27.700000000000003,50.0,NORMAL,NORMAL
Healthy,13.599999999999968,GROUND,807.0,0.0,0.0,45.300000000000004,27.5,49.2,NORMAL,NORMAL
Healthy,13.699999999999967,GROUND,808.0,0.0,0.0,44.5,28.0,48.400000000000006,NORMAL,NORMAL
Healthy,13.799999999999967,GROUND,782.0,0.0,0.0,44.7,28.1,49.0,NORMAL,NORMAL
Healthy,13.899999999999967,GROUND,806.0,0.0,0.0,44.900000000000006,26.8,48.6,NORMAL,NORMAL
Healthy,13.999999999999966,GROUND,804.0,0.0,0.0,44.5,28.8,49.0,NORMAL,NORMAL
Healthy,14.099999999999966,GROUND,802.0,0.0,0.0,44.6,28.3,48.400000000000006,NORMAL,NORMAL
Healthy,14.199999999999966,GROUND,798.0,0.0,0.0,44.800000000000004,27.8,49.0,NORMAL,NORMAL
Healthy,14.299999999999965,GROUND,795.0,0.0,0.0,44.400000000000006,29.1,49.0,NORMAL,NORMAL
Healthy,14.399999999999965,GROUND,797.0,0.0,0.0,43.800000000000004,27.400000000000002,48.300000000000004,NORMAL,NORMAL
Healthy,14.499999999999964,GROUND,800.0,0.0,0.0,43.800000000000004,26.5,49.0,NORMAL,NORMAL
Healthy,14.599999999999964,GROUND,804.0,0.0,0.0,43.6,27.3,48.5,NORMAL,NORMAL
Healthy,14.699999999999964,GROUND,812.0,0.0,0.0,45.0,27.900000000000002,48.400000000000006,NORMAL,NORMAL
Healthy,14.799999999999963,GROUND,806.0,0.0,0.0,45.1,26.900000000000002,48.1,NORMAL,NORMAL
Healthy,14.899999999999963,GROUND,800.0,0.0,0.0,44.6,25.900000000000002,48.1,NORMAL,NORMAL
Healthy,14.999999999999963,GROUND,797.0,0.0,0.0,45.1,28.200000000000003,48.400000000000006,NORMAL,NORMAL
Healthy,15.099999999999962,GROUND,805.0,0.0,0.0,44.400000000000006,29.3,48.300000000000004,NORMAL,NORMAL
Healthy,15.199999999999962,GROUND,804.0,0.0,0.0,44.300000000000004,27.200000000000003,49.2,NORMAL,NORMAL
Healthy,15.299999999999962,GROUND,805.0,0.0,0.0,43.7,27.3,47.900000000000006,NORMAL,NORMAL
Healthy,15.399999999999961,GROUND,801.0,0.0,0.0,44.0,27.5,49.5,NORMAL,NORMAL
Healthy,15.499999999999961,GROUND,800.0,0.0,0.0,42.6,29.0,48.1,NORMAL,NORMAL
Healthy,15.59999999999996,GROUND,798.0,0.0,0.0,43.400000000000006,27.0,48.6,NORMAL,NORMAL
Healthy,15.69999999999996,GROUND,802.0,0.0,0.0,43.7,27.8,48.5,NORMAL,NORMAL
Healthy,15.79999999999996,GROUND,811.0,0.0,0.0,43.800000000000004,28.1,49.7,NORMAL,NORMAL
Healthy,15.89999999999996,GROUND,800.0,0.0,0.0,43.1,28.3,49.1,NORMAL,NORMAL
Healthy,15.99999999999996,GROUND,798.0,0.0,0.0,43.5,27.8,49.6,NORMAL,NORMAL
Healthy,16.09999999999996,GROUND,798.0,0.0,0.0,42.6,26.6,48.2,NORMAL,NORMAL
Healthy,16.19999999999996,GROUND,802.0,0.0,0.0,43.7,27.900000000000002,48.6,NORMAL,NORMAL
Healthy,16.29999999999996,GROUND,802.0,0.0,0.0,43.1,30.700000000000003,48.1,NORMAL,NORMAL
Healthy,16.399999999999963,GROUND,799.0,0.0,0.0,43.300000000000004,29.1,49.300000000000004,NORMAL,NORMAL
Healthy,16.499999999999964,GROUND,799.0,0.0,0.0,43.5,28.5,49.300000000000004,NORMAL,NORMAL
Healthy,16.599999999999966,GROUND,798.0,0.0,0.0,43.800000000000004,27.400000000000002,49.300000000000004,NORMAL,NORMAL
Healthy,16.699999999999967,GROUND,799.0,0.0,0.0,42.800000000000004,27.200000000000003,48.800000000000004,NORMAL,NORMAL
Healthy,16.79999999999997,GROUND,800.0,0.0,0.0,42.5,27.900000000000002,47.900000000000006,NORMAL,NORMAL
Healthy,16.89999999999997,GROUND,803.0,0.0,0.0,44.0,28.900000000000002,49.0,NORMAL,NORMAL
Healthy,16.99999999999997,GROUND,806.0,0.0,0.0,43.5,28.0,48.400000000000006,NORMAL,NORMAL
Healthy,17.099999999999973,GROUND,798.0,0.0,0.0,44.5,28.900000000000002,48.0,NORMAL,NORMAL
Healthy,17.199999999999974,GROUND,794.0,0.0,0.0,42.1,28.400000000000002,48.300000000000004,NORMAL,NORMAL
Healthy,17.299999999999976,GROUND,795.0,0.0,0.0,42.300000000000004,26.400000000000002,48.5,NORMAL,NORMAL
Healthy,17.399999999999977,GROUND,797.0,0.0,0.0,43.7,26.5,48.900000000000006,NORMAL,NORMAL
Healthy,17.49999999999998,GROUND,806.0,0.0,0.0,42.900000000000006,27.5,47.300000000000004,NORMAL,NORMAL
Healthy,17.59999999999998,GROUND,801.0,0.0,0.0,43.2,29.200000000000003,48.7,NORMAL,NORMAL
Healthy,17.69999999999998,GROUND,797.0,0.0,0.0,42.400000000000006,26.3,49.2,NORMAL,NORMAL
Healthy,17.799999999999983,GROUND,797.0,0.0,0.0,43.0,27.3,47.900000000000006,NORMAL,NORMAL
Healthy,17.899999999999984,GROUND,809.0,0.0,0.0,42.400000000000006,27.1,48.1,NORMAL,NORMAL
Healthy,17.999999999999986,GROUND,798.0,0.0,0.0,42.2,28.3,47.6,NORMAL,NORMAL
Healthy,18.099999999999987,GROUND,802.0,0.0,0.0,42.5,27.700000000000003,48.7,NORMAL,NORMAL
Healthy,18.19999999999999,GROUND,798.0,0.0,0.0,42.300000000000004,28.1,48.1,NORMAL,NORMAL
Healthy,18.29999999999999,GROUND,797.0,0.0,0.0,42.300000000000004,26.6,48.7,NORMAL,NORMAL
Healthy,18.39999999999999,GROUND,799.0,0.0,0.0,42.900000000000006,27.5,49.1,NORMAL,NORMAL
Healthy,18.499999999999993,GROUND,799.0,0.0,0.0,43.0,24.8,48.900000000000006,NORMAL,NORMAL
Healthy,18.599999999999994,GROUND,801.0,0.0,0.0,42.0,28.200000000000003,49.5,NORMAL,NORMAL
Healthy,18.699999999999996,GROUND,800.0,0.0,0.0,42.6,27.5,48.900000000000006,NORMAL,NORMAL
Healthy,18.799999999999997,GROUND,801.0,0.0,0.0,43.1,30.3,49.300000000000004,NORMAL,NORMAL
Healthy,18.9,GROUND,799.0,0.0,0.0,42.0,27.900000000000002,49.300000000000004,NORMAL,NORMAL
Healthy,19.0,GROUND,789.0,0.0,0.0,42.800000000000004,26.5,48.5,NORMAL,NORMAL
Healthy,19.1,GROUND,798.0,0.0,0.0,42.1,26.700000000000003,48.6,NORMAL,NORMAL
Healthy,19.200000000000003,GROUND,800.0,0.0,0.0,41.5,26.8,49.300000000000004,NORMAL,NORMAL
Healthy,19.300000000000004,GROUND,792.0,0.0,0.0,42.5,27.6,49.2,NORMAL,NORMAL
Healthy,19.400000000000006,GROUND,805.0,0.0,0.0,42.5,28.200000000000003,47.1,NORMAL,NORMAL
Healthy,19.500000000000007,GROUND,805.0,0.0,0.0,42.1,27.8,48.0,NORMAL,NORMAL
Healthy,19.60000000000001,GROUND,800.0,0.0,0.0,42.300000000000004,27.1,49.0,NORMAL,NORMAL
Healthy,19.70000000000001,GROUND,804.0,0.0,0.0,41.7,27.8,48.1,NORMAL,NORMAL
Healthy,19.80000000000001,GROUND,805.0,0.0,0.0,40.900000000000006,27.6,48.7,NORMAL,NORMAL
Healthy,19.900000000000013,GROUND,807.0,0.0,0.0,42.2,27.900000000000002,48.7,NORMAL,NORMAL
Healthy,20.000000000000014,GROUND,802.0,0.0,0.0,41.6,27.3,48.800000000000004,NORMAL,NORMAL
Healthy,20.100000000000016,GROUND,788.0,0.0,0.0,42.6,28.5,48.1,NORMAL,NORMAL
Healthy,20.200000000000017,GROUND,799.0,0.0,0.0,42.300000000000004,28.3,48.7,NORMAL,NORMAL
Healthy,20.30000000000002,GROUND,795.0,0.0,0.0,42.0,28.6,47.900000000000006,NORMAL,NORMAL
Healthy,20.40000000000002,GROUND,803.0,0.0,0.0,43.400000000000006,26.0,48.300000000000004,NORMAL,NORMAL
Healthy,20.50000000000002,GROUND,805.0,0.0,0.0,41.900000000000006,28.8,48.2,NORMAL,NORMAL
Healthy,20.600000000000023,GROUND,788.0,0.0,0.0,42.2,30.0,48.5,NORMAL,NORMAL
Healthy,20.700000000000024,GROUND,801.0,0.0,0.0,41.7,28.900000000000002,49.300000000000004,NORMAL,NORMAL
Healthy,20.800000000000026,GROUND,794.0,0.0,0.0,42.1,26.700000000000003,48.5,NORMAL,NORMAL
Healthy,20.900000000000027,GROUND,803.0,0.0,0.0,41.300000000000004,27.200000000000003,48.900000000000006,NORMAL,NORMAL
Healthy,21.00000000000003,GROUND,805.0,0.0,0.0,42.800000000000004,27.900000000000002,47.900000000000006,NORMAL,NORMAL
Healthy,21.10000000000003,GROUND,796.0,0.0,0.0,40.7,29.0,48.7,NORMAL,NORMAL
Healthy,21.20000000000003,GROUND,808.0,0.0,0.0,41.7,26.5,47.5,NORMAL,NORMAL
Healthy,21.300000000000033,GROUND,803.0,0.0,0.0,42.800000000000004,24.5,48.400000000000006,NORMAL,NORMAL
Healthy,21.400000000000034,GROUND,798.0,0.0,0.0,42.300000000000004,27.5,49.2,NORMAL,NORMAL
Healthy,21.500000000000036,GROUND,810.0,0.0,0.0,41.1,27.200000000000003,48.0,NORMAL,NORMAL
Healthy,21.600000000000037,GROUND,801.0,0.0,0.0,40.900000000000006,26.700000000000003,48.400000000000006,NORMAL,NORMAL
Healthy,21.70000000000004,GROUND,802.0,0.0,0.0,42.0,29.400000000000002,48.800000000000004,NORMAL,NORMAL
Healthy,21.80000000000004,GROUND,803.0,0.0,0.0,41.400000000000006,26.700000000000003,48.2,NORMAL,NORMAL
Healthy,21.90000000000004,GROUND,803.0,0.0,0.0,42.1,30.900000000000002,49.1,NORMAL,NORMAL
Healthy,22.000000000000043,GROUND,800.0,0.0,0.0,41.1,26.1,48.5,NORMAL,NORMAL
Healthy,22.100000000000044,GROUND,800.0,0.0,0.0,41.1,27.3,48.800000000000004,NORMAL,NORMAL
Healthy,22.200000000000045,GROUND,792.0,0.0,0.0,41.1,28.0,47.7,NORMAL,NORMAL
Healthy,22.300000000000047,GROUND,796.0,0.0,0.0,41.6,26.700000000000003,48.7,NORMAL,NORMAL
Healthy,22.40000000000005,GROUND,800.0,0.0,0.0,40.800000000000004,30.700000000000003,48.5,NORMAL,NORMAL
Healthy,22.50000000000005,GROUND,794.0,0.0,0.0,41.6,29.700000000000003,48.6,NORMAL,NORMAL
Healthy,22.60000000000005,GROUND,803.0,0.0,0.0,41.400000000000006,27.0,48.400000000000006,NORMAL,NORMAL
Healthy,22.700000000000053,GROUND,802.0,0.0,0.0,40.7,28.200000000000003,47.800000000000004,NORMAL,NORMAL
Healthy,22.800000000000054,GROUND,793.0,0.0,0.0,41.400000000000006,27.200000000000003,48.0,NORMAL,NORMAL
Healthy,22.900000000000055,GROUND,809.0,0.0,0.0,41.300000000000004,28.1,49.5,NORMAL,NORMAL
Healthy,23.000000000000057,GROUND,800.0,0.0,0.0,41.300000000000004,25.900000000000002,48.300000000000004,NORMAL,NORMAL
Healthy,23.10000000000006,GROUND,805.0,0.0,0.0,40.400000000000006,28.200000000000003,49.7,NORMAL,NORMAL
Healthy,23.20000000000006,GROUND,799.0,0.0,0.0,40.5,27.400000000000002,49.0,NORMAL,NORMAL
Healthy,23.30000000000006,GROUND,792.0,0.0,0.0,41.2,26.900000000000002,48.6,NORMAL,NORMAL
Healthy,23.400000000000063,GROUND,797.0,0.0,0.0,41.0,28.700000000000003,48.7,NORMAL,NORMAL
Healthy,23.500000000000064,GROUND,808.0,0.0,0.0,42.400000000000006,26.3,49.0,NORMAL,NORMAL
Healthy,23.600000000000065,GROUND,801.0,0.0,0.0,39.800000000000004,26.200000000000003,49.300000000000004,NORMAL,NORMAL
Healthy,23.700000000000067,GROUND,802.0,0.0,0.0,39.800000000000004,28.0,49.6,NORMAL,NORMAL
Healthy,23.800000000000068,GROUND,795.0,0.0,0.0,39.800000000000004,27.200000000000003,48.0,NORMAL,NORMAL
Healthy,23.90000000000007,GROUND,801.0,0.0,0.0,41.2,26.400000000000002,48.0,NORMAL,NORMAL
Healthy,24.00000000000007,GROUND,792.0,0.0,0.0,42.0,28.200000000000003,48.5,NORMAL,NORMAL
Healthy,24.100000000000072,GROUND,794.0,0.0,0.0,42.0,26.6,48.800000000000004,NORMAL,NORMAL
Healthy,24.200000000000074,GROUND,799.0,0.0,0.0,40.900000000000006,27.400000000000002,48.400000000000006,NORMAL,NORMAL
Healthy,24.300000000000075,GROUND,806.0,0.0,0.0,40.300000000000004,29.200000000000003,46.7,NORMAL,NORMAL
Healthy,24.400000000000077,GROUND,798.0,0.0,0.0,40.400000000000006,29.0,47.400000000000006,NORMAL,NORMAL
Healthy,24.500000000000078,GROUND,794.0,0.0,0.0,40.7,26.700000000000003,47.300000000000004,NORMAL,NORMAL
Healthy,24.60000000000008,GROUND,795.0,0.0,0.0,39.900000000000006,27.700000000000003,48.300000000000004,NORMAL,NORMAL
Healthy,24.70000000000008,GROUND,803.0,0.0,0.0,39.900000000000006,27.900000000000002,48.7,NORMAL,NORMAL
Healthy,24.800000000000082,GROUND,796.0,0.0,0.0,40.7,26.5,48.800000000000004,NORMAL,NORMAL
Healthy,24.900000000000084,GROUND,795.0,0.0,0.0,40.7,26.8,47.6,NORMAL,NORMAL
Healthy,25.000000000000085,GROUND,795.0,0.0,0.0,39.800000000000004,27.200000000000003,48.0,NORMAL,NORMAL
Healthy,25.100000000000087,GROUND,797.0,0.0,0.0,40.400000000000006,28.6,49.400000000000006,NORMAL,NORMAL
Healthy,25.200000000000088,GROUND,793.0,0.0,0.0,40.1,28.0,48.400000000000006,NORMAL,NORMAL
Healthy,25.30000000000009,GROUND,796.0,0.0,0.0,39.800000000000004,25.6,47.900000000000006,NORMAL,NORMAL
Healthy,25.40000000000009,GROUND,801.0,0.0,0.0,40.300000000000004,27.0,48.5,NORMAL,NORMAL
Healthy,25.500000000000092,GROUND,803.0,0.0,0.0,39.400000000000006,27.5,47.900000000000006,NORMAL,NORMAL
Healthy,25.600000000000094,GROUND,812.0,0.0,0.0,40.2,29.8,47.6,NORMAL,NORMAL
Healthy,25.700000000000095,GROUND,801.0,0.0,0.0,40.1,28.400000000000002,48.1,NORMAL,NORMAL
Healthy,25.800000000000097,GROUND,804.0,0.0,0.0,40.800000000000004,28.1,47.7,NORMAL,NORMAL
Healthy,25.900000000000098,GROUND,798.0,0.0,0.0,40.2,28.5,48.0,NORMAL,NORMAL
Healthy,26.0000000000001,GROUND,804.0,0.0,0.0,40.300000000000004,27.400000000000002,48.400000000000006,NORMAL,NORMAL
Healthy,26.1000000000001,GROUND,796.0,0.0,0.0,39.800000000000004,26.3,48.2,NORMAL,NORMAL
Healthy,26.200000000000102,GROUND,796.0,0.0,0.0,39.900000000000006,28.0,47.300000000000004,NORMAL,NORMAL
Healthy,26.300000000000104,GROUND,804.0,0.0,0.0,40.400000000000006,27.8,48.6,NORMAL,NORMAL
Healthy,26.400000000000105,GROUND,796.0,0.0,0.0,39.6,28.1,46.7,NORMAL,NORMAL
Healthy,26.500000000000107,GROUND,801.0,0.0,0.0,39.800000000000004,30.1,47.5,NORMAL,NORMAL
Healthy,26.600000000000108,GROUND,794.0,0.0,0.0,39.1,28.6,48.300000000000004,NORMAL,NORMAL
Healthy,26.70000000000011,GROUND,798.0,0.0,0.0,39.5,28.3,47.900000000000006,NORMAL,NORMAL
Healthy,26.80000000000011,GROUND,804.0,0.0,0.0,40.5,27.400000000000002,47.5,NORMAL,NORMAL
Healthy,26.900000000000112,GROUND,801.0,0.0,0.0,39.5,26.5,47.1,NORMAL,NORMAL
Healthy,27.000000000000114,GROUND,800.0,0.0,0.0,39.1,26.6,46.900000000000006,NORMAL,NORMAL
Healthy,27.100000000000115,GROUND,799.0,0.0,0.0,39.2,27.400000000000002,47.800000000000004,NORMAL,NORMAL
Healthy,27.200000000000117,GROUND,804.0,0.0,0.0,39.2,26.400000000000002,47.6,NORMAL,NORMAL
Healthy,27.300000000000118,GROUND,801.0,0.0,0.0,39.800000000000004,25.900000000000002,47.7,NORMAL,NORMAL
Healthy,27.40000000000012,GROUND,803.0,0.0,0.0,40.5,26.700000000000003,48.7,NORMAL,NORMAL
Healthy,27.50000000000012,GROUND,796.0,0.0,0.0,38.800000000000004,27.6,47.2,NORMAL,NORMAL
Healthy,27.600000000000122,GROUND,802.0,0.0,0.0,39.900000000000006,28.1,48.400000000000006,NORMAL,NORMAL
Healthy,27.700000000000124,GROUND,804.0,0.0,0.0,39.7,26.700000000000003,48.6,NORMAL,NORMAL
Healthy,27.800000000000125,GROUND,802.0,0.0,0.0,39.7,26.6,47.2,NORMAL,NORMAL
Healthy,27.900000000000126,GROUND,792.0,0.0,0.0,38.800000000000004,28.0,48.2,NORMAL,NORMAL
Healthy,28.000000000000128,GROUND,797.0,0.0,0.0,40.1,25.3,49.1,NORMAL,NORMAL
Healthy,28.10000000000013,GROUND,797.0,0.0,0.0,38.800000000000004,27.5,48.5,NORMAL,NORMAL
Healthy,28.20000000000013,GROUND,802.0,0.0,0.0,39.400000000000006,27.200000000000003,49.2,NORMAL,NORMAL
Healthy,28.300000000000132,GROUND,791.0,0.0,0.0,39.6,25.8,47.2,NORMAL,NORMAL
Healthy,28.400000000000134,GROUND,796.0,0.0,0.0,39.300000000000004,27.400000000000002,48.6,NORMAL,NORMAL
Healthy,28.500000000000135,GROUND,797.0,0.0,0.0,40.7,27.200000000000003,48.1,NORMAL,NORMAL
Healthy,28.600000000000136,GROUND,802.0,0.0,0.0,38.2,28.200000000000003,48.0,NORMAL,NORMAL
Healthy,28.700000000000138,GROUND,794.0,0.0,0.0,39.1,26.5,47.300000000000004,NORMAL,NORMAL
Healthy,28.80000000000014,GROUND,807.0,0.0,0.0,39.1,29.1,46.800000000000004,NORMAL,NORMAL
Healthy,28.90000000000014,GROUND,795.0,0.0,0.0,39.0,28.8,47.7,NORMAL,NORMAL
Healthy,29.000000000000142,GROUND,807.0,0.0,0.0,39.1,26.400000000000002,48.7,NORMAL,NORMAL
Healthy,29.100000000000144,GROUND,800.0,0.0,0.0,38.900000000000006,28.6,47.0,NORMAL,NORMAL
Healthy,29.200000000000145,GROUND,789.0,0.0,0.0,39.5,28.8,47.300000000000004,NORMAL,NORMAL
Healthy,29.300000000000146,GROUND,803.0,0.0,0.0,38.900000000000006,27.700000000000003,47.0,NORMAL,NORMAL
Healthy,29.400000000000148,GROUND,807.0,0.0,0.0,37.6,27.0,48.0,NORMAL,NORMAL
Healthy,29.50000000000015,GROUND,799.0,0.0,0.0,38.5,27.5,47.7,NORMAL,NORMAL
Healthy,29.60000000000015,GROUND,791.0,0.0,0.0,37.800000000000004,26.8,47.2,NORMAL,NORMAL
Healthy,29.700000000000152,GROUND,809.0,0.0,0.0,39.300000000000004,27.5,48.400000000000006,NORMAL,NORMAL
Healthy,29.800000000000153,GROUND,805.0,0.0,0.0,38.900000000000006,26.8,48.400000000000006,NORMAL,NORMAL
Healthy,29.900000000000155,GROUND,790.0,0.0,0.0,39.5,28.5,47.6,NORMAL,NORMAL
Healthy,30.000000000000156,TAKEOFF,959.0,85.00000000000003,1.7368822429691337e-12,38.0,26.700000000000003,48.900000000000006,NORMAL,NORMAL
Healthy,30.100000000000158,TAKEOFF,1102.0,85.02222222222225,1.1111111111128638,39.5,29.1,48.2,NORMAL,NORMAL
Healthy,30.20000000000016,TAKEOFF,1269.0,85.04444444444448,2.2222222222239907,39.300000000000004,30.8,47.800000000000004,NORMAL,NORMAL
Healthy,30.30000000000016,TAKEOFF,1421.0,85.0666666666667,3.333333333335118,39.900000000000006,31.6,47.800000000000004,NORMAL,NORMAL
Healthy,30.400000000000162,TAKEOFF,1577.0,85.08888888888893,4.444444444446244,38.900000000000006,34.0,48.0,NORMAL,NORMAL
Healthy,30.500000000000163,TAKEOFF,1740.0,85.11111111111114,5.555555555557371,38.800000000000004,35.5,48.400000000000006,NORMAL,NORMAL
Healthy,30.600000000000165,TAKEOFF,1903.0,85.13333333333337,6.666666666668498,40.7,38.300000000000004,48.400000000000006,NORMAL,NORMAL
Healthy,30.700000000000166,TAKEOFF,2040.0,85.1555555555556,7.777777777779625,39.800000000000004,41.400000000000006,47.800000000000004,NORMAL,NORMAL
Healthy,30.800000000000168,TAKEOFF,2199.0,85.17777777777782,8.888888888890753,38.6,41.6,47.7,NORMAL,NORMAL
Healthy,30.90000000000017,TAKEOFF,2344.0,85.20000000000003,10.00000000000188,39.800000000000004,46.5,46.7,NORMAL,NORMAL
Healthy,31.00000000000017,TAKEOFF,2492.0,85.22222222222226,11.111111111113006,39.2,49.5,47.7,NORMAL,NORMAL
Healthy,31.100000000000172,TAKEOFF,2631.0,85.24444444444448,12.222222222224133,40.400000000000006,50.7,47.5,NORMAL,NORMAL
Healthy,31.200000000000173,TAKEOFF,2773.0,85.26666666666671,13.33333333333526,40.400000000000006,55.1,48.1,NORMAL,NORMAL
Healthy,31.300000000000175,TAKEOFF,2912.0,85.28888888888893,14.444444444446386,39.900000000000006,56.300000000000004,47.300000000000004,NORMAL,NORMAL
Healthy,31.400000000000176,TAKEOFF,3042.0,85.31111111111115,15.555555555557513,40.0,60.2,48.0,NORMAL,NORMAL
Healthy,31.500000000000178,TAKEOFF,3166.0,85.33333333333337,16.66666666666864,40.300000000000004,62.900000000000006,47.6,NORMAL,NORMAL
Healthy,31.60000000000018,TAKEOFF,3287.0,85.3555555555556,17.777777777779765,42.0,64.3,47.1,NORMAL,NORMAL
Healthy,31.70000000000018,TAKEOFF,3396.0,85.37777777777782,18.888888888890893,40.2,67.8,47.7,NORMAL,NORMAL
Healthy,31.800000000000182,TAKEOFF,3518.0,85.40000000000003,20.000000000002018,40.400000000000006,69.60000000000001,47.400000000000006,NORMAL,NORMAL
Healthy,31.900000000000183,TAKEOFF,3620.0,85.42222222222226,21.11111111111315,41.2,73.60000000000001,48.900000000000006,NORMAL,NORMAL
Healthy,32.000000000000185,TAKEOFF,3721.0,85.44444444444449,22.222222222224275,41.2,72.5,47.300000000000004,NORMAL,NORMAL
Healthy,32.100000000000186,TAKEOFF,3817.0,85.46666666666671,23.333333333335403,42.1,75.10000000000001,48.300000000000004,NORMAL,NORMAL
Healthy,32.20000000000019,TAKEOFF,3912.0,85.48888888888894,24.44444444444653,42.2,78.30000000000001,48.1,NORMAL,NORMAL
Healthy,32.30000000000019,TAKEOFF,3998.0,85.51111111111115,25.555555555557657,41.800000000000004,80.5,47.0,NORMAL,NORMAL
Healthy,32.40000000000019,TAKEOFF,4073.0,85.53333333333337,26.66666666666878,43.0,81.7,47.800000000000004,NORMAL,NORMAL
Healthy,32.50000000000019,TAKEOFF,4161.0,85.5555555555556,27.77777777777991,42.5,84.7,47.0,NORMAL,NORMAL
Healthy,32.60000000000019,TAKEOFF,4223.0,85.57777777777783,28.888888888891035,43.400000000000006,85.60000000000001,49.2,NORMAL,NORMAL
Healthy,32.700000000000195,TAKEOFF,4294.0,85.60000000000004,30.000000000002164,43.0,85.9,49.800000000000004,NORMAL,NORMAL
Healthy,32.800000000000196,TAKEOFF,4354.0,85.62222222222226,31.11111111111329,43.300000000000004,88.2,47.7,NORMAL,NORMAL
Healthy,32.9000000000002,TAKEOFF,4412.0,85.64444444444449,32.22222222222442,43.0,90.0,48.900000000000006,NORMAL,NORMAL
Healthy,33.0000000000002,TAKEOFF,4459.0,85.66666666666671,33.333333333335545,43.7,91.30000000000001,48.800000000000004,NORMAL,NORMAL
Healthy,33.1000000000002,TAKEOFF,4513.0,85.68888888888894,34.444444444446674,44.300000000000004,91.9,48.7,NORMAL,NORMAL
Healthy,33.2000000000002,TAKEOFF,4569.0,85.71111111111115,35.555555555557795,44.800000000000004,92.9,48.2,NORMAL,NORMAL
Healthy,33.3000000000002,TAKEOFF,4611.0,85.73333333333338,36.666666666668924,44.900000000000006,94.2,48.5,NORMAL,NORMAL
Healthy,33.400000000000205,TAKEOFF,4643.0,85.7555555555556,37.77777777778005,45.2,95.80000000000001,48.900000000000006,NORMAL,NORMAL
Healthy,33.500000000000206,TAKEOFF,4684.0,85.77777777777783,38.88888888889118,44.300000000000004,96.60000000000001,47.7,NORMAL,NORMAL
Healthy,33.60000000000021,TAKEOFF,4715.0,85.80000000000004,40.0000000000023,45.1,97.4,49.7,NORMAL,NORMAL
Healthy,33.70000000000021,TAKEOFF,4758.0,85.82222222222227,41.11111111111343,44.800000000000004,99.9,48.400000000000006,NORMAL,NORMAL
Healthy,33.80000000000021,TAKEOFF,4775.0,85.84444444444449,42.22222222222456,45.7,97.9,47.800000000000004,NORMAL,NORMAL
Healthy,33.90000000000021,TAKEOFF,4804.0,85.86666666666672,43.33333333333569,46.300000000000004,99.9,47.300000000000004,NORMAL,NORMAL
Healthy,34.00000000000021,TAKEOFF,4820.0,85.88888888888894,44.44444444444681,46.800000000000004,100.30000000000001,47.400000000000006,NORMAL,NORMAL
Healthy,34.100000000000215,TAKEOFF,4848.0,85.91111111111115,45.55555555555794,46.6,102.0,49.300000000000004,NORMAL,NORMAL
Healthy,34.200000000000216,TAKEOFF,4877.0,85.93333333333338,46.66666666666907,46.400000000000006,99.80000000000001,48.7,NORMAL,NORMAL
Healthy,34.30000000000022,TAKEOFF,4894.0,85.9555555555556,47.777777777780194,46.800000000000004,101.30000000000001,47.800000000000004,NORMAL,NORMAL
Healthy,34.40000000000022,TAKEOFF,4911.0,85.97777777777783,48.88888888889132,46.900000000000006,101.7,49.7,NORMAL,NORMAL
Healthy,34.50000000000022,TAKEOFF,4923.0,86.00000000000004,50.000000000002444,47.6,103.80000000000001,49.800000000000004,NORMAL,NORMAL
Healthy,34.60000000000022,TAKEOFF,4941.0,86.02222222222227,51.11111111111358,48.900000000000006,102.7,48.800000000000004,NORMAL,NORMAL
Healthy,34.70000000000022,TAKEOFF,4958.0,86.0444444444445,52.2222222222247,49.7,102.7,49.300000000000004,NORMAL,NORMAL
Healthy,34.800000000000225,TAKEOFF,4978.0,86.06666666666672,53.33333333333583,48.5,101.60000000000001,49.800000000000004,NORMAL,NORMAL
Healthy,34.900000000000226,TAKEOFF,4986.0,86.08888888888895,54.44444444444695,48.2,104.0,49.2,NORMAL,NORMAL
Healthy,35.00000000000023,TAKEOFF,4995.0,86.11111111111116,55.55555555555809,50.1,103.60000000000001,49.5,NORMAL,NORMAL
Healthy,35.10000000000023,TAKEOFF,4993.0,86.13333333333338,56.66666666666921,48.0,101.9,49.6,NORMAL,NORMAL
Healthy,35.20000000000023,TAKEOFF,5012.0,86.15555555555561,57.77777777778034,49.1,103.80000000000001,49.0,NORMAL,NORMAL
Healthy,35.30000000000023,TAKEOFF,5024.0,86.17777777777783,58.88888888889146,49.300000000000004,104.80000000000001,49.5,NORMAL,NORMAL
Healthy,35.40000000000023,TAKEOFF,5036.0,86.20000000000005,60.00000000000259,50.0,103.30000000000001,49.5,NORMAL,NORMAL
Healthy,35.500000000000234,TAKEOFF,5035.0,86.22222222222227,61.111111111113715,50.2,102.30000000000001,49.7,NORMAL,NORMAL
Healthy,35.600000000000236,TAKEOFF,5039.0,86.2444444444445,62.22222222222484,50.7,104.4,49.800000000000004,NORMAL,NORMAL
Healthy,35.70000000000024,TAKEOFF,5048.0,86.26666666666672,63.33333333333598,51.1,106.5,49.7,NORMAL,NORMAL
Healthy,35.80000000000024,TAKEOFF,5059.0,86.28888888888895,64.4444444444471,49.6,103.2,49.300000000000004,NORMAL,NORMAL
Healthy,35.90000000000024,TAKEOFF,5058.0,86.31111111111116,65.55555555555823,50.2,104.4,49.6,NORMAL,NORMAL
Healthy,36.00000000000024,TAKEOFF,5066.0,86.33333333333339,66.66666666666934,51.2,103.7,49.300000000000004,NORMAL,NORMAL
Healthy,36.10000000000024,TAKEOFF,5070.0,86.35555555555561,67.77777777778047,51.5,104.2,49.1,NORMAL,NORMAL
Healthy,36.200000000000244,TAKEOFF,5075.0,86.37777777777784,68.88888888889161,51.800000000000004,104.0,50.1,NORMAL,NORMAL
Healthy,36.300000000000246,TAKEOFF,5077.0,86.40000000000005,70.00000000000273,51.6,104.5,50.0,NORMAL,NORMAL
Healthy,36.40000000000025,TAKEOFF,5086.0,86.42222222222227,71.11111111111386,51.0,105.10000000000001,49.1,NORMAL,NORMAL
Healthy,36.50000000000025,TAKEOFF,5086.0,86.4444444444445,72.22222222222499,52.5,106.2,49.800000000000004,NORMAL,NORMAL
Healthy,36.60000000000025,TAKEOFF,5087.0,86.46666666666673,73.33333333333611,51.300000000000004,103.2,50.0,NORMAL,NORMAL
Healthy,36.70000000000025,TAKEOFF,5097.0,86.48888888888895,74.44444444444724,52.2,102.4,50.300000000000004,NORMAL,NORMAL
Healthy,36.80000000000025,TAKEOFF,5093.0,86.51111111111116,75.55555555555836,52.800000000000004,105.80000000000001,50.6,NORMAL,NORMAL
Healthy,36.900000000000254,TAKEOFF,5104.0,86.53333333333339,76.66666666666949,52.5,104.60000000000001,50.0,NORMAL,NORMAL
Healthy,37.000000000000256,TAKEOFF,5101.0,86.55555555555561,77.77777777778063,52.900000000000006,103.80000000000001,50.1,NORMAL,NORMAL
Healthy,37.10000000000026,TAKEOFF,5106.0,86.57777777777784,78.88888888889174,54.400000000000006,102.9,51.300000000000004,NORMAL,NORMAL
Healthy,37.20000000000026,TAKEOFF,5101.0,86.60000000000005,80.00000000000287,53.6,105.7,49.2,NORMAL,NORMAL
Healthy,37.30000000000026,TAKEOFF,5105.0,86.62222222222228,81.11111111111401,53.400000000000006,104.60000000000001,50.7,NORMAL,NORMAL
Healthy,37.40000000000026,TAKEOFF,5113.0,86.6444444444445,82.22222222222513,53.900000000000006,103.4,51.1,NORMAL,NORMAL
Healthy,37.50000000000026,TAKEOFF,5110.0,86.66666666666673,83.33333333333626,54.7,104.0,50.800000000000004,NORMAL,NORMAL
Healthy,37.600000000000264,TAKEOFF,5110.0,86.68888888888895,84.44444444444737,54.1,103.80000000000001,50.400000000000006,NORMAL,NORMAL
Healthy,37.700000000000266,TAKEOFF,5120.0,86.71111111111117,85.55555555555851,53.7,105.10000000000001,51.300000000000004,NORMAL,NORMAL
Healthy,37.80000000000027,TAKEOFF,5115.0,86.73333333333339,86.66666666666964,56.2,104.60000000000001,50.900000000000006,NORMAL,NORMAL
Healthy,37.90000000000027,TAKEOFF,5118.0,86.75555555555562,87.77777777778076,55.5,103.30000000000001,49.0,NORMAL,NORMAL
Healthy,38.00000000000027,TAKEOFF,5128.0,86.77777777777784,88.88888888889188,54.800000000000004,103.9,51.0,NORMAL,NORMAL
Healthy,38.10000000000027,TAKEOFF,5130.0,86.80000000000005,90.00000000000303,55.5,104.5,51.1,NORMAL,NORMAL
Healthy,38.20000000000027,TAKEOFF,5117.0,86.82222222222228,91.11111111111414,55.900000000000006,105.30000000000001,51.1,NORMAL,NORMAL
Healthy,38.300000000000274,TAKEOFF,5124.0,86.8444444444445,92.22222222222527,56.5,103.2,50.5,NORMAL,NORMAL
Healthy,38.400000000000276,TAKEOFF,5132.0,86.86666666666673,93.33333333333638,56.0,103.10000000000001,50.7,NORMAL,NORMAL
Healthy,38.50000000000028,TAKEOFF,5129.0,86.88888888888896,94.44444444444753,56.900000000000006,105.30000000000001,51.0,NORMAL,NORMAL
Healthy,38.60000000000028,TAKEOFF,5135.0,86.91111111111117,95.55555555555866,56.5,105.4,51.900000000000006,NORMAL,NORMAL
Healthy,38.70000000000028,TAKEOFF,5135.0,86.9333333333334,96.66666666666977,56.7,105.30000000000001,50.5,NORMAL,NORMAL
Healthy,38.80000000000028,TAKEOFF,5132.0,86.95555555555562,97.77777777778091,56.6,105.4,50.1,NORMAL,NORMAL
Healthy,38.90000000000028,TAKEOFF,5138.0,86.97777777777785,98.88888888889204,56.300000000000004,104.9,51.5,NORMAL,NORMAL
Healthy,39.000000000000284,TAKEOFF,5131.0,87.00000000000006,100.00000000000315,57.900000000000006,103.80000000000001,51.1,NORMAL,NORMAL
Healthy,39.100000000000286,TAKEOFF,5127.0,87.02222222222228,101.11111111111428,56.6,106.5,50.7,NORMAL,NORMAL
Healthy,39.20000000000029,TAKEOFF,5143.0,87.04444444444451,102.22222222222541,57.800000000000004,105.10000000000001,50.900000000000006,NORMAL,NORMAL
Healthy,39.30000000000029,TAKEOFF,5140.0,87.06666666666673,103.33333333333654,57.400000000000006,105.10000000000001,51.300000000000004,NORMAL,NORMAL
Healthy,39.40000000000029,TAKEOFF,5141.0,87.08888888888896,104.44444444444767,58.0,104.30000000000001,50.5,NORMAL,NORMAL
Healthy,39.50000000000029,TAKEOFF,5145.0,87.11111111111117,105.55555555555878,58.7,105.0,51.300000000000004,NORMAL,NORMAL
Healthy,39.60000000000029,TAKEOFF,5146.0,87.1333333333334,106.66666666666993,59.0,104.5,50.0,NORMAL,NORMAL
Healthy,39.700000000000294,TAKEOFF,5146.0,87.15555555555562,107.77777777778105,58.400000000000006,105.9,52.2,NORMAL,NORMAL
Healthy,39.800000000000296,TAKEOFF,5141.0,87.17777777777785,108.88888888889217,58.6,102.60000000000001,50.800000000000004,NORMAL,NORMAL
Healthy,39.9000000000003,TAKEOFF,5148.0,87.20000000000006,110.0000000000033,58.6,105.30000000000001,51.2,NORMAL,NORMAL
Healthy,40.0000000000003,TAKEOFF,5155.0,87.22222222222229,111.11111111111443,58.7,103.80000000000001,51.900000000000006,NORMAL,NORMAL
Healthy,40.1000000000003,TAKEOFF,5146.0,87.24444444444451,112.22222222222555,59.2,105.30000000000001,51.2,NORMAL,NORMAL
Healthy,40.2000000000003,TAKEOFF,5156.0,87.26666666666674,113.33333333333668,60.2,105.30000000000001,50.900000000000006,NORMAL,NORMAL
Healthy,40.3000000000003,TAKEOFF,5144.0,87.28888888888896,114.44444444444781,59.800000000000004,105.0,50.900000000000006,NORMAL,NORMAL
Healthy,40.400000000000304,TAKEOFF,5148.0,87.31111111111117,115.55555555555894,59.300000000000004,104.7,51.7,NORMAL,NORMAL
Healthy,40.500000000000306,TAKEOFF,5157.0,87.3333333333334,116.66666666667005,59.7,104.7,52.2,NORMAL,NORMAL
Healthy,40.60000000000031,TAKEOFF,5148.0,87.35555555555563,117.77777777778118,60.0,105.80000000000001,51.900000000000006,NORMAL,NORMAL
Healthy,40.70000000000031,TAKEOFF,5160.0,87.37777777777785,118.88888888889232,59.400000000000006,105.7,52.0,NORMAL,NORMAL
Healthy,40.80000000000031,TAKEOFF,5145.0,87.40000000000006,120.00000000000344,60.1,103.4,52.1,NORMAL,NORMAL
Healthy,40.90000000000031,TAKEOFF,5167.0,87.42222222222229,121.11111111111457,59.6,104.9,53.2,NORMAL,NORMAL
Healthy,41.00000000000031,TAKEOFF,5169.0,87.44444444444451,122.2222222222257,61.1,103.9,52.5,NORMAL,NORMAL
Healthy,41.100000000000314,TAKEOFF,5164.0,87.46666666666674,123.33333333333682,61.5,105.60000000000001,52.7,NORMAL,NORMAL
Healthy,41.200000000000315,TAKEOFF,5156.0,87.48888888888897,124.44444444444795,60.400000000000006,105.0,51.5,NORMAL,NORMAL
Healthy,41.30000000000032,TAKEOFF,5155.0,87.51111111111118,125.55555555555908,60.800000000000004,106.0,52.800000000000004,NORMAL,NORMAL
Healthy,41.40000000000032,TAKEOFF,5158.0,87.5333333333334,126.6666666666702,60.7,103.7,52.300000000000004,NORMAL,NORMAL
Healthy,41.50000000000032,TAKEOFF,5160.0,87.55555555555563,127.77777777778132,61.6,103.4,52.6,NORMAL,NORMAL
Healthy,41.60000000000032,TAKEOFF,5161.0,87.57777777777785,128.88888888889247,62.0,104.4,52.300000000000004,NORMAL,NORMAL
Healthy,41.70000000000032,TAKEOFF,5159.0,87.60000000000007,130.00000000000358,61.900000000000006,106.2,53.900000000000006,NORMAL,NORMAL
Healthy,41.800000000000324,TAKEOFF,5162.0,87.62222222222229,131.1111111111147,61.7,103.9,52.5,NORMAL,NORMAL
Healthy,41.900000000000325,TAKEOFF,5170.0,87.64444444444452,132.22222222222584,61.900000000000006,104.80000000000001,53.400000000000006,NORMAL,NORMAL
Healthy,42.00000000000033,TAKEOFF,5154.0,87.66666666666674,133.33333333333698,62.2,104.80000000000001,52.2,NORMAL,NORMAL
Healthy,42.10000000000033,TAKEOFF,5161.0,87.68888888888897,134.4444444444481,62.800000000000004,106.80000000000001,51.800000000000004,NORMAL,NORMAL
Healthy,42.20000000000033,TAKEOFF,5169.0,87.71111111111118,135.55555555555924,62.900000000000006,103.60000000000001,52.400000000000006,NORMAL,NORMAL
Healthy,42.30000000000033,TAKEOFF,5167.0,87.7333333333334,136.66666666667035,62.800000000000004,106.2,52.5,NORMAL,NORMAL
Healthy,42.40000000000033,TAKEOFF,5175.0,87.75555555555563,137.77777777778147,62.6,104.7,53.0,NORMAL,NORMAL
Healthy,42.500000000000334,TAKEOFF,5168.0,87.77777777777786,138.88888888889258,63.300000000000004,105.5,52.400000000000006,NORMAL,NORMAL
Healthy,42.600000000000335,TAKEOFF,5183.0,87.80000000000007,140.00000000000372,63.400000000000006,104.0,51.7,NORMAL,NORMAL
Healthy,42.70000000000034,TAKEOFF,5168.0,87.8222222222223,141.11111111111484,64.4,104.30000000000001,53.2,NORMAL,NORMAL
Healthy,42.80000000000034,TAKEOFF,5170.0,87.84444444444452,142.22222222222598,63.5,104.30000000000001,52.2,NORMAL,NORMAL
Healthy,42.90000000000034,TAKEOFF,5170.0,87.86666666666675,143.33333333333712,64.9,105.2,52.800000000000004,NORMAL,NORMAL
Healthy,43.00000000000034,TAKEOFF,5171.0,87.88888888888897,144.44444444444824,64.10000000000001,106.10000000000001,52.7,NORMAL,NORMAL
Healthy,43.10000000000034,TAKEOFF,5182.0,87.91111111111118,145.55555555555935,64.2,104.4,52.6,NORMAL,NORMAL
Healthy,43.200000000000344,TAKEOFF,5178.0,87.93333333333341,146.6666666666705,64.0,105.30000000000001,52.2,NORMAL,NORMAL
Healthy,43.300000000000345,TAKEOFF,5175.0,87.95555555555563,147.7777777777816,64.8,105.9,52.400000000000006,NORMAL,NORMAL
Healthy,43.40000000000035,TAKEOFF,5166.0,87.97777777777786,148.88888888889272,65.0,105.5,54.7,NORMAL,NORMAL
Healthy,43.50000000000035,TAKEOFF,5177.0,88.00000000000007,150.0000000000039,64.60000000000001,105.30000000000001,53.400000000000006,NORMAL,NORMAL
Healthy,43.60000000000035,TAKEOFF,5176.0,88.0222222222223,151.111111111115,65.0,107.60000000000001,53.300000000000004,NORMAL,NORMAL
Healthy,43.70000000000035,TAKEOFF,5175.0,88.04444444444452,152.22222222222612,64.7,105.80000000000001,53.0,NORMAL,NORMAL
Healthy,43.80000000000035,TAKEOFF,5177.0,88.06666666666675,153.33333333333727,66.10000000000001,103.5,52.7,NORMAL,NORMAL
Healthy,43.900000000000354,TAKEOFF,5180.0,88.08888888888897,154.44444444444838,65.0,104.80000000000001,52.900000000000006,NORMAL,NORMAL
Healthy,44.000000000000355,TAKEOFF,5188.0,88.11111111111119,155.5555555555595,65.2,106.9,53.5,NORMAL,NORMAL
Healthy,44.10000000000036,TAKEOFF,5190.0,88.13333333333341,156.6666666666706,66.2,106.10000000000001,52.900000000000006,NORMAL,NORMAL
Healthy,44.20000000000036,TAKEOFF,5183.0,88.15555555555564,157.77777777778175,64.9,102.80000000000001,53.800000000000004,NORMAL,NORMAL
Healthy,44.30000000000036,TAKEOFF,5193.0,88.17777777777786,158.8888888888929,66.9,106.10000000000001,54.0,NORMAL,NORMAL
Healthy,44.40000000000036,TAKEOFF,5177.0,88.20000000000007,160.000000000004,65.7,105.4,54.400000000000006,NORMAL,NORMAL
Healthy,44.50000000000036,TAKEOFF,5190.0,88.2222222222223,161.11111111111515,65.8,105.2,53.1,NORMAL,NORMAL
Healthy,44.600000000000364,TAKEOFF,5186.0,88.24444444444453,162.22222222222626,68.3,106.0,54.1,NORMAL,NORMAL
Healthy,44.700000000000365,TAKEOFF,5186.0,88.26666666666675,163.33333333333738,66.3,103.4,52.7,NORMAL,NORMAL
Healthy,44.80000000000037,TAKEOFF,5191.0,88.28888888888898,164.44444444444852,66.3,104.2,53.5,NORMAL,NORMAL
Healthy,44.90000000000037,TAKEOFF,5193.0,88.31111111111119,165.55555555555964,67.10000000000001,103.7,53.5,NORMAL,NORMAL
Healthy,45.00000000000037,TAKEOFF,5202.0,88.33333333333341,166.66666666667078,67.10000000000001,104.7,53.900000000000006,NORMAL,NORMAL
Healthy,45.10000000000037,TAKEOFF,5196.0,88.35555555555564,167.77777777778192,67.2,105.9,53.900000000000006,NORMAL,NORMAL
Healthy,45.20000000000037,TAKEOFF,5196.0,88.37777777777787,168.88888888889304,66.9,105.5,53.7,NORMAL,NORMAL
Healthy,45.300000000000374,TAKEOFF,5195.0,88.40000000000008,170.00000000000415,67.2,106.0,53.400000000000006,NORMAL,NORMAL
Healthy,45.400000000000375,TAKEOFF,5197.0,88.4222222222223,171.11111111111526,67.3,105.30000000000001,54.300000000000004,NORMAL,NORMAL
Healthy,45.50000000000038,TAKEOFF,5194.0,88.44444444444453,172.2222222222264,68.8,104.9,54.2,NORMAL,NORMAL
Healthy,45.60000000000038,TAKEOFF,5197.0,88.46666666666675,173.33333333333752,68.2,104.10000000000001,53.6,NORMAL,NORMAL
Healthy,45.70000000000038,TAKEOFF,5204.0,88.48888888888898,174.44444444444864,67.9,104.2,54.1,NORMAL,NORMAL
Healthy,45.80000000000038,TAKEOFF,5203.0,88.51111111111119,175.5555555555598,67.60000000000001,106.9,54.300000000000004,NORMAL,NORMAL
Healthy,45.90000000000038,TAKEOFF,5202.0,88.53333333333342,176.66666666667092,68.7,102.9,54.900000000000006,NORMAL,NORMAL
Healthy,46.000000000000384,TAKEOFF,5204.0,88.55555555555564,177.77777777778203,67.8,105.60000000000001,54.5,NORMAL,NORMAL
Healthy,46.100000000000385,TAKEOFF,5202.0,88.57777777777787,178.88888888889318,68.7,104.60000000000001,54.0,NORMAL,NORMAL
Healthy,46.20000000000039,TAKEOFF,5198.0,88.60000000000008,180.0000000000043,68.10000000000001,103.0,53.1,NORMAL,NORMAL
Healthy,46.30000000000039,TAKEOFF,5211.0,88.6222222222223,181.1111111111154,68.9,104.9,54.7,NORMAL,NORMAL
Healthy,46.40000000000039,TAKEOFF,5201.0,88.64444444444453,182.22222222222655,67.7,103.2,53.5,NORMAL,NORMAL
Healthy,46.50000000000039,TAKEOFF,5204.0,88.66666666666676,183.3333333333377,68.2,103.7,54.1,NORMAL,NORMAL
Healthy,46.60000000000039,TAKEOFF,5199.0,88.68888888888898,184.4444444444488,68.5,103.30000000000001,53.7,NORMAL,NORMAL
Healthy,46.700000000000394,TAKEOFF,5208.0,88.7111111111112,185.55555555555995,68.4,105.5,54.300000000000004,NORMAL,NORMAL
Healthy,46.800000000000395,TAKEOFF,5202.0,88.73333333333342,186.66666666667106,69.2,104.80000000000001,55.7,NORMAL,NORMAL
Healthy,46.9000000000004,TAKEOFF,5211.0,88.75555555555565,187.77777777778218,68.60000000000001,104.5,53.800000000000004,NORMAL,NORMAL
Healthy,47.0000000000004,TAKEOFF,5212.0,88.77777777777787,188.8888888888933,69.7,102.80000000000001,53.900000000000006,NORMAL,NORMAL
Healthy,47.1000000000004,TAKEOFF,5218.0,88.80000000000008,190.00000000000443,68.4,103.7,55.2,NORMAL,NORMAL
Healthy,47.2000000000004,TAKEOFF,5212.0,88.82222222222231,191.11111111111555,70.3,105.60000000000001,54.7,NORMAL,NORMAL
Healthy,47.3000000000004,TAKEOFF,5211.0,88.84444444444453,192.2222222222267,69.9,104.30000000000001,54.7,NORMAL,NORMAL
Healthy,47.400000000000404,TAKEOFF,5218.0,88.86666666666676,193.33333333333783,69.5,104.80000000000001,54.6,NORMAL,NORMAL
Healthy,47.500000000000405,TAKEOFF,5208.0,88.88888888888899,194.44444444444895,69.5,105.5,54.5,NORMAL,NORMAL
Healthy,47.600000000000406,TAKEOFF,5213.0,88.9111111111112,195.55555555556006,69.7,105.2,55.1,NORMAL,NORMAL
Healthy,47.70000000000041,TAKEOFF,5220.0,88.93333333333342,196.6666666666712,69.5,105.80000000000001,54.300000000000004,NORMAL,NORMAL
Healthy,47.80000000000041,TAKEOFF,5216.0,88.95555555555565,197.77777777778232,70.3,105.80000000000001,55.800000000000004,NORMAL,NORMAL
Healthy,47.90000000000041,TAKEOFF,5215.0,88.97777777777787,198.88888888889343,70.7,104.0,53.7,NORMAL,NORMAL
Healthy,48.00000000000041,TAKEOFF,5217.0,89.00000000000009,200.0000000000046,70.2,104.80000000000001,55.7,NORMAL,NORMAL
Healthy,48.10000000000041,TAKEOFF,5226.0,89.02222222222231,201.11111111111572,69.3,104.4,54.7,NORMAL,NORMAL
Healthy,48.200000000000415,TAKEOFF,5216.0,89.04444444444454,202.22222222222683,71.3,104.60000000000001,54.5,NORMAL,NORMAL
Healthy,48.300000000000416,TAKEOFF,5222.0,89.06666666666676,203.33333333333798,71.2,103.4,54.900000000000006,NORMAL,NORMAL
Healthy,48.40000000000042,TAKEOFF,5221.0,89.08888888888899,204.4444444444491,71.2,104.10000000000001,55.400000000000006,NORMAL,NORMAL
Healthy,48.50000000000042,TAKEOFF,5217.0,89.1111111111112,205.5555555555602,70.60000000000001,105.0,55.5,NORMAL,NORMAL
Healthy,48.60000000000042,TAKEOFF,5220.0,89.13333333333343,206.66666666667132,70.4,107.10000000000001,56.2,NORMAL,NORMAL
Healthy,48.70000000000042,TAKEOFF,5226.0,89.15555555555565,207.77777777778246,70.7,105.4,54.900000000000006,NORMAL,NORMAL
Healthy,48.80000000000042,TAKEOFF,5223.0,89.17777777777788,208.8888888888936,71.8,104.9,56.1,NORMAL,NORMAL
Healthy,48.900000000000425,TAKEOFF,5224.0,89.20000000000009,210.00000000000472,70.7,104.60000000000001,55.300000000000004,NORMAL,NORMAL
Healthy,49.000000000000426,TAKEOFF,5225.0,89.22222222222231,211.11111111111586,71.3,105.10000000000001,54.800000000000004,NORMAL,NORMAL
Healthy,49.10000000000043,TAKEOFF,5228.0,89.24444444444454,212.22222222222697,70.9,106.10000000000001,56.300000000000004,NORMAL,NORMAL
Healthy,49.20000000000043,TAKEOFF,5239.0,89.26666666666677,213.3333333333381,71.0,103.80000000000001,55.5,NORMAL,NORMAL
Healthy,49.30000000000043,TAKEOFF,5229.0,89.28888888888899,214.44444444444923,72.60000000000001,104.10000000000001,55.900000000000006,NORMAL,NORMAL
Healthy,49.40000000000043,TAKEOFF,5228.0,89.3111111111112,215.55555555556035,71.4,104.0,54.7,NORMAL,NORMAL
Healthy,49.50000000000043,TAKEOFF,5240.0,89.33333333333343,216.6666666666715,71.60000000000001,104.80000000000001,56.0,NORMAL,NORMAL
Healthy,49.600000000000435,TAKEOFF,5240.0,89.35555555555565,217.77777777778263,72.3,105.2,56.900000000000006,NORMAL,NORMAL
Healthy,49.700000000000436,TAKEOFF,5228.0,89.37777777777788,218.88888888889375,71.60000000000001,106.4,56.6,NORMAL,NORMAL
Healthy,49.80000000000044,TAKEOFF,5234.0,89.40000000000009,220.00000000000486,73.60000000000001,104.60000000000001,56.0,NORMAL,NORMAL
Healthy,49.90000000000044,TAKEOFF,5237.0,89.42222222222232,221.11111111111597,71.8,106.2,56.1,NORMAL,NORMAL
Healthy,50.00000000000044,TAKEOFF,5236.0,89.44444444444454,222.22222222222712,72.8,106.5,54.800000000000004,NORMAL,NORMAL
Healthy,50.10000000000044,TAKEOFF,5237.0,89.46666666666677,223.33333333333823,71.8,104.60000000000001,55.0,NORMAL,NORMAL
Healthy,50.20000000000044,TAKEOFF,5235.0,89.488888888889,224.44444444444935,72.5,106.0,56.2,NORMAL,NORMAL
Healthy,50.300000000000445,TAKEOFF,5243.0,89.5111111111112,225.55555555556052,74.2,105.10000000000001,55.800000000000004,NORMAL,NORMAL
Healthy,50.400000000000446,TAKEOFF,5235.0,89.53333333333343,226.66666666667163,72.4,103.60000000000001,55.7,NORMAL,NORMAL
Healthy,50.50000000000045,TAKEOFF,5242.0,89.55555555555566,227.77777777778275,73.3,105.0,55.1,NORMAL,NORMAL
Healthy,50.60000000000045,TAKEOFF,5248.0,89.57777777777788,228.8888888888939,73.9,106.30000000000001,54.2,NORMAL,NORMAL
Healthy,50.70000000000045,TAKEOFF,5243.0,89.6000000000001,230.000000000005,73.60000000000001,105.0,56.1,NORMAL,NORMAL
Healthy,50.80000000000045,TAKEOFF,5235.0,89.62222222222232,231.11111111111612,72.9,104.10000000000001,56.2,NORMAL,NORMAL
Healthy,50.90000000000045,TAKEOFF,5237.0,89.64444444444455,232.22222222222726,73.4,104.10000000000001,55.900000000000006,NORMAL,NORMAL
Healthy,51.000000000000455,TAKEOFF,5243.0,89.66666666666677,233.3333333333384,72.3,104.5,56.900000000000006,NORMAL,NORMAL
Healthy,51.100000000000456,TAKEOFF,5243.0,89.688888888889,234.44444444444952,73.5,103.5,55.2,NORMAL,NORMAL
Healthy,51.20000000000046,TAKEOFF,5241.0,89.71111111111121,235.55555555556066,73.4,105.5,56.5,NORMAL,NORMAL
Healthy,51.30000000000046,TAKEOFF,5249.0,89.73333333333343,236.66666666667177,72.9,106.30000000000001,56.400000000000006,NORMAL,NORMAL
Healthy,51.40000000000046,TAKEOFF,5250.0,89.75555555555566,237.7777777777829,74.8,105.4,56.800000000000004,NORMAL,NORMAL
Healthy,51.50000000000046,TAKEOFF,5257.0,89.77777777777789,238.888888888894,74.2,105.9,55.1,NORMAL,NORMAL
Healthy,51.60000000000046,TAKEOFF,5244.0,89.8000000000001,240.00000000000514,73.9,104.4,54.7,NORMAL,NORMAL
Healthy,51.700000000000465,TAKEOFF,5250.0,89.82222222222232,241.11111111111626,74.0,104.30000000000001,56.900000000000006,NORMAL,NORMAL
Healthy,51.800000000000466,TAKEOFF,5243.0,89.84444444444455,242.2222222222274,73.60000000000001,104.7,55.400000000000006,NORMAL,NORMAL
Healthy,51.90000000000047,TAKEOFF,5259.0,89.86666666666677,243.33333333333854,74.4,103.9,56.900000000000006,NORMAL,NORMAL
Healthy,52.00000000000047,TAKEOFF,5251.0,89.888888888889,244.44444444444966,74.8,103.30000000000001,57.400000000000006,NORMAL,NORMAL
Healthy,52.10000000000047,TAKEOFF,5260.0,89.91111111111121,245.55555555556077,73.60000000000001,103.5,56.7,NORMAL,NORMAL
Healthy,52.20000000000047,TAKEOFF,5253.0,89.93333333333344,246.66666666667192,73.9,105.10000000000001,56.7,NORMAL,NORMAL
Healthy,52.30000000000047,TAKEOFF,5261.0,89.95555555555566,247.77777777778303,74.2,105.30000000000001,56.7,NORMAL,NORMAL
Healthy,52.400000000000475,TAKEOFF,5262.0,89.97777777777789,248.88888888889414,74.2,103.80000000000001,55.5,NORMAL,NORMAL
Healthy,52.500000000000476,TAKEOFF,5251.0,90.0000000000001,250.0000000000053,73.3,104.9,56.7,NORMAL,NORMAL
Healthy,52.60000000000048,TAKEOFF,5253.0,90.02222222222233,251.1111111111164,75.7,104.60000000000001,57.900000000000006,NORMAL,NORMAL
Healthy,52.70000000000048,TAKEOFF,5252.0,90.04444444444455,252.22222222222757,74.2,104.2,57.300000000000004,NORMAL,NORMAL
Healthy,52.80000000000048,TAKEOFF,5264.0,90.06666666666678,253.3333333333387,74.7,105.5,56.400000000000006,NORMAL,NORMAL
Healthy,52.90000000000048,TAKEOFF,5263.0,90.088888888889,254.4444444444498,74.10000000000001,104.80000000000001,57.2,NORMAL,NORMAL
Healthy,53.00000000000048,TAKEOFF,5266.0,90.11111111111121,255.55555555556091,74.60000000000001,105.5,57.0,NORMAL,NORMAL
Healthy,53.100000000000485,TAKEOFF,5260.0,90.13333333333344,256.66666666667203,75.3,104.0,57.800000000000004,NORMAL,NORMAL
Healthy,53.200000000000486,TAKEOFF,5267.0,90.15555555555567,257.7777777777832,75.2,104.2,57.6,NORMAL,NORMAL
Healthy,53.30000000000049,TAKEOFF,5257.0,90.17777777777789,258.8888888888943,74.9,104.2,56.7,NORMAL,NORMAL
Healthy,53.40000000000049,TAKEOFF,5260.0,90.2000000000001,260.00000000000546,74.9,103.80000000000001,57.800000000000004,NORMAL,NORMAL
Healthy,53.50000000000049,TAKEOFF,5265.0,90.22222222222233,261.11111111111654,75.4,105.30000000000001,56.800000000000004,NORMAL,NORMAL
Healthy,53.60000000000049,TAKEOFF,5275.0,90.24444444444455,262.2222222222277,74.8,104.7,57.6,NORMAL,NORMAL
Healthy,53.70000000000049,TAKEOFF,5275.0,90.26666666666678,263.3333333333388,75.8,103.80000000000001,58.1,NORMAL,NORMAL
Healthy,53.800000000000495,TAKEOFF,5259.0,90.288888888889,264.4444444444499,76.5,104.2,58.300000000000004,NORMAL,NORMAL
Healthy,53.900000000000496,TAKEOFF,5270.0,90.31111111111122,265.55555555556106,75.7,103.60000000000001,56.900000000000006,NORMAL,NORMAL
Healthy,54.0000000000005,TAKEOFF,5270.0,90.33333333333344,266.6666666666722,75.9,107.30000000000001,58.1,NORMAL,NORMAL
Healthy,54.1000000000005,TAKEOFF,5274.0,90.35555555555567,267.77777777778334,75.60000000000001,104.80000000000001,57.300000000000004,NORMAL,NORMAL
Healthy,54.2000000000005,TAKEOFF,5273.0,90.3777777777779,268.8888888888944,76.0,103.9,58.0,NORMAL,NORMAL
Healthy,54.3000000000005,TAKEOFF,5279.0,90.4000000000001,270.00000000000557,76.10000000000001,105.4,57.1,NORMAL,NORMAL
Healthy,54.4000000000005,TAKEOFF,5268.0,90.42222222222233,271.1111111111167,75.4,107.30000000000001,57.5,NORMAL,NORMAL
Healthy,54.500000000000504,TAKEOFF,5281.0,90.44444444444456,272.2222222222278,76.0,105.10000000000001,56.900000000000006,NORMAL,NORMAL
Healthy,54.600000000000506,TAKEOFF,5271.0,90.46666666666678,273.333333333339,76.10000000000001,104.60000000000001,58.0,NORMAL,NORMAL
Healthy,54.70000000000051,TAKEOFF,5271.0,90.48888888888901,274.4444444444501,76.10000000000001,104.0,57.900000000000006,NORMAL,NORMAL
Healthy,54.80000000000051,TAKEOFF,5269.0,90.51111111111122,275.5555555555612,75.8,104.30000000000001,58.1,NORMAL,NORMAL
Healthy,54.90000000000051,TAKEOFF,5274.0,90.53333333333345,276.6666666666723,76.7,104.2,57.800000000000004,NORMAL,NORMAL
Healthy,55.00000000000051,TAKEOFF,5276.0,90.55555555555567,277.77777777778346,77.4,104.9,56.800000000000004,NORMAL,NORMAL
Healthy,55.10000000000051,TAKEOFF,5271.0,90.5777777777779,278.8888888888946,76.0,105.5,58.6,NORMAL,NORMAL
Healthy,55.200000000000514,TAKEOFF,5277.0,90.60000000000011,280.0000000000057,76.0,105.60000000000001,58.300000000000004,NORMAL,NORMAL
Healthy,55.300000000000516,TAKEOFF,5284.0,90.62222222222233,281.1111111111169,75.8,105.5,57.900000000000006,NORMAL,NORMAL
Healthy,55.40000000000052,TAKEOFF,5282.0,90.64444444444456,282.22222222222797,77.80000000000001,105.60000000000001,58.400000000000006,NORMAL,NORMAL
Healthy,55.50000000000052,TAKEOFF,5280.0,90.66666666666679,283.3333333333391,76.7,105.4,58.5,NORMAL,NORMAL
Healthy,55.60000000000052,TAKEOFF,5280.0,90.68888888888901,284.4444444444502,76.3,104.30000000000001,58.800000000000004,NORMAL,NORMAL
Healthy,55.70000000000052,TAKEOFF,5277.0,90.71111111111122,285.55555555556134,77.10000000000001,104.9,58.400000000000006,NORMAL,NORMAL
Healthy,55.80000000000052,TAKEOFF,5280.0,90.73333333333345,286.6666666666724,77.5,103.10000000000001,58.2,NORMAL,NORMAL
Healthy,55.900000000000524,TAKEOFF,5278.0,90.75555555555567,287.7777777777836,77.10000000000001,104.5,58.5,NORMAL,NORMAL
Healthy,56.000000000000526,TAKEOFF,5277.0,90.7777777777779,288.88888888889477,76.60000000000001,105.5,58.400000000000006,NORMAL,NORMAL
Healthy,56.10000000000053,TAKEOFF,5281.0,90.80000000000011,290.00000000000585,77.7,104.4,57.400000000000006,NORMAL,NORMAL
Healthy,56.20000000000053,TAKEOFF,5288.0,90.82222222222234,291.111111111117,76.5,105.0,58.7,NORMAL,NORMAL
Healthy,56.30000000000053,TAKEOFF,5289.0,90.84444444444456,292.2222222222281,77.4,104.5,57.400000000000006,NORMAL,NORMAL
Healthy,56.40000000000053,TAKEOFF,5284.0,90.86666666666679,293.3333333333392,77.5,106.0,58.900000000000006,NORMAL,NORMAL
Healthy,56.50000000000053,TAKEOFF,5288.0,90.88888888888901,294.44444444445037,77.7,104.10000000000001,59.1,NORMAL,NORMAL
Healthy,56.600000000000534,TAKEOFF,5280.0,90.91111111111123,295.5555555555615,77.10000000000001,103.10000000000001,57.900000000000006,NORMAL,NORMAL
Healthy,56.700000000000536,TAKEOFF,5291.0,90.93333333333345,296.66666666667265,77.60000000000001,105.7,58.900000000000006,NORMAL,NORMAL
Healthy,56.80000000000054,TAKEOFF,5284.0,90.95555555555568,297.77777777778374,77.9,104.9,58.900000000000006,NORMAL,NORMAL
Healthy,56.90000000000054,TAKEOFF,5290.0,90.9777777777779,298.8888888888949,77.5,104.60000000000001,59.300000000000004,NORMAL,NORMAL
Healthy,57.00000000000054,TAKEOFF,5290.0,91.00000000000011,300.00000000000597,77.7,105.10000000000001,58.6,NORMAL,NORMAL
Healthy,57.10000000000054,TAKEOFF,5293.0,91.02222222222234,301.1111111111171,78.0,104.5,58.400000000000006,NORMAL,NORMAL
Healthy,57.20000000000054,TAKEOFF,5293.0,91.04444444444457,302.22222222222825,77.2,104.2,58.800000000000004,NORMAL,NORMAL
Healthy,57.300000000000544,TAKEOFF,5294.0,91.06666666666679,303.3333333333394,78.2,103.7,59.2,NORMAL,NORMAL
Healthy,57.400000000000546,TAKEOFF,5306.0,91.08888888888902,304.44444444445054,78.7,105.7,60.2,NORMAL,NORMAL
Healthy,57.50000000000055,TAKEOFF,5301.0,91.11111111111123,305.5555555555616,78.4,105.80000000000001,59.5,NORMAL,NORMAL
Healthy,57.60000000000055,TAKEOFF,5299.0,91.13333333333345,306.66666666667277,77.0,104.7,58.900000000000006,NORMAL,NORMAL
Healthy,57.70000000000055,TAKEOFF,5300.0,91.15555555555568,307.77777777778385,78.30000000000001,105.4,59.300000000000004,NORMAL,NORMAL
Healthy,57.80000000000055,TAKEOFF,5298.0,91.1777777777779,308.88888888889505,77.4,104.0,58.400000000000006,NORMAL,NORMAL
Healthy,57.90000000000055,TAKEOFF,5299.0,91.20000000000013,310.00000000000614,77.60000000000001,105.7,59.1,NORMAL,NORMAL
Healthy,58.000000000000554,TAKEOFF,5300.0,91.22222222222234,311.1111111111173,77.60000000000001,105.5,59.1,NORMAL,NORMAL
Healthy,58.100000000000556,TAKEOFF,5305.0,91.24444444444457,312.2222222222284,77.10000000000001,107.5,59.1,NORMAL,NORMAL
Healthy,58.20000000000056,TAKEOFF,5293.0,91.2666666666668,313.3333333333395,78.30000000000001,106.0,59.300000000000004,NORMAL,NORMAL
Healthy,58.30000000000056,TAKEOFF,5300.0,91.288888888889,314.44444444445065,78.30000000000001,105.5,59.5,NORMAL,NORMAL
Healthy,58.40000000000056,TAKEOFF,5305.0,91.31111111111123,315.55555555556174,78.10000000000001,104.30000000000001,59.1,NORMAL,NORMAL
Healthy,58.50000000000056,TAKEOFF,5302.0,91.33333333333346,316.66666666667294,78.5,104.10000000000001,59.300000000000004,NORMAL,NORMAL
Healthy,58.60000000000056,TAKEOFF,5301.0,91.35555555555568,317.777777777784,78.2,106.10000000000001,59.7,NORMAL,NORMAL
Healthy,58.700000000000564,TAKEOFF,5300.0,91.37777777777791,318.88888888889517,78.30000000000001,104.80000000000001,59.800000000000004,NORMAL,NORMAL
Healthy,58.800000000000566,TAKEOFF,5298.0,91.40000000000012,320.00000000000625,78.0,103.60000000000001,59.5,NORMAL,NORMAL
Healthy,58.90000000000057,TAKEOFF,5304.0,91.42222222222235,321.1111111111174,78.10000000000001,105.4,60.800000000000004,NORMAL,NORMAL
Healthy,59.00000000000057,TAKEOFF,5309.0,91.44444444444457,322.22222222222854,79.7,104.60000000000001,59.400000000000006,NORMAL,NORMAL
Healthy,59.10000000000057,TAKEOFF,5304.0,91.4666666666668,323.3333333333397,78.30000000000001,105.10000000000001,60.2,NORMAL,NORMAL
Healthy,59.20000000000057,TAKEOFF,5317.0,91.48888888888902,324.4444444444508,78.60000000000001,106.7,58.2,NORMAL,NORMAL
Healthy,59.30000000000057,TAKEOFF,5305.0,91.51111111111123,325.5555555555619,79.4,105.60000000000001,60.0,NORMAL,NORMAL
Healthy,59.400000000000574,TAKEOFF,5315.0,91.53333333333346,326.66666666667305,78.9,104.7,60.1,NORMAL,NORMAL
Healthy,59.500000000000576,TAKEOFF,5313.0,91.55555555555569,327.77777777778414,79.4,104.5,59.2,NORMAL,NORMAL
Healthy,59.60000000000058,TAKEOFF,5306.0,91.57777777777791,328.8888888888953,79.0,105.10000000000001,59.6,NORMAL,NORMAL
Healthy,59.70000000000058,TAKEOFF,5309.0,91.60000000000012,330.0000000000064,79.5,104.60000000000001,60.0,NORMAL,NORMAL
Healthy,59.80000000000058,TAKEOFF,5309.0,91.62222222222235,331.11111111111757,79.4,103.0,60.5,NORMAL,NORMAL
Healthy,59.90000000000058,TAKEOFF,5311.0,91.64444444444457,332.2222222222287,79.5,104.2,60.300000000000004,NORMAL,NORMAL
Healthy,60.00000000000058,TAKEOFF,5313.0,91.6666666666668,333.3333333333398,78.80000000000001,103.80000000000001,61.300000000000004,NORMAL,NORMAL
Healthy,60.100000000000584,TAKEOFF,5311.0,91.68888888888902,334.44444444445094,79.10000000000001,105.2,59.900000000000006,NORMAL,NORMAL
Healthy,60.200000000000585,TAKEOFF,5321.0,91.71111111111124,335.555555555562,79.2,102.7,59.300000000000004,NORMAL,NORMAL
Healthy,60.30000000000059,TAKEOFF,5331.0,91.73333333333346,336.66666666667317,79.4,104.9,59.900000000000006,NORMAL,NORMAL
Healthy,60.40000000000059,TAKEOFF,5312.0,91.75555555555569,337.77777777778437,79.5,105.80000000000001,59.6,NORMAL,NORMAL
Healthy,60.50000000000059,TAKEOFF,5313.0,91.77777777777791,338.88888888889545,80.10000000000001,103.5,60.2,NORMAL,NORMAL
Healthy,60.60000000000059,TAKEOFF,5316.0,91.80000000000013,340.0000000000066,79.5,104.10000000000001,60.7,NORMAL,NORMAL
Healthy,60.70000000000059,TAKEOFF,5312.0,91.82222222222235,341.1111111111177,78.7,107.10000000000001,60.0,NORMAL,NORMAL
Healthy,60.800000000000594,TAKEOFF,5328.0,91.84444444444458,342.2222222222288,80.4,104.2,60.0,NORMAL,NORMAL
Healthy,60.900000000000595,TAKEOFF,5325.0,91.8666666666668,343.3333333333399,79.10000000000001,105.80000000000001,61.1,NORMAL,NORMAL
Healthy,61.0000000000006,TAKEOFF,5324.0,91.88888888888903,344.4444444444511,80.0,105.5,60.1,NORMAL,NORMAL
Healthy,61.1000000000006,TAKEOFF,5321.0,91.91111111111124,345.5555555555622,79.60000000000001,104.9,60.800000000000004,NORMAL,NORMAL
Healthy,61.2000000000006,TAKEOFF,5325.0,91.93333333333347,346.66666666667334,79.30000000000001,107.0,60.1,NORMAL,NORMAL
Healthy,61.3000000000006,TAKEOFF,5334.0,91.95555555555569,347.7777777777845,80.2,105.0,59.900000000000006,NORMAL,NORMAL
Healthy,61.4000000000006,TAKEOFF,5329.0,91.97777777777792,348.88888888889556,80.0,105.2,59.800000000000004,NORMAL,NORMAL
Healthy,61.500000000000604,TAKEOFF,5330.0,92.00000000000013,350.0000000000067,80.30000000000001,105.60000000000001,61.400000000000006,NORMAL,NORMAL
Healthy,61.600000000000605,TAKEOFF,5335.0,92.02222222222235,351.1111111111178,81.0,105.10000000000001,60.900000000000006,NORMAL,NORMAL
Healthy,61.70000000000061,TAKEOFF,5326.0,92.04444444444458,352.222222222229,80.80000000000001,104.30000000000001,61.300000000000004,NORMAL,NORMAL
Healthy,61.80000000000061,TAKEOFF,5323.0,92.0666666666668,353.3333333333401,79.7,104.80000000000001,61.2,NORMAL,NORMAL
Healthy,61.90000000000061,TAKEOFF,5331.0,92.08888888888903,354.4444444444512,80.60000000000001,105.60000000000001,61.800000000000004,NORMAL,NORMAL
Healthy,62.00000000000061,TAKEOFF,5330.0,92.11111111111124,355.55555555556236,80.30000000000001,105.4,61.6,NORMAL,NORMAL
Healthy,62.10000000000061,TAKEOFF,5334.0,92.13333333333347,356.66666666667345,79.4,104.5,61.6,NORMAL,NORMAL
Healthy,62.200000000000614,TAKEOFF,5323.0,92.1555555555557,357.7777777777846,80.4,104.80000000000001,61.1,NORMAL,NORMAL
Healthy,62.300000000000615,TAKEOFF,5342.0,92.17777777777792,358.88888888889574,80.5,105.10000000000001,61.7,NORMAL,NORMAL
Healthy,62.40000000000062,TAKEOFF,5336.0,92.20000000000013,360.0000000000069,80.80000000000001,105.9,62.1,NORMAL,NORMAL
Healthy,62.50000000000062,TAKEOFF,5329.0,92.22222222222236,361.11111111111796,80.80000000000001,106.30000000000001,60.2,NORMAL,NORMAL
Healthy,62.60000000000062,TAKEOFF,5337.0,92.24444444444458,362.2222222222291,81.0,104.5,61.2,NORMAL,NORMAL
Healthy,62.70000000000062,TAKEOFF,5336.0,92.26666666666681,363.33333333334025,81.0,106.7,62.0,NORMAL,NORMAL
Healthy,62.80000000000062,TAKEOFF,5330.0,92.28888888888903,364.44444444445134,80.7,103.60000000000001,62.1,NORMAL,NORMAL
Healthy,62.900000000000624,TAKEOFF,5341.0,92.31111111111125,365.5555555555625,80.4,104.80000000000001,61.2,NORMAL,NORMAL
Healthy,63.000000000000625,TAKEOFF,5346.0,92.33333333333347,366.6666666666736,79.9,107.2,60.7,NORMAL,NORMAL
Healthy,63.10000000000063,TAKEOFF,5334.0,92.3555555555557,367.77777777778476,81.7,105.5,61.2,NORMAL,NORMAL
Healthy,63.20000000000063,TAKEOFF,5335.0,92.37777777777792,368.88888888889585,80.7,106.2,61.0,NORMAL,NORMAL
Healthy,63.30000000000063,TAKEOFF,5343.0,92.40000000000013,370.000000000007,81.0,105.10000000000001,61.5,NORMAL,NORMAL
Healthy,63.40000000000063,TAKEOFF,5340.0,92.42222222222236,371.11111111111813,80.60000000000001,104.9,61.400000000000006,NORMAL,NORMAL
Healthy,63.50000000000063,TAKEOFF,5340.0,92.44444444444458,372.2222222222292,81.2,105.5,61.6,NORMAL,NORMAL
Healthy,63.600000000000634,TAKEOFF,5352.0,92.46666666666681,373.3333333333404,81.2,104.0,61.400000000000006,NORMAL,NORMAL
Healthy,63.700000000000635,TAKEOFF,5351.0,92.48888888888904,374.4444444444515,81.0,104.0,61.800000000000004,NORMAL,NORMAL
Healthy,63.80000000000064,TAKEOFF,5343.0,92.51111111111125,375.55555555556265,80.80000000000001,106.60000000000001,62.300000000000004,NORMAL,NORMAL
Healthy,63.90000000000064,TAKEOFF,5347.0,92.53333333333347,376.66666666667373,80.9,104.4,61.5,NORMAL,NORMAL
Healthy,64.00000000000064,TAKEOFF,5349.0,92.5555555555557,377.7777777777849,80.2,104.60000000000001,62.0,NORMAL,NORMAL
Healthy,64.10000000000063,TAKEOFF,5345.0,92.57777777777792,378.88888888889596,80.0,105.5,62.300000000000004,NORMAL,NORMAL
Healthy,64.20000000000063,TAKEOFF,5351.0,92.60000000000014,380.000000000007,80.60000000000001,104.60000000000001,61.900000000000006,NORMAL,NORMAL
Healthy,64.30000000000062,TAKEOFF,5364.0,92.62222222222236,381.111111111118,80.4,103.80000000000001,60.7,NORMAL,NORMAL
Healthy,64.40000000000062,TAKEOFF,5352.0,92.64444444444459,382.22222222222905,81.5,104.5,61.5,NORMAL,NORMAL
Healthy,64.50000000000061,TAKEOFF,5341.0,92.6666666666668,383.33333333334014,80.9,105.4,61.7,NORMAL,NORMAL
Healthy,64.6000000000006,TAKEOFF,5351.0,92.68888888888902,384.4444444444512,80.9,104.60000000000001,61.900000000000006,NORMAL,NORMAL
Healthy,64.7000000000006,TAKEOFF,5347.0,92.71111111111125,385.5555555555622,81.10000000000001,105.10000000000001,60.5,NORMAL,NORMAL
Healthy,64.8000000000006,TAKEOFF,5358.0,92.73333333333346,386.6666666666733,81.5,106.60000000000001,61.5,NORMAL,NORMAL
Healthy,64.90000000000059,TAKEOFF,5355.0,92.75555555555569,387.7777777777843,81.60000000000001,104.10000000000001,63.0,NORMAL,NORMAL
Healthy,65.00000000000058,TAKEOFF,5349.0,92.77777777777791,388.8888888888954,80.7,106.0,61.2,NORMAL,NORMAL
Healthy,65.10000000000058,TAKEOFF,5352.0,92.80000000000013,390.0000000000064,82.30000000000001,104.9,62.300000000000004,NORMAL,NORMAL
Healthy,65.20000000000057,TAKEOFF,5355.0,92.82222222222235,391.11111111111745,81.5,104.30000000000001,62.800000000000004,NORMAL,NORMAL
Healthy,65.30000000000057,TAKEOFF,5351.0,92.84444444444458,392.22222222222854,81.5,104.7,61.900000000000006,NORMAL,NORMAL
Healthy,65.40000000000056,TAKEOFF,5362.0,92.86666666666679,393.3333333333395,81.2,104.0,62.1,NORMAL,NORMAL
Healthy,65.50000000000055,TAKEOFF,5363.0,92.88888888888901,394.4444444444506,81.80000000000001,105.9,62.2,NORMAL,NORMAL
Healthy,65.60000000000055,TAKEOFF,5355.0,92.91111111111124,395.5555555555617,82.7,104.80000000000001,61.900000000000006,NORMAL,NORMAL
Healthy,65.70000000000054,TAKEOFF,5359.0,92.93333333333345,396.6666666666727,82.30000000000001,105.80000000000001,62.900000000000006,NORMAL,NORMAL
Healthy,65.80000000000054,TAKEOFF,5354.0,92.95555555555568,397.77777777778374,81.4,104.4,62.300000000000004,NORMAL,NORMAL
Healthy,65.90000000000053,TAKEOFF,5353.0,92.9777777777779,398.88888888889477,82.60000000000001,103.7,62.400000000000006,NORMAL,NORMAL
Healthy,66.00000000000053,TAKEOFF,5359.0,93.00000000000011,400.00000000000585,82.4,106.10000000000001,62.1,NORMAL,NORMAL
Healthy,66.10000000000052,TAKEOFF,5359.0,93.02222222222234,401.11111111111694,81.9,104.2,62.0,NORMAL,NORMAL
Healthy,66.20000000000051,TAKEOFF,5363.0,93.04444444444457,402.2222222222279,81.60000000000001,104.7,63.1,NORMAL,NORMAL
Healthy,66.30000000000051,TAKEOFF,5365.0,93.06666666666678,403.333333333339,81.80000000000001,105.5,62.7,NORMAL,NORMAL
Healthy,66.4000000000005,TAKEOFF,5361.0,93.088888888889,404.44444444445,81.10000000000001,107.30000000000001,61.5,NORMAL,NORMAL
Healthy,66.5000000000005,TAKEOFF,5377.0,93.11111111111123,405.5555555555611,81.4,106.7,61.400000000000006,NORMAL,NORMAL
Healthy,66.60000000000049,TAKEOFF,5360.0,93.13333333333344,406.66666666667214,82.80000000000001,105.30000000000001,62.1,NORMAL,NORMAL
Healthy,66.70000000000049,TAKEOFF,5361.0,93.15555555555567,407.7777777777832,81.9,105.80000000000001,62.0,NORMAL,NORMAL
Healthy,66.80000000000048,TAKEOFF,5371.0,93.17777777777789,408.88888888889426,82.30000000000001,105.4,63.900000000000006,NORMAL,NORMAL
Healthy,66.90000000000047,TAKEOFF,5361.0,93.2000000000001,410.00000000000523,81.60000000000001,104.4,63.400000000000006,NORMAL,NORMAL
Healthy,67.00000000000047,TAKEOFF,5378.0,93.22222222222233,411.1111111111163,82.80000000000001,105.80000000000001,62.300000000000004,NORMAL,NORMAL
Healthy,67.10000000000046,TAKEOFF,5363.0,93.24444444444455,412.2222222222274,81.9,104.10000000000001,62.5,NORMAL,NORMAL
Healthy,67.20000000000046,TAKEOFF,5365.0,93.26666666666677,413.33333333333843,83.2,103.2,63.900000000000006,NORMAL,NORMAL
Healthy,67.30000000000045,TAKEOFF,5375.0,93.28888888888899,414.44444444444946,82.60000000000001,104.4,62.0,NORMAL,NORMAL
Healthy,67.40000000000045,TAKEOFF,5369.0,93.31111111111122,415.5555555555605,81.9,103.5,63.0,NORMAL,NORMAL
Healthy,67.50000000000044,TAKEOFF,5370.0,93.33333333333343,416.6666666666716,82.4,104.2,64.10000000000001,NORMAL,NORMAL
Healthy,67.60000000000043,TAKEOFF,5377.0,93.35555555555565,417.77777777778266,82.5,107.2,63.300000000000004,NORMAL,NORMAL
Healthy,67.70000000000043,TAKEOFF,5377.0,93.37777777777788,418.88888888889363,82.7,105.4,63.900000000000006,NORMAL,NORMAL
Healthy,67.80000000000042,TAKEOFF,5368.0,93.40000000000009,420.0000000000047,81.80000000000001,105.9,62.5,NORMAL,NORMAL
Healthy,67.90000000000042,TAKEOFF,5372.0,93.42222222222232,421.11111111111575,83.9,106.9,64.8,NORMAL,NORMAL
Healthy,68.00000000000041,TAKEOFF,5370.0,93.44444444444454,422.22222222222683,81.80000000000001,104.30000000000001,64.2,NORMAL,NORMAL
Healthy,68.1000000000004,TAKEOFF,5376.0,93.46666666666675,423.33333333333786,81.80000000000001,104.0,62.800000000000004,NORMAL,NORMAL
Healthy,68.2000000000004,TAKEOFF,5368.0,93.48888888888898,424.4444444444489,81.60000000000001,104.80000000000001,64.4,NORMAL,NORMAL
Healthy,68.3000000000004,TAKEOFF,5378.0,93.5111111111112,425.55555555556,82.80000000000001,105.9,62.900000000000006,NORMAL,NORMAL
Healthy,68.40000000000039,TAKEOFF,5375.0,93.53333333333342,426.66666666667095,81.4,106.4,63.7,NORMAL,NORMAL
Healthy,68.50000000000038,TAKEOFF,5380.0,93.55555555555564,427.77777777778203,82.4,106.5,63.6,NORMAL,NORMAL
Healthy,68.60000000000038,TAKEOFF,5385.0,93.57777777777787,428.8888888888931,82.60000000000001,103.7,63.0,NORMAL,NORMAL
Healthy,68.70000000000037,TAKEOFF,5373.0,93.60000000000008,430.00000000000415,81.80000000000001,107.30000000000001,64.2,NORMAL,NORMAL
Healthy,68.80000000000037,TAKEOFF,5386.0,93.6222222222223,431.1111111111152,81.9,105.4,65.10000000000001,NORMAL,NORMAL
Healthy,68.90000000000036,TAKEOFF,5378.0,93.64444444444453,432.2222222222262,83.0,103.5,63.400000000000006,NORMAL,NORMAL
Healthy,69.00000000000036,TAKEOFF,5382.0,93.66666666666674,433.3333333333373,83.30000000000001,104.9,62.800000000000004,NORMAL,NORMAL
Healthy,69.10000000000035,TAKEOFF,5378.0,93.68888888888897,434.4444444444484,82.4,104.2,63.6,NORMAL,NORMAL
Healthy,69.20000000000034,TAKEOFF,5378.0,93.7111111111112,435.55555555555935,82.4,106.2,64.60000000000001,NORMAL,NORMAL
Healthy,69.30000000000034,TAKEOFF,5380.0,93.7333333333334,436.66666666667044,82.60000000000001,105.80000000000001,63.900000000000006,NORMAL,NORMAL
Healthy,69.40000000000033,TAKEOFF,5386.0,93.75555555555563,437.77777777778147,84.0,104.4,63.7,NORMAL,NORMAL
Healthy,69.50000000000033,TAKEOFF,5386.0,93.77777777777786,438.88888888889255,81.9,104.2,64.0,NORMAL,NORMAL
Healthy,69.60000000000032,TAKEOFF,5381.0,93.80000000000007,440.0000000000036,83.10000000000001,105.10000000000001,64.10000000000001,NORMAL,NORMAL
Healthy,69.70000000000032,TAKEOFF,5390.0,93.8222222222223,441.1111111111146,84.10000000000001,105.2,63.900000000000006,NORMAL,NORMAL
Healthy,69.80000000000031,TAKEOFF,5380.0,93.84444444444452,442.2222222222257,83.60000000000001,105.5,64.2,NORMAL,NORMAL
Healthy,69.9000000000003,TAKEOFF,5391.0,93.86666666666673,443.33333333333667,82.7,105.30000000000001,64.7,NORMAL,NORMAL
Healthy,70.0000000000003,TAKEOFF,5391.0,93.88888888888896,444.44444444444775,82.9,106.4,64.10000000000001,NORMAL,NORMAL
Healthy,70.10000000000029,TAKEOFF,5389.0,93.91111111111118,445.55555555555884,84.0,104.80000000000001,64.9,NORMAL,NORMAL
Healthy,70.20000000000029,TAKEOFF,5390.0,93.9333333333334,446.66666666666987,83.0,106.0,63.7,NORMAL,NORMAL
Healthy,70.30000000000028,TAKEOFF,5404.0,93.95555555555562,447.7777777777809,82.7,104.0,64.7,NORMAL,NORMAL
Healthy,70.40000000000028,TAKEOFF,5395.0,93.97777777777785,448.8888888888919,83.10000000000001,105.2,63.7,NORMAL,NORMAL
Healthy,70.50000000000027,TAKEOFF,5384.0,94.00000000000006,450.000000000003,82.60000000000001,103.60000000000001,63.2,NORMAL,NORMAL
Healthy,70.60000000000026,TAKEOFF,5392.0,94.02222222222228,451.1111111111141,82.80000000000001,105.60000000000001,64.8,NORMAL,NORMAL
Healthy,70.70000000000026,TAKEOFF,5384.0,94.04444444444451,452.22222222222507,82.80000000000001,106.30000000000001,63.6,NORMAL,NORMAL
Healthy,70.80000000000025,TAKEOFF,5406.0,94.06666666666672,453.33333333333616,83.0,106.30000000000001,64.10000000000001,NORMAL,NORMAL
Healthy,70.90000000000025,TAKEOFF,5393.0,94.08888888888895,454.4444444444472,83.60000000000001,105.9,63.6,NORMAL,NORMAL
Healthy,71.00000000000024,TAKEOFF,5391.0,94.11111111111117,455.55555555555827,83.2,105.80000000000001,65.0,NORMAL,NORMAL
Healthy,71.10000000000024,TAKEOFF,5398.0,94.13333333333338,456.6666666666693,83.5,105.9,64.4,NORMAL,NORMAL
Healthy,71.20000000000023,TAKEOFF,5405.0,94.15555555555561,457.77777777778033,84.10000000000001,104.0,64.60000000000001,NORMAL,NORMAL
Healthy,71.30000000000022,TAKEOFF,5396.0,94.17777777777783,458.8888888888914,82.30000000000001,106.80000000000001,64.60000000000001,NORMAL,NORMAL
Healthy,71.40000000000022,TAKEOFF,5399.0,94.20000000000005,460.0000000000024,82.9,103.4,64.2,NORMAL,NORMAL
Healthy,71.50000000000021,TAKEOFF,5408.0,94.22222222222227,461.1111111111135,83.0,104.7,64.0,NORMAL,NORMAL
Healthy,71.60000000000021,TAKEOFF,5407.0,94.2444444444445,462.22222222222456,84.30000000000001,106.2,65.5,NORMAL,NORMAL
Healthy,71.7000000000002,TAKEOFF,5407.0,94.26666666666671,463.3333333333356,83.60000000000001,105.2,63.6,NORMAL,NORMAL
Healthy,71.8000000000002,TAKEOFF,5409.0,94.28888888888893,464.4444444444466,84.0,104.5,64.2,NORMAL,NORMAL
Healthy,71.90000000000019,TAKEOFF,5403.0,94.31111111111116,465.55555555555765,82.60000000000001,103.9,64.0,NORMAL,NORMAL
Healthy,72.00000000000018,TAKEOFF,5411.0,94.33333333333337,466.66666666666873,83.0,106.10000000000001,64.8,NORMAL,NORMAL
Healthy,72.10000000000018,TAKEOFF,5403.0,94.3555555555556,467.7777777777798,83.9,104.0,63.800000000000004,NORMAL,NORMAL
Healthy,72.20000000000017,TAKEOFF,5397.0,94.37777777777782,468.8888888888908,82.7,104.60000000000001,65.10000000000001,NORMAL,NORMAL
Healthy,72.30000000000017,TAKEOFF,5408.0,94.40000000000003,470.0000000000019,84.10000000000001,105.4,64.10000000000001,NORMAL,NORMAL
Healthy,72.40000000000016,TAKEOFF,5410.0,94.42222222222226,471.1111111111129,84.2,104.9,65.0,NORMAL,NORMAL
Healthy,72.50000000000016,TAKEOFF,5413.0,94.44444444444449,472.222222222224,83.2,104.5,65.10000000000001,NORMAL,NORMAL
Healthy,72.60000000000015,TAKEOFF,5413.0,94.4666666666667,473.333333333335,83.5,103.5,65.60000000000001,NORMAL,NORMAL
Healthy,72.70000000000014,TAKEOFF,5407.0,94.48888888888892,474.44444444444605,83.9,103.60000000000001,65.7,NORMAL,NORMAL
Healthy,72.80000000000014,TAKEOFF,5417.0,94.51111111111115,475.55555555555713,83.5,104.5,64.8,NORMAL,NORMAL
Healthy,72.90000000000013,TAKEOFF,5406.0,94.53333333333336,476.6666666666681,83.9,107.30000000000001,64.9,NORMAL,NORMAL
Healthy,73.00000000000013,TAKEOFF,5414.0,94.55555555555559,477.7777777777792,83.5,104.5,65.7,NORMAL,NORMAL
Healthy,73.10000000000012,TAKEOFF,5412.0,94.57777777777781,478.8888888888903,83.5,106.30000000000001,65.5,NORMAL,NORMAL
Healthy,73.20000000000012,TAKEOFF,5419.0,94.60000000000002,480.0000000000013,84.30000000000001,106.30000000000001,64.2,NORMAL,NORMAL
Healthy,73.30000000000011,TAKEOFF,5422.0,94.62222222222225,481.11111111111234,83.30000000000001,105.2,65.0,NORMAL,NORMAL
Healthy,73.4000000000001,TAKEOFF,5418.0,94.64444444444447,482.22222222222337,83.30000000000001,104.0,63.900000000000006,NORMAL,NORMAL
Healthy,73.5000000000001,TAKEOFF,5414.0,94.66666666666669,483.33333333333445,84.60000000000001,105.0,65.8,NORMAL,NORMAL
Healthy,73.6000000000001,TAKEOFF,5416.0,94.68888888888891,484.44444444444554,84.30000000000001,105.0,65.8,NORMAL,NORMAL
Healthy,73.70000000000009,TAKEOFF,5414.0,94.71111111111114,485.5555555555565,83.4,103.30000000000001,64.60000000000001,NORMAL,NORMAL
Healthy,73.80000000000008,TAKEOFF,5415.0,94.73333333333335,486.6666666666676,83.30000000000001,104.10000000000001,65.0,NORMAL,NORMAL
Healthy,73.90000000000008,TAKEOFF,5423.0,94.75555555555557,487.7777777777786,84.30000000000001,104.9,65.2,NORMAL,NORMAL
Healthy,74.00000000000007,TAKEOFF,5425.0,94.7777777777778,488.8888888888897,83.7,104.5,66.2,NORMAL,NORMAL
Healthy,74.10000000000007,TAKEOFF,5417.0,94.80000000000001,490.00000000000074,84.60000000000001,105.10000000000001,65.8,NORMAL,NORMAL
Healthy,74.20000000000006,TAKEOFF,5417.0,94.82222222222224,491.11111111111177,83.9,104.0,64.9,NORMAL,NORMAL
Healthy,74.30000000000005,TAKEOFF,5418.0,94.84444444444446,492.22222222222285,84.5,104.9,66.4,NORMAL,NORMAL
Healthy,74.40000000000005,TAKEOFF,5424.0,94.86666666666667,493.3333333333338,83.60000000000001,104.9,66.2,NORMAL,NORMAL
Healthy,74.50000000000004,TAKEOFF,5421.0,94.8888888888889,494.4444444444449,83.80000000000001,104.5,65.5,NORMAL,NORMAL
Healthy,74.60000000000004,TAKEOFF,5421.0,94.91111111111113,495.555555555556,83.7,104.7,65.4,NORMAL,NORMAL
Healthy,74.70000000000003,TAKEOFF,5433.0,94.93333333333334,496.666666666667,83.0,104.7,66.2,NORMAL,NORMAL
Healthy,74.80000000000003,TAKEOFF,5431.0,94.95555555555556,497.77777777777806,84.4,104.2,65.7,NORMAL,NORMAL
Healthy,74.90000000000002,TAKEOFF,5435.0,94.97777777777779,498.8888888888891,84.0,105.9,66.60000000000001,NORMAL,NORMAL
Healthy,75.00000000000001,CLIMB,5419.0,90.0,500.0000000000005,84.0,105.10000000000001,64.3,NORMAL,NORMAL
Healthy,75.10000000000001,CLIMB,5415.0,89.99333333333334,503.75000000000034,83.7,103.10000000000001,66.10000000000001,NORMAL,NORMAL
Healthy,75.2,CLIMB,5410.0,89.98666666666666,507.5000000000001,85.80000000000001,104.4,66.2,NORMAL,NORMAL
Healthy,75.3,CLIMB,5412.0,89.98,511.2499999999999,84.30000000000001,102.4,66.0,NORMAL,NORMAL
Healthy,75.39999999999999,CLIMB,5400.0,89.97333333333333,514.9999999999997,84.10000000000001,103.5,65.10000000000001,NORMAL,NORMAL
Healthy,75.49999999999999,CLIMB,5400.0,89.96666666666667,518.7499999999994,84.4,103.9,66.60000000000001,NORMAL,NORMAL
Healthy,75.59999999999998,CLIMB,5397.0,89.96000000000001,522.4999999999992,84.5,102.5,66.60000000000001,NORMAL,NORMAL
Healthy,75.69999999999997,CLIMB,5400.0,89.95333333333333,526.2499999999991,83.9,102.7,65.7,NORMAL,NORMAL
Healthy,75.79999999999997,CLIMB,5385.0,89.94666666666667,529.9999999999989,84.5,102.7,66.10000000000001,NORMAL,NORMAL
Healthy,75.89999999999996,CLIMB,5394.0,89.94,533.7499999999986,83.9,104.2,66.60000000000001,NORMAL,NORMAL
Healthy,75.99999999999996,CLIMB,5389.0,89.93333333333334,537.4999999999984,82.80000000000001,102.10000000000001,66.0,NORMAL,NORMAL
Healthy,76.09999999999995,CLIMB,5387.0,89.92666666666668,541.2499999999982,83.9,103.5,67.4,NORMAL,NORMAL
Healthy,76.19999999999995,CLIMB,5387.0,89.92,544.999999999998,84.10000000000001,103.0,66.3,NORMAL,NORMAL
Healthy,76.29999999999994,CLIMB,5388.0,89.91333333333334,548.7499999999977,83.80000000000001,102.4,66.5,NORMAL,NORMAL
Healthy,76.39999999999993,CLIMB,5383.0,89.90666666666667,552.4999999999975,85.10000000000001,102.80000000000001,66.2,NORMAL,NORMAL
Healthy,76.49999999999993,CLIMB,5374.0,89.9,556.2499999999974,84.2,103.9,66.0,NORMAL,NORMAL
Healthy,76.59999999999992,CLIMB,5380.0,89.89333333333335,559.9999999999972,83.7,100.9,66.0,NORMAL,NORMAL
Healthy,76.69999999999992,CLIMB,5380.0,89.88666666666667,563.7499999999969,84.60000000000001,103.30000000000001,66.4,NORMAL,NORMAL
Healthy,76.79999999999991,CLIMB,5386.0,89.88000000000001,567.4999999999967,84.0,103.30000000000001,67.2,NORMAL,NORMAL
Healthy,76.8999999999999,CLIMB,5384.0,89.87333333333333,571.2499999999965,83.9,101.7,67.10000000000001,NORMAL,NORMAL
Healthy,76.9999999999999,CLIMB,5379.0,89.86666666666667,574.9999999999962,83.2,99.9,66.3,NORMAL,NORMAL
Healthy,77.0999999999999,CLIMB,5368.0,89.86000000000001,578.749999999996,84.30000000000001,102.9,67.0,NORMAL,NORMAL
Healthy,77.19999999999989,CLIMB,5368.0,89.85333333333334,582.4999999999959,84.9,101.9,67.0,NORMAL,NORMAL
Healthy,77.29999999999988,CLIMB,5374.0,89.84666666666668,586.2499999999957,83.80000000000001,100.80000000000001,66.2,NORMAL,NORMAL
Healthy,77.39999999999988,CLIMB,5371.0,89.84,589.9999999999955,83.9,102.80000000000001,66.2,NORMAL,NORMAL
Healthy,77.49999999999987,CLIMB,5368.0,89.83333333333334,593.7499999999952,83.9,103.30000000000001,67.60000000000001,NORMAL,NORMAL
Healthy,77.59999999999987,CLIMB,5372.0,89.82666666666668,597.499999999995,84.4,102.30000000000001,65.7,NORMAL,NORMAL
Healthy,77.69999999999986,CLIMB,5371.0,89.82000000000001,601.2499999999948,83.7,102.10000000000001,67.4,NORMAL,NORMAL
Healthy,77.79999999999986,CLIMB,5370.0,89.81333333333335,604.9999999999945,84.30000000000001,102.80000000000001,66.5,NORMAL,NORMAL
Healthy,77.89999999999985,CLIMB,5369.0,89.80666666666667,608.7499999999943,84.2,102.10000000000001,65.8,NORMAL,NORMAL
Healthy,77.99999999999984,CLIMB,5367.0,89.80000000000001,612.4999999999941,83.7,101.5,66.60000000000001,NORMAL,NORMAL
Healthy,78.09999999999984,CLIMB,5374.0,89.79333333333335,616.249999999994,83.80000000000001,102.30000000000001,66.60000000000001,NORMAL,NORMAL
Healthy,78.19999999999983,CLIMB,5370.0,89.78666666666668,619.9999999999937,84.10000000000001,102.9,67.5,NORMAL,NORMAL
Healthy,78.29999999999983,CLIMB,5365.0,89.78000000000002,623.7499999999935,83.9,102.60000000000001,68.2,NORMAL,NORMAL
Healthy,78.39999999999982,CLIMB,5368.0,89.77333333333334,627.4999999999933,84.4,101.7,66.60000000000001,NORMAL,NORMAL
Healthy,78.49999999999982,CLIMB,5354.0,89.76666666666668,631.2499999999931,84.2,103.7,67.3,NORMAL,NORMAL
Healthy,78.59999999999981,CLIMB,5362.0,89.76000000000002,634.9999999999928,83.10000000000001,100.80000000000001,66.8,NORMAL,NORMAL
Healthy,78.6999999999998,CLIMB,5366.0,89.75333333333334,638.7499999999926,84.4,101.5,66.60000000000001,NORMAL,NORMAL
Healthy,78.7999999999998,CLIMB,5370.0,89.74666666666668,642.4999999999924,83.80000000000001,101.2,66.8,NORMAL,NORMAL
Healthy,78.89999999999979,CLIMB,5359.0,89.74000000000001,646.2499999999923,84.10000000000001,101.5,67.60000000000001,NORMAL,NORMAL
Healthy,78.99999999999979,CLIMB,5360.0,89.73333333333335,649.999999999992,83.5,103.2,67.3,NORMAL,NORMAL
Healthy,79.09999999999978,CLIMB,5365.0,89.72666666666669,653.7499999999918,83.9,102.7,66.8,NORMAL,NORMAL
Healthy,79.19999999999978,CLIMB,5358.0,89.72000000000001,657.4999999999916,84.7,100.80000000000001,67.4,NORMAL,NORMAL
Healthy,79.29999999999977,CLIMB,5367.0,89.71333333333335,661.2499999999914,84.30000000000001,103.0,67.60000000000001,NORMAL,NORMAL
Healthy,79.39999999999976,CLIMB,5366.0,89.70666666666668,664.9999999999911,84.30000000000001,102.9,68.10000000000001,NORMAL,NORMAL
Healthy,79.49999999999976,CLIMB,5367.0,89.70000000000002,668.7499999999909,84.9,102.0,68.3,NORMAL,NORMAL
Healthy,79.59999999999975,CLIMB,5366.0,89.69333333333336,672.4999999999907,84.4,102.2,66.7,NORMAL,NORMAL
Healthy,79.69999999999975,CLIMB,5360.0,89.68666666666668,676.2499999999905,84.4,101.7,67.3,NORMAL,NORMAL
Healthy,79.79999999999974,CLIMB,5362.0,89.68000000000002,679.9999999999902,83.30000000000001,100.9,67.7,NORMAL,NORMAL
Healthy,79.89999999999974,CLIMB,5366.0,89.67333333333335,683.7499999999901,83.60000000000001,100.0,68.5,NORMAL,NORMAL
Healthy,79.99999999999973,CLIMB,5358.0,89.66666666666669,687.4999999999899,84.2,100.30000000000001,67.7,NORMAL,NORMAL
Healthy,80.09999999999972,CLIMB,5352.0,89.66000000000003,691.2499999999897,84.60000000000001,102.30000000000001,68.5,NORMAL,NORMAL
Healthy,80.19999999999972,CLIMB,5362.0,89.65333333333335,694.9999999999894,83.0,100.0,67.8,NORMAL,NORMAL
Healthy,80.29999999999971,CLIMB,5365.0,89.64666666666669,698.7499999999892,83.10000000000001,102.30000000000001,66.5,NORMAL,NORMAL
Healthy,80.39999999999971,CLIMB,5356.0,89.64000000000001,702.4999999999891,83.9,102.10000000000001,68.2,NORMAL,NORMAL
Healthy,80.4999999999997,CLIMB,5360.0,89.63333333333335,706.2499999999889,84.4,101.2,66.9,NORMAL,NORMAL
Healthy,80.5999999999997,CLIMB,5363.0,89.6266666666667,709.9999999999886,84.10000000000001,100.9,67.5,NORMAL,NORMAL
Healthy,80.69999999999969,CLIMB,5348.0,89.62000000000002,713.7499999999884,84.2,100.10000000000001,68.4,NORMAL,NORMAL
Healthy,80.79999999999968,CLIMB,5365.0,89.61333333333336,717.4999999999882,84.30000000000001,103.30000000000001,67.60000000000001,NORMAL,NORMAL
Healthy,80.89999999999968,CLIMB,5358.0,89.60666666666668,721.249999999988,84.7,99.9,67.5,NORMAL,NORMAL
Healthy,80.99999999999967,CLIMB,5354.0,89.60000000000002,724.9999999999877,83.9,98.60000000000001,67.8,NORMAL,NORMAL
Healthy,81.09999999999967,CLIMB,5363.0,89.59333333333336,728.7499999999875,83.80000000000001,101.4,68.2,NORMAL,NORMAL
Healthy,81.19999999999966,CLIMB,5362.0,89.58666666666669,732.4999999999873,83.7,99.2,69.0,NORMAL,NORMAL
Healthy,81.29999999999966,CLIMB,5356.0,89.58000000000003,736.249999999987,84.80000000000001,102.0,67.7,NORMAL,NORMAL
Healthy,81.39999999999965,CLIMB,5354.0,89.57333333333335,739.9999999999869,83.5,99.5,67.4,NORMAL,NORMAL
Healthy,81.49999999999964,CLIMB,5361.0,89.56666666666669,743.7499999999867,83.80000000000001,102.2,67.7,NORMAL,NORMAL
Healthy,81.59999999999964,CLIMB,5358.0,89.56000000000003,747.4999999999865,83.60000000000001,100.5,68.0,NORMAL,NORMAL
Healthy,81.69999999999963,CLIMB,5361.0,89.55333333333336,751.2499999999862,83.7,104.10000000000001,68.8,NORMAL,NORMAL
Healthy,81.79999999999963,CLIMB,5354.0,89.5466666666667,754.999999999986,83.30000000000001,101.10000000000001,67.4,NORMAL,NORMAL
Healthy,81.89999999999962,CLIMB,5359.0,89.54000000000002,758.7499999999859,84.30000000000001,100.0,67.10000000000001,NORMAL,NORMAL
Healthy,81.99999999999962,CLIMB,5363.0,89.53333333333336,762.4999999999857,83.5,98.9,69.4,NORMAL,NORMAL
Healthy,82.09999999999961,CLIMB,5362.0,89.5266666666667,766.2499999999854,83.60000000000001,100.10000000000001,68.9,NORMAL,NORMAL
Healthy,82.1999999999996,CLIMB,5358.0,89.52000000000002,769.9999999999852,83.9,99.2,67.5,NORMAL,NORMAL
Healthy,82.2999999999996,CLIMB,5359.0,89.51333333333336,773.749999999985,84.30000000000001,100.9,68.8,NORMAL,NORMAL
Healthy,82.3999999999996,CLIMB,5355.0,89.50666666666669,777.4999999999848,84.2,99.7,68.5,NORMAL,NORMAL
Healthy,82.49999999999959,CLIMB,5353.0,89.50000000000003,781.2499999999845,84.10000000000001,100.80000000000001,68.3,NORMAL,NORMAL
Healthy,82.59999999999958,CLIMB,5348.0,89.49333333333337,784.9999999999843,83.5,100.7,68.4,NORMAL,NORMAL
Healthy,82.69999999999958,CLIMB,5355.0,89.4866666666667,788.7499999999841,84.30000000000001,101.2,68.60000000000001,NORMAL,NORMAL
Healthy,82.79999999999957,CLIMB,5355.0,89.48000000000003,792.4999999999839,84.2,100.9,68.0,NORMAL,NORMAL
Healthy,82.89999999999957,CLIMB,5362.0,89.47333333333336,796.2499999999836,83.9,100.30000000000001,68.4,NORMAL,NORMAL
Healthy,82.99999999999956,CLIMB,5350.0,89.4666666666667,799.9999999999835,83.9,99.60000000000001,69.60000000000001,NORMAL,NORMAL
Healthy,83.09999999999955,CLIMB,5359.0,89.46000000000004,803.7499999999833,85.30000000000001,99.7,69.2,NORMAL,NORMAL
Healthy,83.19999999999955,CLIMB,5352.0,89.45333333333336,807.4999999999831,84.30000000000001,100.5,68.7,NORMAL,NORMAL
Healthy,83.29999999999954,CLIMB,5355.0,89.4466666666667,811.2499999999828,83.80000000000001,102.10000000000001,68.8,NORMAL,NORMAL
Healthy,83.39999999999954,CLIMB,5350.0,89.44000000000003,814.9999999999826,83.30000000000001,99.4,68.9,NORMAL,NORMAL
Healthy,83.49999999999953,CLIMB,5355.0,89.43333333333337,818.7499999999825,83.9,102.0,68.7,NORMAL,NORMAL
Healthy,83.59999999999953,CLIMB,5352.0,89.4266666666667,822.4999999999823,84.0,98.9,69.60000000000001,NORMAL,NORMAL
Healthy,83.69999999999952,CLIMB,5360.0,89.42000000000003,826.249999999982,83.5,100.80000000000001,68.7,NORMAL,NORMAL
Healthy,83.79999999999951,CLIMB,5349.0,89.41333333333337,829.9999999999818,83.2,99.10000000000001,68.5,NORMAL,NORMAL
Healthy,83.89999999999951,CLIMB,5354.0,89.4066666666667,833.7499999999816,84.30000000000001,99.2,67.7,NORMAL,NORMAL
Healthy,83.9999999999995,CLIMB,5355.0,89.40000000000003,837.4999999999814,84.60000000000001,99.80000000000001,68.0,NORMAL,NORMAL
Healthy,84.0999999999995,CLIMB,5360.0,89.39333333333337,841.2499999999811,84.10000000000001,99.9,68.5,NORMAL,NORMAL
Healthy,84.19999999999949,CLIMB,5358.0,89.3866666666667,844.9999999999809,83.60000000000001,100.5,68.5,NORMAL,NORMAL
Healthy,84.29999999999949,CLIMB,5354.0,89.38000000000004,848.7499999999807,83.5,101.60000000000001,69.7,NORMAL,NORMAL
Healthy,84.39999999999948,CLIMB,5359.0,89.37333333333336,852.4999999999804,83.9,99.2,68.4,NORMAL,NORMAL
Healthy,84.49999999999947,CLIMB,5354.0,89.3666666666667,856.2499999999803,83.9,101.60000000000001,68.60000000000001,NORMAL,NORMAL
Healthy,84.59999999999947,CLIMB,5350.0,89.36000000000004,859.9999999999801,84.0,100.4,68.3,NORMAL,NORMAL
Healthy,84.69999999999946,CLIMB,5354.0,89.35333333333337,863.7499999999799,83.7,100.7,68.3,NORMAL,NORMAL
Healthy,84.79999999999946,CLIMB,5343.0,89.3466666666667,867.4999999999797,83.10000000000001,99.4,69.4,NORMAL,NORMAL
Healthy,84.89999999999945,CLIMB,5355.0,89.34000000000003,871.2499999999794,84.10000000000001,100.2,68.0,NORMAL,NORMAL
Healthy,84.99999999999945,CLIMB,5362.0,89.33333333333337,874.9999999999793,82.9,97.9,69.4,NORMAL,NORMAL
Healthy,85.09999999999944,CLIMB,5349.0,89.32666666666671,878.7499999999791,84.4,98.80000000000001,68.4,NORMAL,NORMAL
Healthy,85.19999999999943,CLIMB,5355.0,89.32000000000004,882.4999999999789,83.9,99.60000000000001,68.4,NORMAL,NORMAL
Healthy,85.29999999999943,CLIMB,5361.0,89.31333333333338,886.2499999999786,83.7,100.4,68.5,NORMAL,NORMAL
Healthy,85.39999999999942,CLIMB,5354.0,89.3066666666667,889.9999999999784,83.5,100.4,69.2,NORMAL,NORMAL
Healthy,85.49999999999942,CLIMB,5344.0,89.30000000000004,893.7499999999782,83.80000000000001,98.30000000000001,69.5,NORMAL,NORMAL
Healthy,85.59999999999941,CLIMB,5352.0,89.29333333333338,897.499999999978,83.7,100.10000000000001,70.10000000000001,NORMAL,NORMAL
Healthy,85.6999999999994,CLIMB,5349.0,89.2866666666667,901.2499999999777,85.30000000000001,98.80000000000001,70.0,NORMAL,NORMAL
Healthy,85.7999999999994,CLIMB,5349.0,89.28000000000004,904.9999999999775,84.4,98.2,69.2,NORMAL,NORMAL
Healthy,85.8999999999994,CLIMB,5351.0,89.27333333333337,908.7499999999773,82.4,99.0,69.3,NORMAL,NORMAL
Healthy,85.99999999999939,CLIMB,5358.0,89.26666666666671,912.499999999977,83.80000000000001,100.80000000000001,69.2,NORMAL,NORMAL
Healthy,86.09999999999938,CLIMB,5349.0,89.26000000000005,916.2499999999768,83.80000000000001,99.0,69.0,NORMAL,NORMAL
Healthy,86.19999999999938,CLIMB,5349.0,89.25333333333337,919.9999999999766,83.2,98.30000000000001,68.3,NORMAL,NORMAL
Healthy,86.29999999999937,CLIMB,5358.0,89.24666666666671,923.7499999999764,84.60000000000001,100.0,69.5,NORMAL,NORMAL
Healthy,86.39999999999937,CLIMB,5357.0,89.24000000000004,927.4999999999762,83.60000000000001,98.5,69.0,NORMAL,NORMAL
Healthy,86.49999999999936,CLIMB,5352.0,89.23333333333338,931.2499999999761,83.7,98.30000000000001,69.9,NORMAL,NORMAL
Healthy,86.59999999999935,CLIMB,5351.0,89.22666666666672,934.9999999999759,82.9,99.10000000000001,70.10000000000001,NORMAL,NORMAL
Healthy,86.69999999999935,CLIMB,5347.0,89.22000000000004,938.7499999999757,83.5,100.10000000000001,69.7,NORMAL,NORMAL
Healthy,86.79999999999934,CLIMB,5350.0,89.21333333333338,942.4999999999754,83.5,99.5,68.9,NORMAL,NORMAL
Healthy,86.89999999999934,CLIMB,5350.0,89.2066666666667,946.2499999999752,83.2,99.10000000000001,69.10000000000001,NORMAL,NORMAL
Healthy,86.99999999999933,CLIMB,5350.0,89.20000000000005,949.999999999975,83.30000000000001,99.60000000000001,69.5,NORMAL,NORMAL
Healthy,87.09999999999933,CLIMB,5349.0,89.19333333333338,953.7499999999748,83.60000000000001,99.30000000000001,68.7,NORMAL,NORMAL
Healthy,87.19999999999932,CLIMB,5342.0,89.18666666666671,957.4999999999745,83.9,98.80000000000001,70.10000000000001,NORMAL,NORMAL
Healthy,87.29999999999932,CLIMB,5341.0,89.18000000000005,961.2499999999743,83.0,99.0,69.4,NORMAL,NORMAL
Healthy,87.39999999999931,CLIMB,5342.0,89.17333333333337,964.9999999999741,83.10000000000001,98.4,69.7,NORMAL,NORMAL
Healthy,87.4999999999993,CLIMB,5343.0,89.16666666666671,968.7499999999739,82.9,99.0,69.5,NORMAL,NORMAL
Healthy,87.5999999999993,CLIMB,5346.0,89.16000000000005,972.4999999999736,83.80000000000001,98.5,69.8,NORMAL,NORMAL
Healthy,87.69999999999929,CLIMB,5349.0,89.15333333333338,976.2499999999734,84.2,99.5,68.7,NORMAL,NORMAL
Healthy,87.79999999999929,CLIMB,5348.0,89.14666666666672,979.9999999999732,83.5,98.7,68.8,NORMAL,NORMAL
Healthy,87.89999999999928,CLIMB,5354.0,89.14000000000004,983.7499999999729,83.2,100.5,68.8,NORMAL,NORMAL
Healthy,87.99999999999928,CLIMB,5345.0,89.13333333333338,987.4999999999728,84.10000000000001,99.30000000000001,68.9,NORMAL,NORMAL
Healthy,88.09999999999927,CLIMB,5334.0,89.12666666666672,991.2499999999726,82.30000000000001,99.5,69.9,NORMAL,NORMAL
Healthy,88.19999999999926,CLIMB,5342.0,89.12000000000005,994.9999999999724,83.2,98.0,70.0,NORMAL,NORMAL
Healthy,88.29999999999926,CLIMB,5355.0,89.11333333333339,998.7499999999721,82.9,98.10000000000001,69.9,NORMAL,NORMAL
Healthy,88.39999999999925,CLIMB,5338.0,89.10666666666671,1002.499999999972,84.0,98.60000000000001,68.60000000000001,NORMAL,NORMAL
Healthy,88.49999999999925,CLIMB,5345.0,89.10000000000005,1006.2499999999718,83.0,99.4,70.10000000000001,NORMAL,NORMAL
Healthy,88.59999999999924,CLIMB,5341.0,89.09333333333339,1009.9999999999716,82.9,100.2,69.7,NORMAL,NORMAL
Healthy,88.69999999999924,CLIMB,5355.0,89.08666666666672,1013.7499999999714,83.0,100.30000000000001,69.4,NORMAL,NORMAL
Healthy,88.79999999999923,CLIMB,5351.0,89.08000000000006,1017.4999999999711,82.60000000000001,98.80000000000001,70.10000000000001,NORMAL,NORMAL
Healthy,88.89999999999922,CLIMB,5350.0,89.07333333333338,1021.2499999999709,82.80000000000001,99.2,69.60000000000001,NORMAL,NORMAL
Healthy,88.99999999999922,CLIMB,5338.0,89.06666666666672,1024.9999999999707,83.4,96.60000000000001,68.8,NORMAL,NORMAL
Healthy,89.09999999999921,CLIMB,5339.0,89.06000000000006,1028.7499999999704,83.4,99.60000000000001,70.4,NORMAL,NORMAL
Healthy,89.1999999999992,CLIMB,5342.0,89.05333333333338,1032.4999999999702,82.80000000000001,97.80000000000001,69.60000000000001,NORMAL,NORMAL
Healthy,89.2999999999992,CLIMB,5346.0,89.04666666666672,1036.24999999997,82.9,101.0,70.9,NORMAL,NORMAL
Healthy,89.3999999999992,CLIMB,5352.0,89.04000000000005,1039.99999999997,82.4,95.9,70.0,NORMAL,NORMAL
Healthy,89.49999999999919,CLIMB,5343.0,89.03333333333339,1043.7499999999695,81.9,98.7,70.0,NORMAL,NORMAL
Healthy,89.59999999999918,CLIMB,5339.0,89.02666666666673,1047.4999999999695,83.10000000000001,99.4,69.9,NORMAL,NORMAL
Healthy,89.69999999999918,CLIMB,5349.0,89.02000000000005,1051.249999999969,83.30000000000001,99.5,69.60000000000001,NORMAL,NORMAL
Healthy,89.79999999999917,CLIMB,5339.0,89.01333333333339,1054.999999999969,84.0,97.2,69.7,NORMAL,NORMAL
Healthy,89.89999999999917,CLIMB,5349.0,89.00666666666672,1058.7499999999686,82.7,99.10000000000001,70.3,NORMAL,NORMAL
Healthy,89.99999999999916,CLIMB,5350.0,89.00000000000006,1062.4999999999686,82.9,98.0,69.4,NORMAL,NORMAL
Healthy,90.09999999999916,CLIMB,5346.0,88.9933333333334,1066.2499999999684,82.2,98.0,69.8,NORMAL,NORMAL
Healthy,90.19999999999915,CLIMB,5347.0,88.98666666666672,1069.9999999999682,83.10000000000001,98.7,70.2,NORMAL,NORMAL
Healthy,90.29999999999914,CLIMB,5342.0,88.98000000000006,1073.749999999968,83.4,97.10000000000001,69.9,NORMAL,NORMAL
Healthy,90.39999999999914,CLIMB,5342.0,88.97333333333339,1077.4999999999677,83.2,97.4,70.2,NORMAL,NORMAL
Healthy,90.49999999999913,CLIMB,5344.0,88.96666666666673,1081.2499999999675,82.9,99.30000000000001,70.9,NORMAL,NORMAL
Healthy,90.59999999999913,CLIMB,5350.0,88.96000000000006,1084.9999999999673,81.5,97.80000000000001,70.3,NORMAL,NORMAL
Healthy,90.69999999999912,CLIMB,5337.0,88.95333333333339,1088.749999999967,81.9,96.5,71.4,NORMAL,NORMAL
Healthy,90.79999999999912,CLIMB,5333.0,88.94666666666673,1092.4999999999668,83.0,98.0,70.8,NORMAL,NORMAL
Healthy,90.89999999999911,CLIMB,5346.0,88.94000000000005,1096.2499999999668,82.4,99.60000000000001,71.10000000000001,NORMAL,NORMAL
Healthy,90.9999999999991,CLIMB,5343.0,88.9333333333334,1099.9999999999663,83.10000000000001,96.4,71.0,NORMAL,NORMAL
Healthy,91.0999999999991,CLIMB,5330.0,88.92666666666673,1103.7499999999663,82.7,95.5,71.5,NORMAL,NORMAL
Healthy,91.1999999999991,CLIMB,5340.0,88.92000000000006,1107.499999999966,83.10000000000001,95.9,70.9,NORMAL,NORMAL
Healthy,91.29999999999909,CLIMB,5337.0,88.9133333333334,1111.249999999966,82.80000000000001,97.30000000000001,69.8,NORMAL,NORMAL
Healthy,91.39999999999908,CLIMB,5348.0,88.90666666666672,1114.9999999999657,82.2,100.10000000000001,71.10000000000001,NORMAL,NORMAL
Healthy,91.49999999999908,CLIMB,5334.0,88.90000000000006,1118.7499999999654,82.7,96.30000000000001,70.7,NORMAL,NORMAL
Healthy,91.59999999999907,CLIMB,5345.0,88.8933333333334,1122.4999999999652,81.80000000000001,96.80000000000001,70.3,NORMAL,NORMAL
Healthy,91.69999999999906,CLIMB,5346.0,88.88666666666673,1126.249999999965,83.10000000000001,96.60000000000001,70.3,NORMAL,NORMAL
Healthy,91.79999999999906,CLIMB,5330.0,88.88000000000007,1129.9999999999648,82.5,95.9,71.10000000000001,NORMAL,NORMAL
Healthy,91.89999999999905,CLIMB,5342.0,88.87333333333339,1133.7499999999645,82.60000000000001,97.60000000000001,70.10000000000001,NORMAL,NORMAL
Healthy,91.99999999999905,CLIMB,5344.0,88.86666666666673,1137.4999999999643,82.5,95.7,70.8,NORMAL,NORMAL
Healthy,92.09999999999904,CLIMB,5346.0,88.86000000000007,1141.249999999964,82.2,98.4,69.9,NORMAL,NORMAL
Healthy,92.19999999999904,CLIMB,5337.0,88.8533333333334,1144.9999999999638,82.5,98.30000000000001,70.2,NORMAL,NORMAL
Healthy,92.29999999999903,CLIMB,5335.0,88.84666666666674,1148.7499999999636,83.10000000000001,95.30000000000001,71.60000000000001,NORMAL,NORMAL
Healthy,92.39999999999903,CLIMB,5340.0,88.84000000000006,1152.4999999999636,82.10000000000001,98.2,71.4,NORMAL,NORMAL
Healthy,92.49999999999902,CLIMB,5340.0,88.8333333333334,1156.2499999999632,82.10000000000001,99.0,71.10000000000001,NORMAL,NORMAL
Healthy,92.59999999999901,CLIMB,5340.0,88.82666666666674,1159.9999999999632,82.10000000000001,96.10000000000001,71.0,NORMAL,NORMAL
Healthy,92.69999999999901,CLIMB,5333.0,88.82000000000006,1163.7499999999627,83.4,96.7,71.60000000000001,NORMAL,NORMAL
Healthy,92.799999999999,CLIMB,5345.0,88.8133333333334,1167.4999999999627,82.30000000000001,96.10000000000001,71.7,NORMAL,NORMAL
Healthy,92.899999999999,CLIMB,5335.0,88.80666666666673,1171.2499999999623,83.10000000000001,96.60000000000001,71.7,NORMAL,NORMAL
Healthy,92.99999999999899,CLIMB,5338.0,88.80000000000007,1174.9999999999623,83.30000000000001,96.4,70.3,NORMAL,NORMAL
Healthy,93.09999999999899,CLIMB,5337.0,88.79333333333341,1178.7499999999618,82.10000000000001,96.60000000000001,69.8,NORMAL,NORMAL
Healthy,93.19999999999898,CLIMB,5335.0,88.78666666666673,1182.4999999999618,82.30000000000001,95.10000000000001,71.2,NORMAL,NORMAL
Healthy,93.29999999999897,CLIMB,5334.0,88.78000000000007,1186.2499999999613,82.2,96.30000000000001,70.9,NORMAL,NORMAL
Healthy,93.39999999999897,CLIMB,5340.0,88.7733333333334,1189.9999999999613,82.5,95.7,71.2,NORMAL,NORMAL
Healthy,93.49999999999896,CLIMB,5333.0,88.76666666666674,1193.7499999999611,81.80000000000001,98.30000000000001,71.60000000000001,NORMAL,NORMAL
Healthy,93.59999999999896,CLIMB,5337.0,88.76000000000008,1197.499999999961,81.80000000000001,97.10000000000001,71.0,NORMAL,NORMAL
Healthy,93.69999999999895,CLIMB,5341.0,88.7533333333334,1201.2499999999607,82.80000000000001,97.5,69.9,NORMAL,NORMAL
Healthy,93.79999999999895,CLIMB,5338.0,88.74666666666674,1204.9999999999604,82.30000000000001,97.7,71.2,NORMAL,NORMAL
Healthy,93.89999999999894,CLIMB,5326.0,88.74000000000007,1208.7499999999604,82.80000000000001,97.5,70.9,NORMAL,NORMAL
Healthy,93.99999999999893,CLIMB,5332.0,88.7333333333334,1212.49999999996,82.80000000000001,95.4,70.10000000000001,NORMAL,NORMAL
Healthy,94.09999999999893,CLIMB,5336.0,88.72666666666674,1216.24999999996,81.60000000000001,97.30000000000001,71.2,NORMAL,NORMAL
Healthy,94.19999999999892,CLIMB,5335.0,88.72000000000007,1219.9999999999595,82.10000000000001,95.5,71.5,NORMAL,NORMAL
Healthy,94.29999999999892,CLIMB,5341.0,88.71333333333341,1223.7499999999595,82.0,97.2,71.60000000000001,NORMAL,NORMAL
Healthy,94.39999999999891,CLIMB,5333.0,88.70666666666673,1227.499999999959,81.4,97.10000000000001,70.8,NORMAL,NORMAL
Healthy,94.4999999999989,CLIMB,5333.0,88.70000000000007,1231.249999999959,83.4,96.0,70.9,NORMAL,NORMAL
Healthy,94.5999999999989,CLIMB,5330.0,88.69333333333341,1234.9999999999586,82.4,98.4,72.2,NORMAL,NORMAL
Healthy,94.6999999999989,CLIMB,5335.0,88.68666666666674,1238.7499999999586,81.2,97.0,71.0,NORMAL,NORMAL
Healthy,94.79999999999889,CLIMB,5337.0,88.68000000000008,1242.4999999999582,83.2,96.10000000000001,71.9,NORMAL,NORMAL
Healthy,94.89999999999888,CLIMB,5325.0,88.6733333333334,1246.2499999999582,82.4,96.2,71.8,NORMAL,NORMAL
Healthy,94.99999999999888,CLIMB,5332.0,88.66666666666674,1249.9999999999577,82.0,96.30000000000001,71.3,NORMAL,NORMAL
Healthy,95.09999999999887,CLIMB,5326.0,88.66000000000008,1253.7499999999577,82.0,95.30000000000001,72.4,NORMAL,NORMAL
Healthy,95.19999999999887,CLIMB,5335.0,88.6533333333334,1257.4999999999573,81.80000000000001,97.30000000000001,71.4,NORMAL,NORMAL
Healthy,95.29999999999886,CLIMB,5331.0,88.64666666666675,1261.2499999999573,82.4,95.0,71.2,NORMAL,NORMAL
Healthy,95.39999999999885,CLIMB,5330.0,88.64000000000007,1264.9999999999573,83.2,96.4,71.2,NORMAL,NORMAL
Healthy,95.49999999999885,CLIMB,5336.0,88.63333333333341,1268.7499999999568,82.4,95.30000000000001,71.7,NORMAL,NORMAL
Healthy,95.59999999999884,CLIMB,5331.0,88.62666666666675,1272.4999999999568,81.0,94.7,71.5,NORMAL,NORMAL
Healthy,95.69999999999884,CLIMB,5333.0,88.62000000000008,1276.2499999999563,82.5,98.2,71.2,NORMAL,NORMAL
Healthy,95.79999999999883,CLIMB,5330.0,88.61333333333341,1279.9999999999563,82.10000000000001,96.10000000000001,70.7,NORMAL,NORMAL
Healthy,95.89999999999883,CLIMB,5334.0,88.60666666666674,1283.749999999956,81.60000000000001,96.5,72.10000000000001,NORMAL,NORMAL
Healthy,95.99999999999882,CLIMB,5330.0,88.60000000000008,1287.499999999956,81.60000000000001,94.9,72.0,NORMAL,NORMAL
Healthy,96.09999999999881,CLIMB,5330.0,88.59333333333342,1291.2499999999554,81.4,95.4,72.0,NORMAL,NORMAL
Healthy,96.19999999999881,CLIMB,5330.0,88.58666666666674,1294.9999999999554,81.9,96.5,71.4,NORMAL,NORMAL
Healthy,96.2999999999988,CLIMB,5330.0,88.58000000000008,1298.749999999955,82.10000000000001,94.60000000000001,70.9,NORMAL,NORMAL
Healthy,96.3999999999988,CLIMB,5331.0,88.57333333333341,1302.499999999955,82.10000000000001,96.2,72.2,NORMAL,NORMAL
Healthy,96.49999999999879,CLIMB,5322.0,88.56666666666675,1306.2499999999545,82.80000000000001,95.60000000000001,72.2,NORMAL,NORMAL
Healthy,96.59999999999879,CLIMB,5329.0,88.56000000000009,1309.9999999999545,82.10000000000001,97.60000000000001,71.60000000000001,NORMAL,NORMAL
Healthy,96.69999999999878,CLIMB,5334.0,88.55333333333341,1313.749999999954,81.5,95.0,72.10000000000001,NORMAL,NORMAL
Healthy,96.79999999999878,CLIMB,5334.0,88.54666666666675,1317.499999999954,81.9,94.7,72.4,NORMAL,NORMAL
Healthy,96.89999999999877,CLIMB,5326.0,88.54000000000008,1321.2499999999538,81.10000000000001,95.5,71.9,NORMAL,NORMAL
Healthy,96.99999999999876,CLIMB,5337.0,88.53333333333342,1324.9999999999536,81.30000000000001,98.5,72.2,NORMAL,NORMAL
Healthy,97.09999999999876,CLIMB,5329.0,88.52666666666676,1328.7499999999534,81.0,95.80000000000001,71.10000000000001,NORMAL,NORMAL
Healthy,97.19999999999875,CLIMB,5321.0,88.52000000000008,1332.4999999999532,83.4,95.5,71.3,NORMAL,NORMAL
Healthy,97.29999999999875,CLIMB,5331.0,88.51333333333342,1336.249999999953,81.5,96.2,71.9,NORMAL,NORMAL
Healthy,97.39999999999874,CLIMB,5333.0,88.50666666666675,1339.9999999999527,81.30000000000001,96.10000000000001,72.4,NORMAL,NORMAL
Healthy,97.49999999999874,CLIMB,5330.0,88.50000000000009,1343.7499999999527,82.5,93.9,72.9,NORMAL,NORMAL
Healthy,97.59999999999873,CLIMB,5332.0,88.49333333333342,1347.4999999999523,80.60000000000001,96.30000000000001,71.2,NORMAL,NORMAL
Healthy,97.69999999999872,CLIMB,5334.0,88.48666666666675,1351.2499999999523,80.80000000000001,94.5,71.9,NORMAL,NORMAL
Healthy,97.79999999999872,CLIMB,5318.0,88.48000000000009,1354.9999999999518,81.7,96.0,71.3,NORMAL,NORMAL
Healthy,97.89999999999871,CLIMB,5327.0,88.47333333333341,1358.7499999999518,82.10000000000001,93.30000000000001,72.0,NORMAL,NORMAL
Healthy,97.9999999999987,CLIMB,5327.0,88.46666666666675,1362.4999999999513,81.4,95.0,73.10000000000001,NORMAL,NORMAL
Healthy,98.0999999999987,CLIMB,5324.0,88.4600000000001,1366.2499999999513,81.5,95.7,71.5,NORMAL,NORMAL
Healthy,98.1999999999987,CLIMB,5319.0,88.45333333333342,1369.999999999951,81.2,94.60000000000001,72.2,NORMAL,NORMAL
Healthy,98.29999999999869,CLIMB,5327.0,88.44666666666676,1373.749999999951,80.60000000000001,94.4,72.2,NORMAL,NORMAL
Healthy,98.39999999999868,CLIMB,5330.0,88.44000000000008,1377.4999999999507,82.5,94.60000000000001,72.3,NORMAL,NORMAL
Healthy,98.49999999999868,CLIMB,5320.0,88.43333333333342,1381.2499999999504,80.60000000000001,94.0,72.3,NORMAL,NORMAL
Healthy,98.59999999999867,CLIMB,5324.0,88.42666666666676,1384.9999999999502,81.80000000000001,93.5,72.2,NORMAL,NORMAL
Healthy,98.69999999999867,CLIMB,5328.0,88.42000000000009,1388.74999999995,81.4,95.2,73.4,NORMAL,NORMAL
Healthy,98.79999999999866,CLIMB,5327.0,88.41333333333343,1392.4999999999498,81.60000000000001,94.30000000000001,72.10000000000001,NORMAL,NORMAL
Healthy,98.89999999999866,CLIMB,5334.0,88.40666666666675,1396.2499999999495,82.7,97.2,71.9,NORMAL,NORMAL
Healthy,98.99999999999865,CLIMB,5333.0,88.40000000000009,1399.9999999999493,80.60000000000001,94.7,72.8,NORMAL,NORMAL
Healthy,99.09999999999864,CLIMB,5323.0,88.39333333333343,1403.749999999949,80.30000000000001,95.7,71.7,NORMAL,NORMAL
Healthy,99.19999999999864,CLIMB,5329.0,88.38666666666676,1407.4999999999488,80.30000000000001,94.5,72.2,NORMAL,NORMAL
Healthy,99.29999999999863,CLIMB,5327.0,88.3800000000001,1411.2499999999486,81.0,94.10000000000001,71.9,NORMAL,NORMAL
Healthy,99.39999999999863,CLIMB,5328.0,88.37333333333342,1414.9999999999486,80.80000000000001,93.10000000000001,71.8,NORMAL,NORMAL
Healthy,99.49999999999862,CLIMB,5331.0,88.36666666666676,1418.7499999999482,81.5,96.10000000000001,72.2,NORMAL,NORMAL
Healthy,99.59999999999862,CLIMB,5326.0,88.3600000000001,1422.4999999999482,81.60000000000001,96.60000000000001,72.0,NORMAL,NORMAL
Healthy,99.69999999999861,CLIMB,5325.0,88.35333333333342,1426.2499999999477,82.4,94.7,71.8,NORMAL,NORMAL
Healthy,99.7999999999986,CLIMB,5321.0,88.34666666666676,1429.9999999999477,80.60000000000001,96.5,72.7,NORMAL,NORMAL
Healthy,99.8999999999986,CLIMB,5321.0,88.34000000000009,1433.7499999999475,80.7,95.10000000000001,71.8,NORMAL,NORMAL
Healthy,99.9999999999986,CLIMB,5331.0,88.33333333333343,1437.4999999999472,80.60000000000001,95.5,72.3,NORMAL,NORMAL
Healthy,100.09999999999859,CLIMB,5321.0,88.32666666666677,1441.249999999947,81.4,93.7,72.60000000000001,NORMAL,NORMAL
Healthy,100.19999999999858,CLIMB,5325.0,88.32000000000009,1444.9999999999468,81.60000000000001,94.9,72.2,NORMAL,NORMAL
Healthy,100.29999999999858,CLIMB,5325.0,88.31333333333343,1448.7499999999466,82.80000000000001,94.5,72.8,NORMAL,NORMAL
Healthy,100.39999999999857,CLIMB,5321.0,88.30666666666676,1452.4999999999463,80.9,94.4,71.5,NORMAL,NORMAL
Healthy,100.49999999999856,CLIMB,5330.0,88.3000000000001,1456.249999999946,80.7,94.5,72.0,NORMAL,NORMAL
Healthy,100.59999999999856,CLIMB,5331.0,88.29333333333344,1459.9999999999459,80.30000000000001,94.4,72.0,NORMAL,NORMAL
Healthy,100.69999999999855,CLIMB,5326.0,88.28666666666676,1463.7499999999457,80.80000000000001,94.7,72.10000000000001,NORMAL,NORMAL
Healthy,100.79999999999855,CLIMB,5319.0,88.2800000000001,1467.4999999999454,81.5,95.4,72.7,NORMAL,NORMAL
Healthy,100.89999999999854,CLIMB,5314.0,88.27333333333343,1471.2499999999454,80.9,93.30000000000001,72.4,NORMAL,NORMAL
Healthy,100.99999999999854,CLIMB,5319.0,88.26666666666677,1474.999999999945,81.4,94.10000000000001,72.7,NORMAL,NORMAL
Healthy,101.09999999999853,CLIMB,5324.0,88.2600000000001,1478.749999999945,80.4,94.0,73.60000000000001,NORMAL,NORMAL
Healthy,101.19999999999852,CLIMB,5326.0,88.25333333333343,1482.4999999999445,81.5,95.4,73.5,NORMAL,NORMAL
Healthy,101.29999999999852,CLIMB,5321.0,88.24666666666677,1486.2499999999445,80.80000000000001,93.4,73.10000000000001,NORMAL,NORMAL
Healthy,101.39999999999851,CLIMB,5320.0,88.2400000000001,1489.9999999999443,80.30000000000001,92.30000000000001,71.7,NORMAL,NORMAL
Healthy,101.49999999999851,CLIMB,5320.0,88.23333333333343,1493.749999999944,80.4,94.9,72.4,NORMAL,NORMAL
Healthy,101.5999999999985,CLIMB,5325.0,88.22666666666677,1497.4999999999438,80.4,93.80000000000001,71.60000000000001,NORMAL,NORMAL
Healthy,101.6999999999985,CLIMB,5324.0,88.2200000000001,1501.2499999999436,79.9,92.4,71.9,NORMAL,NORMAL
Healthy,101.79999999999849,CLIMB,5323.0,88.21333333333344,1504.9999999999434,80.60000000000001,94.4,72.9,NORMAL,NORMAL
Healthy,101.89999999999849,CLIMB,5317.0,88.20666666666676,1508.7499999999432,80.9,94.7,72.7,NORMAL,NORMAL
Healthy,101.99999999999848,CLIMB,5314.0,88.2000000000001,1512.499999999943,80.9,92.9,73.2,NORMAL,NORMAL
Healthy,102.09999999999847,CLIMB,5323.0,88.19333333333344,1516.2499999999427,80.30000000000001,93.4,73.5,NORMAL,NORMAL
Healthy,102.19999999999847,CLIMB,5323.0,88.18666666666677,1519.9999999999425,80.5,93.10000000000001,72.7,NORMAL,NORMAL
Healthy,102.29999999999846,CLIMB,5322.0,88.1800000000001,1523.7499999999422,79.5,95.0,72.8,NORMAL,NORMAL
Healthy,102.39999999999846,CLIMB,5316.0,88.17333333333343,1527.4999999999422,80.4,92.7,73.60000000000001,NORMAL,NORMAL
Healthy,102.49999999999845,CLIMB,5325.0,88.16666666666677,1531.2499999999418,80.5,94.60000000000001,72.9,NORMAL,NORMAL
Healthy,102.59999999999845,CLIMB,5320.0,88.16000000000011,1534.9999999999418,81.2,94.2,71.8,NORMAL,NORMAL
Healthy,102.69999999999844,CLIMB,5320.0,88.15333333333344,1538.7499999999413,80.10000000000001,94.60000000000001,73.2,NORMAL,NORMAL
Healthy,102.79999999999843,CLIMB,5325.0,88.14666666666677,1542.4999999999413,79.60000000000001,94.9,72.10000000000001,NORMAL,NORMAL
Healthy,102.89999999999843,CLIMB,5316.0,88.1400000000001,1546.249999999941,79.7,93.10000000000001,72.5,NORMAL,NORMAL
Healthy,102.99999999999842,CLIMB,5322.0,88.13333333333344,1549.9999999999409,80.2,92.4,73.0,NORMAL,NORMAL
Healthy,103.09999999999842,CLIMB,5322.0,88.12666666666678,1553.7499999999407,79.80000000000001,92.5,73.10000000000001,NORMAL,NORMAL
Healthy,103.19999999999841,CLIMB,5310.0,88.1200000000001,1557.4999999999404,80.0,94.80000000000001,72.2,NORMAL,NORMAL
Healthy,103.2999999999984,CLIMB,5307.0,88.11333333333344,1561.2499999999402,80.5,95.2,72.5,NORMAL,NORMAL
Healthy,103.3999999999984,CLIMB,5314.0,88.10666666666677,1564.99999999994,80.7,93.5,72.4,NORMAL,NORMAL
Healthy,103.4999999999984,CLIMB,5314.0,88.10000000000011,1568.7499999999397,80.9,93.5,72.5,NORMAL,NORMAL
Healthy,103.59999999999839,CLIMB,5320.0,88.09333333333345,1572.4999999999395,79.60000000000001,93.4,72.7,NORMAL,NORMAL
Healthy,103.69999999999838,CLIMB,5315.0,88.08666666666677,1576.2499999999393,80.2,94.4,73.4,NORMAL,NORMAL
Healthy,103.79999999999838,CLIMB,5326.0,88.08000000000011,1579.999999999939,80.0,93.4,74.2,NORMAL,NORMAL
Healthy,103.89999999999837,CLIMB,5321.0,88.07333333333344,1583.749999999939,80.60000000000001,94.4,72.9,NORMAL,NORMAL
Healthy,103.99999999999837,CLIMB,5324.0,88.06666666666678,1587.4999999999386,80.30000000000001,94.80000000000001,72.2,NORMAL,NORMAL
Healthy,104.09999999999836,CLIMB,5316.0,88.06000000000012,1591.2499999999386,79.5,92.4,72.4,NORMAL,NORMAL
Healthy,104.19999999999835,CLIMB,5317.0,88.05333333333344,1594.9999999999382,80.5,90.80000000000001,72.9,NORMAL,NORMAL
Healthy,104.29999999999835,CLIMB,5306.0,88.04666666666678,1598.7499999999382,80.30000000000001,94.0,73.7,NORMAL,NORMAL
Healthy,104.39999999999834,CLIMB,5327.0,88.0400000000001,1602.499999999938,79.4,93.2,73.10000000000001,NORMAL,NORMAL
Healthy,104.49999999999834,CLIMB,5322.0,88.03333333333345,1606.2499999999377,79.30000000000001,94.80000000000001,73.9,NORMAL,NORMAL
Healthy,104.59999999999833,CLIMB,5315.0,88.02666666666678,1609.9999999999375,80.7,95.4,73.0,NORMAL,NORMAL
Healthy,104.69999999999833,CLIMB,5307.0,88.02000000000011,1613.7499999999372,80.10000000000001,93.2,73.10000000000001,NORMAL,NORMAL
Healthy,104.79999999999832,CLIMB,5304.0,88.01333333333345,1617.499999999937,79.80000000000001,93.4,72.7,NORMAL,NORMAL
Healthy,104.89999999999831,CLIMB,5316.0,88.00666666666677,1621.2499999999368,79.9,92.7,73.60000000000001,NORMAL,NORMAL
Healthy,104.99999999999831,CLIMB,5317.0,88.00000000000011,1624.9999999999366,79.10000000000001,92.0,73.5,NORMAL,NORMAL
Healthy,105.0999999999983,CLIMB,5310.0,87.99333333333345,1628.7499999999363,80.0,92.9,72.9,NORMAL,NORMAL
Healthy,105.1999999999983,CLIMB,5309.0,87.98666666666678,1632.4999999999363,79.10000000000001,92.4,73.2,NORMAL,NORMAL
Healthy,105.29999999999829,CLIMB,5322.0,87.98000000000012,1636.249999999936,79.9,93.4,73.9,NORMAL,NORMAL
Healthy,105.39999999999829,CLIMB,5307.0,87.97333333333344,1639.9999999999357,79.30000000000001,92.30000000000001,73.3,NORMAL,NORMAL
Healthy,105.49999999999828,CLIMB,5307.0,87.96666666666678,1643.7499999999354,79.80000000000001,91.4,72.5,NORMAL,NORMAL
Healthy,105.59999999999827,CLIMB,5313.0,87.96000000000012,1647.4999999999354,79.4,90.7,72.8,NORMAL,NORMAL
Healthy,105.69999999999827,CLIMB,5319.0,87.95333333333345,1651.2499999999352,79.2,93.60000000000001,74.2,NORMAL,NORMAL
Healthy,105.79999999999826,CLIMB,5304.0,87.94666666666679,1654.999999999935,78.80000000000001,94.30000000000001,73.0,NORMAL,NORMAL
Healthy,105.89999999999826,CLIMB,5307.0,87.94000000000011,1658.7499999999345,80.2,91.9,74.8,NORMAL,NORMAL
Healthy,105.99999999999825,CLIMB,5308.0,87.93333333333345,1662.4999999999345,79.2,91.0,73.60000000000001,NORMAL,NORMAL
Healthy,106.09999999999825,CLIMB,5310.0,87.92666666666679,1666.2499999999343,80.30000000000001,94.0,72.7,NORMAL,NORMAL
Healthy,106.19999999999824,CLIMB,5304.0,87.92000000000012,1669.999999999934,79.0,92.2,74.10000000000001,NORMAL,NORMAL
Healthy,106.29999999999824,CLIMB,5311.0,87.91333333333345,1673.7499999999338,79.30000000000001,91.7,74.10000000000001,NORMAL,NORMAL
Healthy,106.39999999999823,CLIMB,5314.0,87.90666666666678,1677.4999999999336,79.2,92.4,73.8,NORMAL,NORMAL
Healthy,106.49999999999822,CLIMB,5311.0,87.90000000000012,1681.2499999999334,79.60000000000001,92.2,73.7,NORMAL,NORMAL
Healthy,106.59999999999822,CLIMB,5308.0,87.89333333333346,1684.9999999999332,80.2,91.60000000000001,73.7,NORMAL,NORMAL
Healthy,106.69999999999821,CLIMB,5307.0,87.88666666666678,1688.749999999933,79.5,92.5,74.0,NORMAL,NORMAL
Healthy,106.7999999999982,CLIMB,5305.0,87.88000000000012,1692.499999999933,79.2,92.5,73.60000000000001,NORMAL,NORMAL
Healthy,106.8999999999982,CLIMB,5309.0,87.87333333333345,1696.2499999999325,78.60000000000001,93.5,73.60000000000001,NORMAL,NORMAL
Healthy,106.9999999999982,CLIMB,5314.0,87.86666666666679,1699.9999999999322,79.4,91.30000000000001,72.7,NORMAL,NORMAL
Healthy,107.09999999999819,CLIMB,5299.0,87.86000000000013,1703.749999999932,79.30000000000001,91.0,73.2,NORMAL,NORMAL
Healthy,107.19999999999818,CLIMB,5312.0,87.85333333333345,1707.499999999932,79.2,91.80000000000001,72.60000000000001,NORMAL,NORMAL
Healthy,107.29999999999818,CLIMB,5308.0,87.84666666666679,1711.2499999999318,78.30000000000001,91.10000000000001,73.9,NORMAL,NORMAL
Healthy,107.39999999999817,CLIMB,5310.0,87.84000000000012,1714.9999999999313,79.7,91.80000000000001,74.7,NORMAL,NORMAL
Healthy,107.49999999999817,CLIMB,5305.0,87.83333333333346,1718.7499999999313,78.80000000000001,93.4,73.3,NORMAL,NORMAL
Healthy,107.59999999999816,CLIMB,5313.0,87.8266666666668,1722.499999999931,80.2,92.80000000000001,73.60000000000001,NORMAL,NORMAL
Healthy,107.69999999999816,CLIMB,5311.0,87.82000000000012,1726.2499999999309,80.2,94.2,74.4,NORMAL,NORMAL
Healthy,107.79999999999815,CLIMB,5307.0,87.81333333333346,1729.9999999999307,79.10000000000001,93.30000000000001,74.8,NORMAL,NORMAL
Healthy,107.89999999999814,CLIMB,5310.0,87.80666666666679,1733.7499999999304,79.30000000000001,92.4,72.60000000000001,NORMAL,NORMAL
Healthy,107.99999999999814,CLIMB,5304.0,87.80000000000013,1737.4999999999302,80.80000000000001,91.9,74.3,NORMAL,NORMAL
Healthy,108.09999999999813,CLIMB,5309.0,87.79333333333346,1741.24999999993,80.0,91.9,74.0,NORMAL,NORMAL
Healthy,108.19999999999813,CLIMB,5298.0,87.78666666666679,1744.9999999999297,77.9,91.60000000000001,73.4,NORMAL,NORMAL
Healthy,108.29999999999812,CLIMB,5315.0,87.78000000000013,1748.7499999999297,78.60000000000001,91.4,73.60000000000001,NORMAL,NORMAL
Healthy,108.39999999999812,CLIMB,5304.0,87.77333333333345,1752.4999999999293,78.9,91.0,74.0,NORMAL,NORMAL
Healthy,108.49999999999811,CLIMB,5304.0,87.7666666666668,1756.249999999929,78.9,92.80000000000001,73.0,NORMAL,NORMAL
Healthy,108.5999999999981,CLIMB,5310.0,87.76000000000013,1759.9999999999288,78.5,93.9,73.5,NORMAL,NORMAL
Healthy,108.6999999999981,CLIMB,5311.0,87.75333333333346,1763.7499999999288,79.0,90.0,73.60000000000001,NORMAL,NORMAL
Healthy,108.7999999999981,CLIMB,5309.0,87.7466666666668,1767.4999999999286,79.0,91.5,73.7,NORMAL,NORMAL
Healthy,108.89999999999809,CLIMB,5308.0,87.74000000000012,1771.2499999999281,79.7,91.4,73.4,NORMAL,NORMAL
Healthy,108.99999999999808,CLIMB,5302.0,87.73333333333346,1774.999999999928,79.0,91.4,73.3,NORMAL,NORMAL
Healthy,109.09999999999808,CLIMB,5302.0,87.7266666666668,1778.749999999928,77.9,91.0,73.7,NORMAL,NORMAL
Healthy,109.19999999999807,CLIMB,5306.0,87.72000000000013,1782.4999999999277,79.2,93.80000000000001,73.5,NORMAL,NORMAL
Healthy,109.29999999999806,CLIMB,5306.0,87.71333333333347,1786.2499999999275,79.9,91.0,73.60000000000001,NORMAL,NORMAL
Healthy,109.39999999999806,CLIMB,5302.0,87.70666666666679,1789.999999999927,79.10000000000001,91.2,73.8,NORMAL,NORMAL
Healthy,109.49999999999805,CLIMB,5303.0,87.70000000000013,1793.749999999927,79.2,90.2,74.10000000000001,NORMAL,NORMAL
Healthy,109.59999999999805,CLIMB,5290.0,87.69333333333347,1797.4999999999268,78.30000000000001,93.2,73.2,NORMAL,NORMAL
Healthy,109.69999999999804,CLIMB,5308.0,87.6866666666668,1801.2499999999266,78.4,93.2,74.0,NORMAL,NORMAL
Healthy,109.79999999999804,CLIMB,5317.0,87.68000000000013,1804.9999999999266,78.80000000000001,92.9,74.7,NORMAL,NORMAL
Healthy,109.89999999999803,CLIMB,5307.0,87.67333333333346,1808.749999999926,79.0,92.5,74.60000000000001,NORMAL,NORMAL
Healthy,109.99999999999802,CLIMB,5320.0,87.6666666666668,1812.4999999999259,79.5,90.5,73.60000000000001,NORMAL,NORMAL
Healthy,110.09999999999802,CLIMB,5300.0,87.66000000000014,1816.2499999999256,78.60000000000001,92.10000000000001,74.10000000000001,NORMAL,NORMAL
Healthy,110.19999999999801,CLIMB,5296.0,87.65333333333346,1819.9999999999256,77.5,91.4,73.4,NORMAL,NORMAL
Healthy,110.29999999999801,CLIMB,5300.0,87.6466666666668,1823.7499999999254,78.0,91.0,74.4,NORMAL,NORMAL
Healthy,110.399999999998,CLIMB,5304.0,87.64000000000013,1827.499999999925,78.2,91.2,73.9,NORMAL,NORMAL
Healthy,110.499999999998,CLIMB,5296.0,87.63333333333347,1831.2499999999247,77.9,92.4,74.10000000000001,NORMAL,NORMAL
Healthy,110.59999999999799,CLIMB,5298.0,87.62666666666681,1834.9999999999247,77.7,90.9,74.60000000000001,NORMAL,NORMAL
Healthy,110.69999999999798,CLIMB,5303.0,87.62000000000013,1838.7499999999245,79.9,90.5,74.4,NORMAL,NORMAL
Healthy,110.79999999999798,CLIMB,5303.0,87.61333333333347,1842.4999999999243,79.10000000000001,90.7,74.60000000000001,NORMAL,NORMAL
Healthy,110.89999999999797,CLIMB,5297.0,87.6066666666668,1846.2499999999238,78.0,91.4,74.4,NORMAL,NORMAL
Healthy,110.99999999999797,CLIMB,5302.0,87.60000000000014,1849.9999999999238,78.7,91.0,73.7,NORMAL,NORMAL
Healthy,111.09999999999796,CLIMB,5303.0,87.59333333333348,1853.7499999999236,78.5,89.9,74.8,NORMAL,NORMAL
Healthy,111.19999999999796,CLIMB,5300.0,87.5866666666668,1857.4999999999234,77.80000000000001,91.5,73.3,NORMAL,NORMAL
Healthy,111.29999999999795,CLIMB,5294.0,87.58000000000014,1861.2499999999234,78.30000000000001,91.60000000000001,74.10000000000001,NORMAL,NORMAL
Healthy,111.39999999999795,CLIMB,5301.0,87.57333333333347,1864.999999999923,78.2,91.30000000000001,73.9,NORMAL,NORMAL
Healthy,111.49999999999794,CLIMB,5303.0,87.5666666666668,1868.7499999999227,78.10000000000001,90.2,73.7,NORMAL,NORMAL
Healthy,111.59999999999793,CLIMB,5302.0,87.56000000000014,1872.4999999999225,77.60000000000001,90.2,74.0,NORMAL,NORMAL
Healthy,111.69999999999793,CLIMB,5298.0,87.55333333333347,1876.2499999999225,77.5,89.80000000000001,75.2,NORMAL,NORMAL
Healthy,111.79999999999792,CLIMB,5297.0,87.54666666666681,1879.9999999999222,78.5,90.5,74.3,NORMAL,NORMAL
Healthy,111.89999999999792,CLIMB,5306.0,87.54000000000013,1883.7499999999218,78.30000000000001,90.10000000000001,72.7,NORMAL,NORMAL
Healthy,111.99999999999791,CLIMB,5303.0,87.53333333333347,1887.4999999999216,78.0,90.5,73.60000000000001,NORMAL,NORMAL
Healthy,112.0999999999979,CLIMB,5303.0,87.52666666666681,1891.2499999999216,78.10000000000001,90.0,74.2,NORMAL,NORMAL
Healthy,112.1999999999979,CLIMB,5306.0,87.52000000000014,1894.9999999999213,78.5,87.80000000000001,74.60000000000001,NORMAL,NORMAL
Healthy,112.2999999999979,CLIMB,5295.0,87.51333333333348,1898.749999999921,77.80000000000001,91.10000000000001,74.9,NORMAL,NORMAL
Healthy,112.39999999999789,CLIMB,5298.0,87.5066666666668,1902.4999999999206,78.5,91.7,73.7,NORMAL,NORMAL
Healthy,112.49999999999788,CLIMB,5292.0,87.50000000000014,1906.2499999999206,78.10000000000001,90.0,74.5,NORMAL,NORMAL
Healthy,112.59999999999788,CLIMB,5293.0,87.49333333333348,1909.9999999999204,77.10000000000001,89.4,75.0,NORMAL,NORMAL
Healthy,112.69999999999787,CLIMB,5290.0,87.4866666666668,1913.7499999999202,78.4,90.9,74.8,NORMAL,NORMAL
Healthy,112.79999999999787,CLIMB,5295.0,87.48000000000015,1917.49999999992,78.60000000000001,90.9,74.5,NORMAL,NORMAL
Healthy,112.89999999999786,CLIMB,5298.0,87.47333333333347,1921.2499999999197,77.7,91.0,73.60000000000001,NORMAL,NORMAL
Healthy,112.99999999999785,CLIMB,5302.0,87.46666666666681,1924.9999999999195,77.80000000000001,89.9,75.3,NORMAL,NORMAL
Healthy,113.09999999999785,CLIMB,5301.0,87.46000000000015,1928.7499999999193,77.5,89.9,75.3,NORMAL,NORMAL
Healthy,113.19999999999784,CLIMB,5292.0,87.45333333333348,1932.4999999999193,77.7,91.4,74.10000000000001,NORMAL,NORMAL
Healthy,113.29999999999784,CLIMB,5289.0,87.44666666666681,1936.249999999919,78.4,90.10000000000001,74.0,NORMAL,NORMAL
Healthy,113.39999999999783,CLIMB,5294.0,87.44000000000014,1939.9999999999186,78.7,91.2,74.7,NORMAL,NORMAL
Healthy,113.49999999999783,CLIMB,5289.0,87.43333333333348,1943.7499999999184,78.30000000000001,89.10000000000001,74.10000000000001,NORMAL,NORMAL
Healthy,113.59999999999782,CLIMB,5295.0,87.42666666666682,1947.4999999999184,76.9,88.2,73.7,NORMAL,NORMAL
Healthy,113.69999999999781,CLIMB,5304.0,87.42000000000014,1951.2499999999181,76.60000000000001,89.80000000000001,73.9,NORMAL,NORMAL
Healthy,113.79999999999781,CLIMB,5299.0,87.41333333333348,1954.999999999918,78.0,89.4,72.9,NORMAL,NORMAL
Healthy,113.8999999999978,CLIMB,5294.0,87.40666666666681,1958.7499999999175,77.9,89.4,74.60000000000001,NORMAL,NORMAL
Healthy,113.9999999999978,CLIMB,5295.0,87.40000000000015,1962.4999999999175,77.9,90.0,74.4,NORMAL,NORMAL
Healthy,114.09999999999779,CLIMB,5292.0,87.39333333333349,1966.2499999999172,75.9,89.0,74.2,NORMAL,NORMAL
Healthy,114.19999999999779,CLIMB,5286.0,87.38666666666681,1969.999999999917,77.2,90.9,75.10000000000001,NORMAL,NORMAL
Healthy,114.29999999999778,CLIMB,5296.0,87.38000000000015,1973.7499999999168,77.7,91.4,75.60000000000001,NORMAL,NORMAL
Healthy,114.39999999999777,CLIMB,5301.0,87.37333333333348,1977.4999999999166,77.80000000000001,93.30000000000001,73.7,NORMAL,NORMAL
Healthy,114.49999999999777,CLIMB,5292.0,87.36666666666682,1981.2499999999163,77.0,91.10000000000001,74.7,NORMAL,NORMAL
Healthy,114.59999999999776,CLIMB,5297.0,87.36000000000016,1984.999999999916,76.9,88.5,73.7,NORMAL,NORMAL
Healthy,114.69999999999776,CLIMB,5301.0,87.35333333333348,1988.7499999999159,77.80000000000001,87.80000000000001,75.4,NORMAL,NORMAL
Healthy,114.79999999999775,CLIMB,5295.0,87.34666666666682,1992.4999999999159,76.5,89.2,73.9,NORMAL,NORMAL
Healthy,114.89999999999775,CLIMB,5296.0,87.34000000000015,1996.2499999999154,77.30000000000001,88.0,74.7,NORMAL,NORMAL
Healthy,114.99999999999774,CLIMB,5289.0,87.33333333333348,1999.9999999999152,76.60000000000001,89.0,75.5,NORMAL,NORMAL
Healthy,115.09999999999773,CLIMB,5293.0,87.32666666666682,2003.749999999915,77.30000000000001,90.4,74.60000000000001,NORMAL,NORMAL
Healthy,115.19999999999773,CLIMB,5293.0,87.32000000000015,2007.499999999915,77.5,89.0,74.0,NORMAL,NORMAL
Healthy,115.29999999999772,CLIMB,5286.0,87.31333333333349,2011.2499999999147,78.0,88.9,75.0,NORMAL,NORMAL
Healthy,115.39999999999772,CLIMB,5293.0,87.30666666666681,2014.9999999999143,76.80000000000001,89.0,73.9,NORMAL,NORMAL
Healthy,115.49999999999771,CLIMB,5294.0,87.30000000000015,2018.7499999999143,76.4,88.60000000000001,73.4,NORMAL,NORMAL
Healthy,115.5999999999977,CLIMB,5296.0,87.29333333333349,2022.499999999914,77.10000000000001,88.10000000000001,75.10000000000001,NORMAL,NORMAL
Healthy,115.6999999999977,CLIMB,5290.0,87.28666666666682,2026.2499999999138,76.10000000000001,90.5,74.4,NORMAL,NORMAL
Healthy,115.7999999999977,CLIMB,5299.0,87.28000000000016,2029.9999999999136,76.9,90.0,74.5,NORMAL,NORMAL
Healthy,115.89999999999769,CLIMB,5287.0,87.27333333333348,2033.7499999999134,77.2,89.9,74.4,NORMAL,NORMAL
Healthy,115.99999999999768,CLIMB,5287.0,87.26666666666682,2037.4999999999131,77.10000000000001,89.80000000000001,74.5,NORMAL,NORMAL
Healthy,116.09999999999768,CLIMB,5297.0,87.26000000000016,2041.249999999913,76.9,88.60000000000001,74.4,NORMAL,NORMAL
Healthy,116.19999999999767,CLIMB,5289.0,87.25333333333349,2044.9999999999127,77.10000000000001,89.10000000000001,74.60000000000001,NORMAL,NORMAL
Healthy,116.29999999999767,CLIMB,5286.0,87.24666666666683,2048.7499999999127,76.7,88.2,74.8,NORMAL,NORMAL
Healthy,116.39999999999766,CLIMB,5285.0,87.24000000000015,2052.4999999999122,76.2,89.5,74.8,NORMAL,NORMAL
Healthy,116.49999999999766,CLIMB,5286.0,87.23333333333349,2056.249999999912,76.7,89.2,74.2,NORMAL,NORMAL
Healthy,116.59999999999765,CLIMB,5284.0,87.22666666666683,2059.999999999912,77.0,91.30000000000001,74.7,NORMAL,NORMAL
Healthy,116.69999999999764,CLIMB,5283.0,87.22000000000016,2063.749999999912,77.10000000000001,89.2,74.60000000000001,NORMAL,NORMAL
Healthy,116.79999999999764,CLIMB,5291.0,87.2133333333335,2067.499999999912,76.60000000000001,87.2,75.10000000000001,NORMAL,NORMAL
Healthy,116.89999999999763,CLIMB,5291.0,87.20666666666682,2071.249999999911,76.4,88.9,74.0,NORMAL,NORMAL
Healthy,116.99999999999763,CLIMB,5282.0,87.20000000000016,2074.999999999911,76.9,86.80000000000001,74.4,NORMAL,NORMAL
Healthy,117.09999999999762,CLIMB,5288.0,87.1933333333335,2078.749999999911,76.4,88.10000000000001,74.9,NORMAL,NORMAL
Healthy,117.19999999999762,CLIMB,5280.0,87.18666666666682,2082.499999999911,76.3,89.4,74.5,NORMAL,NORMAL
Healthy,117.29999999999761,CLIMB,5292.0,87.18000000000016,2086.2499999999104,77.7,90.9,75.2,NORMAL,NORMAL
Healthy,117.3999999999976,CLIMB,5282.0,87.17333333333349,2089.99999999991,76.2,90.2,75.10000000000001,NORMAL,NORMAL
Healthy,117.4999999999976,CLIMB,5287.0,87.16666666666683,2093.74999999991,76.7,89.0,74.9,NORMAL,NORMAL
Healthy,117.59999999999759,CLIMB,5296.0,87.16000000000017,2097.49999999991,77.7,90.30000000000001,75.2,NORMAL,NORMAL
Healthy,117.69999999999759,CLIMB,5284.0,87.15333333333349,2101.2499999999095,76.9,89.5,74.60000000000001,NORMAL,NORMAL
Healthy,117.79999999999758,CLIMB,5289.0,87.14666666666683,2104.9999999999095,76.60000000000001,88.80000000000001,75.3,NORMAL,NORMAL
Healthy,117.89999999999758,CLIMB,5278.0,87.14000000000016,2108.749999999909,76.80000000000001,88.9,75.2,NORMAL,NORMAL
Healthy,117.99999999999757,CLIMB,5290.0,87.1333333333335,2112.499999999909,76.2,90.0,75.60000000000001,NORMAL,NORMAL
Healthy,118.09999999999756,CLIMB,5291.0,87.12666666666684,2116.2499999999086,75.8,86.60000000000001,74.0,NORMAL,NORMAL
Healthy,118.19999999999756,CLIMB,5282.0,87.12000000000016,2119.9999999999086,76.2,86.9,74.4,NORMAL,NORMAL
Healthy,118.29999999999755,CLIMB,5282.0,87.1133333333335,2123.749999999908,76.0,88.80000000000001,74.8,NORMAL,NORMAL
Healthy,118.39999999999755,CLIMB,5284.0,87.10666666666683,2127.499999999908,76.7,88.60000000000001,74.8,NORMAL,NORMAL
Healthy,118.49999999999754,CLIMB,5283.0,87.10000000000016,2131.2499999999077,77.30000000000001,88.2,74.3,NORMAL,NORMAL
Healthy,118.59999999999754,CLIMB,5288.0,87.0933333333335,2134.9999999999077,76.5,87.7,76.10000000000001,NORMAL,NORMAL
Healthy,118.69999999999753,CLIMB,5282.0,87.08666666666683,2138.7499999999072,76.7,87.30000000000001,73.9,NORMAL,NORMAL
Healthy,118.79999999999752,CLIMB,5284.0,87.08000000000017,2142.4999999999072,75.60000000000001,88.2,75.10000000000001,NORMAL,NORMAL
Healthy,118.89999999999752,CLIMB,5286.0,87.0733333333335,2146.249999999907,76.3,87.0,75.10000000000001,NORMAL,NORMAL
Healthy,118.99999999999751,CLIMB,5279.0,87.06666666666683,2149.999999999907,75.9,87.7,74.7,NORMAL,NORMAL
Healthy,119.09999999999751,CLIMB,5279.0,87.06000000000017,2153.7499999999063,75.7,89.60000000000001,74.2,NORMAL,NORMAL
Healthy,119.1999999999975,CLIMB,5287.0,87.0533333333335,2157.4999999999063,75.60000000000001,88.7,75.2,NORMAL,NORMAL
Healthy,119.2999999999975,CLIMB,5290.0,87.04666666666684,2161.2499999999063,76.0,88.0,76.10000000000001,NORMAL,NORMAL
Healthy,119.39999999999749,CLIMB,5287.0,87.04000000000016,2164.999999999906,75.60000000000001,88.60000000000001,76.2,NORMAL,NORMAL
Healthy,119.49999999999748,CLIMB,5292.0,87.0333333333335,2168.7499999999054,76.5,88.10000000000001,75.4,NORMAL,NORMAL
Healthy,119.59999999999748,CLIMB,5285.0,87.02666666666684,2172.4999999999054,75.2,89.60000000000001,75.10000000000001,NORMAL,NORMAL
Healthy,119.69999999999747,CLIMB,5292.0,87.02000000000017,2176.2499999999054,75.5,87.60000000000001,74.9,NORMAL,NORMAL
Healthy,119.79999999999747,CLIMB,5284.0,87.0133333333335,2179.9999999999054,76.0,89.10000000000001,75.60000000000001,NORMAL,NORMAL
Healthy,119.89999999999746,CLIMB,5289.0,87.00666666666683,2183.7499999999045,76.10000000000001,87.9,76.10000000000001,NORMAL,NORMAL
Cooling Degradation,0.0,GROUND,2929.0,0.0,0.0,51.2,50.6,49.1,NORMAL,NORMAL
Cooling Degradation,0.1,GROUND,2858.0,0.0,0.0,50.800000000000004,49.900000000000006,50.2,NORMAL,NORMAL
Cooling Degradation,0.2,GROUND,2803.0,0.0,0.0,51.5,48.1,49.6,NORMAL,NORMAL
Cooling Degradation,0.30000000000000004,GROUND,2740.0,0.0,0.0,50.6,48.7,50.0,NORMAL,NORMAL
Cooling Degradation,0.4,GROUND,2679.0,0.0,0.0,50.2,48.900000000000006,50.2,NORMAL,NORMAL
Cooling Degradation,0.5,GROUND,2622.0,0.0,0.0,50.300000000000004,48.400000000000006,50.6,NORMAL,NORMAL
Cooling Degradation,0.6,GROUND,2560.0,0.0,0.0,49.900000000000006,46.400000000000006,49.300000000000004,NORMAL,NORMAL
Cooling Degradation,0.7,GROUND,2516.0,0.0,0.0,51.300000000000004,45.400000000000006,50.1,NORMAL,NORMAL
Cooling Degradation,0.7999999999999999,GROUND,2472.0,0.0,0.0,49.800000000000004,46.7,49.300000000000004,NORMAL,NORMAL
Cooling Degradation,0.8999999999999999,GROUND,2418.0,0.0,0.0,49.900000000000006,47.900000000000006,49.800000000000004,NORMAL,NORMAL
Cooling Degradation,0.9999999999999999,GROUND,2370.0,0.0,0.0,50.6,45.300000000000004,50.1,NORMAL,NORMAL
Cooling Degradation,1.0999999999999999,GROUND,2333.0,0.0,0.0,49.7,45.6,50.0,NORMAL,NORMAL
Cooling Degradation,1.2,GROUND,2278.0,0.0,0.0,50.6,45.800000000000004,51.1,NORMAL,NORMAL
Cooling Degradation,1.3,GROUND,2238.0,0.0,0.0,51.0,42.800000000000004,49.400000000000006,NORMAL,NORMAL
Cooling Degradation,1.4000000000000001,GROUND,2202.0,0.0,0.0,50.0,44.2,49.300000000000004,NORMAL,NORMAL
Cooling Degradation,1.5000000000000002,GROUND,2158.0,0.0,0.0,49.400000000000006,43.5,51.0,NORMAL,NORMAL
Cooling Degradation,1.6000000000000003,GROUND,2116.0,0.0,0.0,49.6,41.7,50.1,NORMAL,NORMAL
Cooling Degradation,1.7000000000000004,GROUND,2082.0,0.0,0.0,49.0,43.900000000000006,49.900000000000006,NORMAL,NORMAL
Cooling Degradation,1.8000000000000005,GROUND,2043.0,0.0,0.0,49.300000000000004,43.6,49.300000000000004,NORMAL,NORMAL
Cooling Degradation,1.9000000000000006,GROUND,2007.0,0.0,0.0,49.800000000000004,42.800000000000004,49.6,NORMAL,NORMAL
Cooling Degradation,2.0000000000000004,GROUND,1964.0,0.0,0.0,50.1,42.900000000000006,49.2,NORMAL,NORMAL
Cooling Degradation,2.1000000000000005,GROUND,1938.0,0.0,0.0,50.2,44.300000000000004,49.0,NORMAL,NORMAL
Cooling Degradation,2.2000000000000006,GROUND,1906.0,0.0,0.0,49.300000000000004,41.7,50.1,NORMAL,NORMAL
Cooling Degradation,2.3000000000000007,GROUND,1868.0,0.0,0.0,49.800000000000004,41.800000000000004,49.6,NORMAL,NORMAL
Cooling Degradation,2.400000000000001,GROUND,1841.0,0.0,0.0,49.1,42.1,49.5,NORMAL,NORMAL
Cooling Degradation,2.500000000000001,GROUND,1803.0,0.0,0.0,49.2,40.5,49.900000000000006,NORMAL,NORMAL
Cooling Degradation,2.600000000000001,GROUND,1777.0,0.0,0.0,49.5,40.7,50.800000000000004,NORMAL,NORMAL
Cooling Degradation,2.700000000000001,GROUND,1754.0,0.0,0.0,48.5,38.300000000000004,50.400000000000006,NORMAL,NORMAL
Cooling Degradation,2.800000000000001,GROUND,1724.0,0.0,0.0,49.7,39.900000000000006,49.5,NORMAL,NORMAL
Cooling Degradation,2.9000000000000012,GROUND,1687.0,0.0,0.0,48.900000000000006,39.5,49.1,NORMAL,NORMAL
Cooling Degradation,3.0000000000000013,GROUND,1669.0,0.0,0.0,49.300000000000004,40.900000000000006,49.5,NORMAL,NORMAL
Cooling Degradation,3.1000000000000014,GROUND,1645.0,0.0,0.0,49.1,41.900000000000006,49.2,NORMAL,NORMAL
Cooling Degradation,3.2000000000000015,GROUND,1615.0,0.0,0.0,50.400000000000006,37.800000000000004,49.900000000000006,NORMAL,NORMAL
Cooling Degradation,3.3000000000000016,GROUND,1586.0,0.0,0.0,48.2,40.6,49.1,NORMAL,NORMAL
Cooling Degradation,3.4000000000000017,GROUND,1566.0,0.0,0.0,48.2,37.0,50.0,NORMAL,NORMAL
Cooling Degradation,3.5000000000000018,GROUND,1540.0,0.0,0.0,48.900000000000006,37.9,50.1,NORMAL,NORMAL
Cooling Degradation,3.600000000000002,GROUND,1515.0,0.0,0.0,49.5,38.6,49.7,NORMAL,NORMAL
Cooling Degradation,3.700000000000002,GROUND,1495.0,0.0,0.0,48.0,39.0,49.6,NORMAL,NORMAL
Cooling Degradation,3.800000000000002,GROUND,1472.0,0.0,0.0,49.0,39.400000000000006,49.7,NORMAL,NORMAL
Cooling Degradation,3.900000000000002,GROUND,1451.0,0.0,0.0,48.6,38.0,49.300000000000004,NORMAL,NORMAL
Cooling Degradation,4.000000000000002,GROUND,1420.0,0.0,0.0,49.7,39.300000000000004,50.2,NORMAL,NORMAL
Cooling Degradation,4.100000000000001,GROUND,1397.0,0.0,0.0,47.800000000000004,37.5,49.5,NORMAL,NORMAL
Cooling Degradation,4.200000000000001,GROUND,1382.0,0.0,0.0,48.0,40.300000000000004,50.1,NORMAL,NORMAL
Cooling Degradation,4.300000000000001,GROUND,1347.0,0.0,0.0,48.6,38.0,49.0,NORMAL,NORMAL
Cooling Degradation,4.4,GROUND,1334.0,0.0,0.0,48.0,37.2,49.1,NORMAL,NORMAL
Cooling Degradation,4.5,GROUND,1316.0,0.0,0.0,48.800000000000004,38.2,50.300000000000004,NORMAL,NORMAL
Cooling Degradation,4.6,GROUND,1296.0,0.0,0.0,49.400000000000006,37.800000000000004,48.7,NORMAL,NORMAL
Cooling Degradation,4.699999999999999,GROUND,1275.0,0.0,0.0,48.5,36.7,49.800000000000004,NORMAL,NORMAL
Cooling Degradation,4.799999999999999,GROUND,1256.0,0.0,0.0,48.5,37.300000000000004,50.2,NORMAL,NORMAL
Cooling Degradation,4.899999999999999,GROUND,1226.0,0.0,0.0,50.2,38.7,50.300000000000004,NORMAL,NORMAL
Cooling Degradation,4.999999999999998,GROUND,1217.0,0.0,0.0,48.900000000000006,35.800000000000004,50.900000000000006,NORMAL,NORMAL
Cooling Degradation,5.099999999999998,GROUND,1192.0,0.0,0.0,47.7,36.2,48.7,NORMAL,NORMAL
Cooling Degradation,5.1999999999999975,GROUND,1175.0,0.0,0.0,48.2,38.0,50.2,NORMAL,NORMAL
Cooling Degradation,5.299999999999997,GROUND,1155.0,0.0,0.0,47.900000000000006,39.1,48.2,NORMAL,NORMAL
Cooling Degradation,5.399999999999997,GROUND,1133.0,0.0,0.0,47.5,37.2,50.0,NORMAL,NORMAL
Cooling Degradation,5.4999999999999964,GROUND,1114.0,0.0,0.0,48.1,37.1,49.6,NORMAL,NORMAL
Cooling Degradation,5.599999999999996,GROUND,1106.0,0.0,0.0,47.0,36.9,49.800000000000004,NORMAL,NORMAL
Cooling Degradation,5.699999999999996,GROUND,1079.0,0.0,0.0,47.7,33.1,48.6,NORMAL,NORMAL
Cooling Degradation,5.799999999999995,GROUND,1068.0,0.0,0.0,47.300000000000004,37.300000000000004,49.5,NORMAL,NORMAL
Cooling Degradation,5.899999999999995,GROUND,1048.0,0.0,0.0,48.400000000000006,35.5,49.2,NORMAL,NORMAL
Cooling Degradation,5.999999999999995,GROUND,1030.0,0.0,0.0,48.7,37.300000000000004,49.1,NORMAL,NORMAL
Cooling Degradation,6.099999999999994,GROUND,1004.0,0.0,0.0,48.5,36.1,48.400000000000006,NORMAL,NORMAL
Cooling Degradation,6.199999999999994,GROUND,997.0,0.0,0.0,47.5,35.7,49.300000000000004,NORMAL,NORMAL
Cooling Degradation,6.299999999999994,GROUND,974.0,0.0,0.0,47.6,36.2,49.300000000000004,NORMAL,NORMAL
Cooling Degradation,6.399999999999993,GROUND,953.0,0.0,0.0,47.800000000000004,33.300000000000004,50.0,NORMAL,NORMAL
Cooling Degradation,6.499999999999993,GROUND,947.0,0.0,0.0,47.5,37.9,49.5,NORMAL,NORMAL
Cooling Degradation,6.5999999999999925,GROUND,934.0,0.0,0.0,47.400000000000006,35.800000000000004,49.800000000000004,NORMAL,NORMAL
Cooling Degradation,6.699999999999992,GROUND,907.0,0.0,0.0,47.800000000000004,34.1,48.6,NORMAL,NORMAL
Cooling Degradation,6.799999999999992,GROUND,895.0,0.0,0.0,46.7,34.4,48.7,NORMAL,NORMAL
Cooling Degradation,6.8999999999999915,GROUND,862.0,0.0,0.0,47.0,34.0,48.400000000000006,NORMAL,NORMAL
Cooling Degradation,6.999999999999991,GROUND,867.0,0.0,0.0,47.800000000000004,33.4,49.5,NORMAL,NORMAL
Cooling Degradation,7.099999999999991,GROUND,847.0,0.0,0.0,48.1,31.700000000000003,49.900000000000006,NORMAL,NORMAL
Cooling Degradation,7.19999999999999,GROUND,832.0,0.0,0.0,47.0,33.7,50.400000000000006,NORMAL,NORMAL
Cooling Degradation,7.29999999999999,GROUND,810.0,0.0,0.0,48.400000000000006,33.5,49.0,NORMAL,NORMAL
Cooling Degradation,7.39999999999999,GROUND,798.0,0.0,0.0,47.0,33.4,49.300000000000004,NORMAL,NORMAL
Cooling Degradation,7.499999999999989,GROUND,808.0,0.0,0.0,47.6,32.9,48.6,NORMAL,NORMAL
Cooling Degradation,7.599999999999989,GROUND,796.0,0.0,0.0,46.800000000000004,32.7,49.800000000000004,NORMAL,NORMAL
Cooling Degradation,7.699999999999989,GROUND,800.0,0.0,0.0,47.2,33.1,49.6,NORMAL,NORMAL
Cooling Degradation,7.799999999999988,GROUND,802.0,0.0,0.0,47.6,32.4,49.800000000000004,NORMAL,NORMAL
Cooling Degradation,7.899999999999988,GROUND,804.0,0.0,0.0,46.2,30.8,49.1,NORMAL,NORMAL
Cooling Degradation,7.999999999999988,GROUND,798.0,0.0,0.0,46.900000000000006,31.1,49.400000000000006,NORMAL,NORMAL
Cooling Degradation,8.099999999999987,GROUND,800.0,0.0,0.0,48.2,32.6,49.800000000000004,NORMAL,NORMAL
Cooling Degradation,8.199999999999987,GROUND,795.0,0.0,0.0,47.300000000000004,34.300000000000004,49.400000000000006,NORMAL,NORMAL
Cooling Degradation,8.299999999999986,GROUND,797.0,0.0,0.0,46.900000000000006,30.1,49.300000000000004,NORMAL,NORMAL
Cooling Degradation,8.399999999999986,GROUND,807.0,0.0,0.0,47.400000000000006,32.1,49.7,NORMAL,NORMAL
Cooling Degradation,8.499999999999986,GROUND,810.0,0.0,0.0,46.800000000000004,31.200000000000003,49.0,NORMAL,NORMAL
Cooling Degradation,8.599999999999985,GROUND,795.0,0.0,0.0,46.300000000000004,28.1,49.2,NORMAL,NORMAL
Cooling Degradation,8.699999999999985,GROUND,799.0,0.0,0.0,46.900000000000006,30.900000000000002,49.1,NORMAL,NORMAL
Cooling Degradation,8.799999999999985,GROUND,802.0,0.0,0.0,46.2,31.3,48.7,NORMAL,NORMAL
Cooling Degradation,8.899999999999984,GROUND,800.0,0.0,0.0,46.2,29.400000000000002,49.1,NORMAL,NORMAL
Cooling Degradation,8.999999999999984,GROUND,794.0,0.0,0.0,46.7,30.3,50.1,NORMAL,NORMAL
Cooling Degradation,9.099999999999984,GROUND,807.0,0.0,0.0,46.6,31.400000000000002,49.300000000000004,NORMAL,NORMAL
Cooling Degradation,9.199999999999983,GROUND,807.0,0.0,0.0,46.0,32.4,48.5,NORMAL,NORMAL
Cooling Degradation,9.299999999999983,GROUND,799.0,0.0,0.0,46.1,28.1,49.0,NORMAL,NORMAL
Cooling Degradation,9.399999999999983,GROUND,793.0,0.0,0.0,46.900000000000006,31.200000000000003,48.400000000000006,NORMAL,NORMAL
Cooling Degradation,9.499999999999982,GROUND,808.0,0.0,0.0,46.300000000000004,29.400000000000002,50.5,NORMAL,NORMAL
Cooling Degradation,9.599999999999982,GROUND,800.0,0.0,0.0,46.300000000000004,29.900000000000002,50.300000000000004,NORMAL,NORMAL
Cooling Degradation,9.699999999999982,GROUND,787.0,0.0,0.0,45.800000000000004,29.900000000000002,48.7,NORMAL,NORMAL
Cooling Degradation,9.799999999999981,GROUND,807.0,0.0,0.0,45.7,31.0,49.2,NORMAL,NORMAL
Cooling Degradation,9.89999999999998,GROUND,804.0,0.0,0.0,46.900000000000006,29.3,49.400000000000006,NORMAL,NORMAL
Cooling Degradation,9.99999999999998,GROUND,800.0,0.0,0.0,46.300000000000004,30.900000000000002,49.800000000000004,NORMAL,NORMAL
Cooling Degradation,10.09999999999998,GROUND,797.0,0.0,0.0,45.300000000000004,31.1,49.300000000000004,COOLING_DEGRADATION,NORMAL
Cooling Degradation,10.19999999999998,GROUND,805.0,0.0,0.0,46.0,29.8,49.300000000000004,COOLING_DEGRADATION,NORMAL
Cooling Degradation,10.29999999999998,GROUND,790.0,0.0,0.0,45.7,30.200000000000003,48.6,COOLING_DEGRADATION,NORMAL
Cooling Degradation,10.399999999999979,GROUND,800.0,0.0,0.0,46.900000000000006,30.1,50.2,COOLING_DEGRADATION,NORMAL
Cooling Degradation,10.499999999999979,GROUND,812.0,0.0,0.0,46.7,31.400000000000002,49.0,COOLING_DEGRADATION,NORMAL
Cooling Degradation,10.599999999999978,GROUND,802.0,0.0,0.0,46.300000000000004,30.400000000000002,49.1,COOLING_DEGRADATION,NORMAL
Cooling Degradation,10.699999999999978,GROUND,804.0,0.0,0.0,46.0,32.300000000000004,48.400000000000006,COOLING_DEGRADATION,NORMAL
Cooling Degradation,10.799999999999978,GROUND,802.0,0.0,0.0,45.2,31.8,48.800000000000004,COOLING_DEGRADATION,NORMAL
Cooling Degradation,10.899999999999977,GROUND,803.0,0.0,0.0,45.900000000000006,32.4,49.0,COOLING_DEGRADATION,NORMAL
Cooling Degradation,10.999999999999977,GROUND,809.0,0.0,0.0,46.400000000000006,34.1,50.0,COOLING_DEGRADATION,NORMAL
Cooling Degradation,11.099999999999977,GROUND,796.0,0.0,0.0,46.1,33.7,49.7,COOLING_DEGRADATION,NORMAL
Cooling Degradation,11.199999999999976,GROUND,808.0,0.0,0.0,46.800000000000004,31.900000000000002,49.1,COOLING_DEGRADATION,NORMAL
Cooling Degradation,11.299999999999976,GROUND,806.0,0.0,0.0,46.2,32.300000000000004,49.1,COOLING_DEGRADATION,NORMAL
Cooling Degradation,11.399999999999975,GROUND,799.0,0.0,0.0,45.6,32.4,48.7,COOLING_DEGRADATION,NORMAL
Cooling Degradation,11.499999999999975,GROUND,795.0,0.0,0.0,45.800000000000004,32.1,48.2,COOLING_DEGRADATION,NORMAL
Cooling Degradation,11.599999999999975,GROUND,803.0,0.0,0.0,46.1,31.700000000000003,48.800000000000004,COOLING_DEGRADATION,NORMAL
Cooling Degradation,11.699999999999974,GROUND,809.0,0.0,0.0,46.300000000000004,34.1,49.7,COOLING_DEGRADATION,NORMAL
Cooling Degradation,11.799999999999974,GROUND,800.0,0.0,0.0,45.300000000000004,33.7,48.5,COOLING_DEGRADATION,NORMAL
Cooling Degradation,11.899999999999974,GROUND,796.0,0.0,0.0,45.800000000000004,33.1,47.900000000000006,COOLING_DEGRADATION,NORMAL
Cooling Degradation,11.999999999999973,GROUND,796.0,0.0,0.0,46.800000000000004,36.800000000000004,48.5,COOLING_DEGRADATION,NORMAL
Cooling Degradation,12.099999999999973,GROUND,807.0,0.0,0.0,46.400000000000006,34.2,48.900000000000006,COOLING_DEGRADATION,NORMAL
Cooling Degradation,12.199999999999973,GROUND,800.0,0.0,0.0,46.1,33.800000000000004,49.400000000000006,COOLING_DEGRADATION,NORMAL
Cooling Degradation,12.299999999999972,GROUND,803.0,0.0,0.0,46.0,33.6,49.300000000000004,COOLING_DEGRADATION,NORMAL
Cooling Degradation,12.399999999999972,GROUND,798.0,0.0,0.0,46.400000000000006,34.5,47.5,COOLING_DEGRADATION,NORMAL
Cooling Degradation,12.499999999999972,GROUND,801.0,0.0,0.0,47.400000000000006,34.0,49.1,COOLING_DEGRADATION,NORMAL
Cooling Degradation,12.599999999999971,GROUND,806.0,0.0,0.0,44.6,35.1,49.300000000000004,COOLING_DEGRADATION,NORMAL
Cooling Degradation,12.69999999999997,GROUND,804.0,0.0,0.0,45.800000000000004,34.6,49.2,COOLING_DEGRADATION,NORMAL
Cooling Degradation,12.79999999999997,GROUND,798.0,0.0,0.0,47.300000000000004,34.7,49.400000000000006,COOLING_DEGRADATION,NORMAL
Cooling Degradation,12.89999999999997,GROUND,794.0,0.0,0.0,45.6,36.6,48.800000000000004,COOLING_DEGRADATION,NORMAL
Cooling Degradation,12.99999999999997,GROUND,813.0,0.0,0.0,45.5,36.0,48.400000000000006,COOLING_DEGRADATION,NORMAL
Cooling Degradation,13.09999999999997,GROUND,805.0,0.0,0.0,45.7,35.4,49.6,COOLING_DEGRADATION,NORMAL
Cooling Degradation,13.199999999999969,GROUND,800.0,0.0,0.0,45.7,35.5,48.800000000000004,COOLING_DEGRADATION,NORMAL
Cooling Degradation,13.299999999999969,GROUND,799.0,0.0,0.0,46.2,35.1,49.5,COOLING_DEGRADATION,NORMAL
Cooling Degradation,13.399999999999968,GROUND,795.0,0.0,0.0,46.6,35.7,48.6,COOLING_DEGRADATION,NORMAL
Cooling Degradation,13.499999999999968,GROUND,799.0,0.0,0.0,45.900000000000006,35.800000000000004,50.2,COOLING_DEGRADATION,NORMAL
Cooling Degradation,13.599999999999968,GROUND,807.0,0.0,0.0,46.7,35.7,49.400000000000006,COOLING_DEGRADATION,NORMAL
Cooling Degradation,13.699999999999967,GROUND,808.0,0.0,0.0,46.0,36.4,48.7,COOLING_DEGRADATION,NORMAL
Cooling Degradation,13.799999999999967,GROUND,782.0,0.0,0.0,46.2,36.7,49.300000000000004,COOLING_DEGRADATION,NORMAL
Cooling Degradation,13.899999999999967,GROUND,806.0,0.0,0.0,46.5,35.6,48.800000000000004,COOLING_DEGRADATION,NORMAL
Cooling Degradation,13.999999999999966,GROUND,804.0,0.0,0.0,46.1,37.7,49.300000000000004,COOLING_DEGRADATION,NORMAL
Cooling Degradation,14.099999999999966,GROUND,802.0,0.0,0.0,46.2,37.4,48.7,COOLING_DEGRADATION,NORMAL
Cooling Degradation,14.199999999999966,GROUND,798.0,0.0,0.0,46.5,37.0,49.300000000000004,COOLING_DEGRADATION,NORMAL
Cooling Degradation,14.299999999999965,GROUND,795.0,0.0,0.0,46.1,38.5,49.300000000000004,COOLING_DEGRADATION,NORMAL
Cooling Degradation,14.399999999999965,GROUND,797.0,0.0,0.0,45.5,36.9,48.6,COOLING_DEGRADATION,NORMAL
Cooling Degradation,14.499999999999964,GROUND,800.0,0.0,0.0,45.6,36.2,49.300000000000004,COOLING_DEGRADATION,NORMAL
Cooling Degradation,14.599999999999964,GROUND,804.0,0.0,0.0,45.400000000000006,37.1,48.800000000000004,COOLING_DEGRADATION,NORMAL
Cooling Degradation,14.699999999999964,GROUND,812.0,0.0,0.0,46.900000000000006,37.9,48.7,COOLING_DEGRADATION,NORMAL
Cooling Degradation,14.799999999999963,GROUND,806.0,0.0,0.0,47.0,37.0,48.400000000000006,COOLING_DEGRADATION,NORMAL
Cooling Degradation,14.899999999999963,GROUND,800.0,0.0,0.0,46.6,36.2,48.400000000000006,COOLING_DEGRADATION,NORMAL
Cooling Degradation,14.999999999999963,GROUND,797.0,0.0,0.0,47.1,38.6,48.7,COOLING_DEGRADATION,NORMAL
Cooling Degradation,15.099999999999962,GROUND,805.0,0.0,0.0,46.400000000000006,39.800000000000004,48.6,COOLING_DEGRADATION,NORMAL
Cooling Degradation,15.199999999999962,GROUND,804.0,0.0,0.0,46.300000000000004,37.9,49.6,COOLING_DEGRADATION,NORMAL
Cooling Degradation,15.299999999999962,GROUND,805.0,0.0,0.0,45.800000000000004,38.1,48.2,COOLING_DEGRADATION,NORMAL
Cooling Degradation,15.399999999999961,GROUND,801.0,0.0,0.0,46.1,38.400000000000006,49.900000000000006,COOLING_DEGRADATION,NORMAL
Cooling Degradation,15.499999999999961,GROUND,800.0,0.0,0.0,44.800000000000004,40.1,48.400000000000006,COOLING_DEGRADATION,NORMAL
Cooling Degradation,15.59999999999996,GROUND,798.0,0.0,0.0,45.6,38.2,48.900000000000006,COOLING_DEGRADATION,NORMAL
Cooling Degradation,15.69999999999996,GROUND,802.0,0.0,0.0,45.900000000000006,39.2,48.900000000000006,COOLING_DEGRADATION,NORMAL
Cooling Degradation,15.79999999999996,GROUND,811.0,0.0,0.0,46.0,39.6,50.0,COOLING_DEGRADATION,NORMAL
Cooling Degradation,15.89999999999996,GROUND,800.0,0.0,0.0,45.400000000000006,39.900000000000006,49.400000000000006,COOLING_DEGRADATION,NORMAL
Cooling Degradation,15.99999999999996,GROUND,798.0,0.0,0.0,45.800000000000004,39.5,50.0,COOLING_DEGRADATION,NORMAL
Cooling Degradation,16.09999999999996,GROUND,798.0,0.0,0.0,44.900000000000006,38.400000000000006,48.6,COOLING_DEGRADATION,NORMAL
Cooling Degradation,16.19999999999996,GROUND,802.0,0.0,0.0,46.1,39.800000000000004,49.0,COOLING_DEGRADATION,NORMAL
Cooling Degradation,16.29999999999996,GROUND,802.0,0.0,0.0,45.6,42.7,48.5,COOLING_DEGRADATION,NORMAL
Cooling Degradation,16.399999999999963,GROUND,799.0,0.0,0.0,45.800000000000004,41.2,49.7,COOLING_DEGRADATION,NORMAL
Cooling Degradation,16.499999999999964,GROUND,799.0,0.0,0.0,46.0,40.7,49.7,COOLING_DEGRADATION,NORMAL
Cooling Degradation,16.599999999999966,GROUND,798.0,0.0,0.0,46.400000000000006,39.800000000000004,49.7,COOLING_DEGRADATION,NORMAL
Cooling Degradation,16.699999999999967,GROUND,799.0,0.0,0.0,45.400000000000006,39.7,49.2,COOLING_DEGRADATION,NORMAL
Cooling Degradation,16.79999999999997,GROUND,800.0,0.0,0.0,45.2,40.6,48.300000000000004,COOLING_DEGRADATION,NORMAL
Cooling Degradation,16.89999999999997,GROUND,803.0,0.0,0.0,46.7,41.7,49.5,COOLING_DEGRADATION,NORMAL
Cooling Degradation,16.99999999999997,GROUND,806.0,0.0,0.0,46.2,40.800000000000004,48.800000000000004,COOLING_DEGRADATION,NORMAL
Cooling Degradation,17.099999999999973,GROUND,798.0,0.0,0.0,47.300000000000004,41.800000000000004,48.400000000000006,COOLING_DEGRADATION,NORMAL
Cooling Degradation,17.199999999999974,GROUND,794.0,0.0,0.0,44.900000000000006,41.400000000000006,48.800000000000004,COOLING_DEGRADATION,NORMAL
Cooling Degradation,17.299999999999976,GROUND,795.0,0.0,0.0,45.2,39.5,48.900000000000006,COOLING_DEGRADATION,NORMAL
Cooling Degradation,17.399999999999977,GROUND,797.0,0.0,0.0,46.5,39.7,49.400000000000006,COOLING_DEGRADATION,NORMAL
Cooling Degradation,17.49999999999998,GROUND,806.0,0.0,0.0,45.800000000000004,40.800000000000004,47.800000000000004,COOLING_DEGRADATION,NORMAL
Cooling Degradation,17.59999999999998,GROUND,801.0,0.0,0.0,46.2,42.6,49.1,COOLING_DEGRADATION,NORMAL
Cooling Degradation,17.69999999999998,GROUND,797.0,0.0,0.0,45.300000000000004,39.800000000000004,49.6,COOLING_DEGRADATION,NORMAL
Cooling Degradation,17.799999999999983,GROUND,797.0,0.0,0.0,46.0,40.900000000000006,48.400000000000006,COOLING_DEGRADATION,NORMAL
Cooling Degradation,17.899999999999984,GROUND,809.0,0.0,0.0,45.5,40.800000000000004,48.6,COOLING_DEGRADATION,NORMAL
Cooling Degradation,17.999999999999986,GROUND,798.0,0.0,0.0,45.300000000000004,42.2,48.1,COOLING_DEGRADATION,NORMAL
Cooling Degradation,18.099999999999987,GROUND,802.0,0.0,0.0,45.6,41.6,49.2,COOLING_DEGRADATION,NORMAL
Cooling Degradation,18.19999999999999,GROUND,798.0,0.0,0.0,45.400000000000006,42.1,48.6,COOLING_DEGRADATION,NORMAL
Cooling Degradation,18.29999999999999,GROUND,797.0,0.0,0.0,45.5,40.7,49.2,COOLING_DEGRADATION,NORMAL
Cooling Degradation,18.39999999999999,GROUND,799.0,0.0,0.0,46.2,41.7,49.6,COOLING_DEGRADATION,NORMAL
Cooling Degradation,18.499999999999993,GROUND,799.0,0.0,0.0,46.300000000000004,39.0,49.5,COOLING_DEGRADATION,NORMAL
Cooling Degradation,18.599999999999994,GROUND,801.0,0.0,0.0,45.300000000000004,42.5,50.1,COOLING_DEGRADATION,NORMAL
Cooling Degradation,18.699999999999996,GROUND,800.0,0.0,0.0,45.900000000000006,42.0,49.400000000000006,COOLING_DEGRADATION,NORMAL
Cooling Degradation,18.799999999999997,GROUND,801.0,0.0,0.0,46.400000000000006,44.800000000000004,49.800000000000004,COOLING_DEGRADATION,NORMAL
Cooling Degradation,18.9,GROUND,799.0,0.0,0.0,45.400000000000006,42.6,49.800000000000004,COOLING_DEGRADATION,NORMAL
Cooling Degradation,19.0,GROUND,789.0,0.0,0.0,46.2,41.2,49.1,COOLING_DEGRADATION,NORMAL
Cooling Degradation,19.1,GROUND,798.0,0.0,0.0,45.5,41.5,49.2,COOLING_DEGRADATION,NORMAL
Cooling Degradation,19.200000000000003,GROUND,800.0,0.0,0.0,45.0,41.6,49.800000000000004,COOLING_DEGRADATION,NORMAL
Cooling Degradation,19.300000000000004,GROUND,792.0,0.0,0.0,46.0,42.6,49.800000000000004,COOLING_DEGRADATION,NORMAL
Cooling Degradation,19.400000000000006,GROUND,805.0,0.0,0.0,46.1,43.2,47.7,COOLING_DEGRADATION,NORMAL
Cooling Degradation,19.500000000000007,GROUND,805.0,0.0,0.0,45.7,43.0,48.6,COOLING_DEGRADATION,NORMAL
Cooling Degradation,19.60000000000001,GROUND,800.0,0.0,0.0,45.900000000000006,42.300000000000004,49.6,COOLING_DEGRADATION,NORMAL
Cooling Degradation,19.70000000000001,GROUND,804.0,0.0,0.0,45.400000000000006,43.1,48.7,COOLING_DEGRADATION,NORMAL
Cooling Degradation,19.80000000000001,GROUND,805.0,0.0,0.0,44.6,42.900000000000006,49.300000000000004,COOLING_DEGRADATION,NORMAL
Cooling Degradation,19.900000000000013,GROUND,807.0,0.0,0.0,45.900000000000006,43.300000000000004,49.300000000000004,COOLING_DEGRADATION,NORMAL
Cooling Degradation,20.000000000000014,GROUND,802.0,0.0,0.0,45.300000000000004,42.800000000000004,49.400000000000006,COOLING_DEGRADATION,NORMAL
Cooling Degradation,20.100000000000016,GROUND,788.0,0.0,0.0,46.400000000000006,44.0,48.7,COOLING_DEGRADATION,NORMAL
Cooling Degradation,20.200000000000017,GROUND,799.0,0.0,0.0,46.2,43.900000000000006,49.300000000000004,COOLING_DEGRADATION,NORMAL
Cooling Degradation,20.30000000000002,GROUND,795.0,0.0,0.0,45.900000000000006,44.300000000000004,48.5,COOLING_DEGRADATION,NORMAL
Cooling Degradation,20.40000000000002,GROUND,803.0,0.0,0.0,47.300000000000004,41.800000000000004,48.900000000000006,COOLING_DEGRADATION,NORMAL
Cooling Degradation,20.50000000000002,GROUND,805.0,0.0,0.0,45.800000000000004,44.7,48.800000000000004,COOLING_DEGRADATION,NORMAL
Cooling Degradation,20.600000000000023,GROUND,788.0,0.0,0.0,46.2,45.900000000000006,49.2,COOLING_DEGRADATION,NORMAL
Cooling Degradation,20.700000000000024,GROUND,801.0,0.0,0.0,45.7,44.800000000000004,50.0,COOLING_DEGRADATION,NORMAL
Cooling Degradation,20.800000000000026,GROUND,794.0,0.0,0.0,46.1,42.7,49.2,COOLING_DEGRADATION,NORMAL
Cooling Degradation,20.900000000000027,GROUND,803.0,0.0,0.0,45.300000000000004,43.300000000000004,49.6,COOLING_DEGRADATION,NORMAL
Cooling Degradation,21.00000000000003,GROUND,805.0,0.0,0.0,46.900000000000006,44.1,48.6,COOLING_DEGRADATION,NORMAL
Cooling Degradation,21.10000000000003,GROUND,796.0,0.0,0.0,44.800000000000004,45.2,49.400000000000006,COOLING_DEGRADATION,NORMAL
Cooling Degradation,21.20000000000003,GROUND,808.0,0.0,0.0,45.800000000000004,42.800000000000004,48.2,COOLING_DEGRADATION,NORMAL
Cooling Degradation,21.300000000000033,GROUND,803.0,0.0,0.0,47.0,40.800000000000004,49.1,COOLING_DEGRADATION,NORMAL
Cooling Degradation,21.400000000000034,GROUND,798.0,0.0,0.0,46.5,43.900000000000006,49.900000000000006,COOLING_DEGRADATION,NORMAL
Cooling Degradation,21.500000000000036,GROUND,810.0,0.0,0.0,45.300000000000004,43.6,48.7,COOLING_DEGRADATION,NORMAL
Cooling Degradation,21.600000000000037,GROUND,801.0,0.0,0.0,45.2,43.2,49.1,COOLING_DEGRADATION,NORMAL
Cooling Degradation,21.70000000000004,GROUND,802.0,0.0,0.0,46.300000000000004,45.900000000000006,49.5,COOLING_DEGRADATION,NORMAL
Cooling Degradation,21.80000000000004,GROUND,803.0,0.0,0.0,45.7,43.300000000000004,48.900000000000006,COOLING_DEGRADATION,NORMAL
Cooling Degradation,21.90000000000004,GROUND,803.0,0.0,0.0,46.5,47.6,49.900000000000006,COOLING_DEGRADATION,NORMAL
Cooling Degradation,22.000000000000043,GROUND,800.0,0.0,0.0,45.5,42.800000000000004,49.2,COOLING_DEGRADATION,NORMAL
Cooling Degradation,22.100000000000044,GROUND,800.0,0.0,0.0,45.6,44.1,49.5,COOLING_DEGRADATION,NORMAL
Cooling Degradation,22.200000000000045,GROUND,792.0,0.0,0.0,45.6,44.800000000000004,48.5,COOLING_DEGRADATION,NORMAL
Cooling Degradation,22.300000000000047,GROUND,796.0,0.0,0.0,46.1,43.6,49.5,COOLING_DEGRADATION,NORMAL
Cooling Degradation,22.40000000000005,GROUND,800.0,0.0,0.0,45.300000000000004,47.7,49.300000000000004,COOLING_DEGRADATION,NORMAL
Cooling Degradation,22.50000000000005,GROUND,794.0,0.0,0.0,46.2,46.7,49.400000000000006,COOLING_DEGRADATION,NORMAL
Cooling Degradation,22.60000000000005,GROUND,803.0,0.0,0.0,46.0,44.1,49.2,COOLING_DEGRADATION,NORMAL
Cooling Degradation,22.700000000000053,GROUND,802.0,0.0,0.0,45.400000000000006,45.300000000000004,48.6,COOLING_DEGRADATION,NORMAL
Cooling Degradation,22.800000000000054,GROUND,793.0,0.0,0.0,46.0,44.400000000000006,48.800000000000004,COOLING_DEGRADATION,NORMAL
Cooling Degradation,22.900000000000055,GROUND,809.0,0.0,0.0,46.0,45.300000000000004,50.300000000000004,COOLING_DEGRADATION,NORMAL
Cooling Degradation,23.000000000000057,GROUND,800.0,0.0,0.0,46.0,43.2,49.1,COOLING_DEGRADATION,NORMAL
Cooling Degradation,23.10000000000006,GROUND,805.0,0.0,0.0,45.1,45.5,50.5,COOLING_DEGRADATION,NORMAL
Cooling Degradation,23.20000000000006,GROUND,799.0,0.0,0.0,45.300000000000004,44.800000000000004,49.900000000000006,COOLING_DEGRADATION,NORMAL
Cooling Degradation,23.30000000000006,GROUND,792.0,0.0,0.0,46.1,44.300000000000004,49.400000000000006,COOLING_DEGRADATION,NORMAL
Cooling Degradation,23.400000000000063,GROUND,797.0,0.0,0.0,45.900000000000006,46.2,49.6,COOLING_DEGRADATION,NORMAL
Cooling Degradation,23.500000000000064,GROUND,808.0,0.0,0.0,47.300000000000004,43.900000000000006,49.800000000000004,COOLING_DEGRADATION,NORMAL
Cooling Degradation,23.600000000000065,GROUND,801.0,0.0,0.0,44.800000000000004,43.800000000000004,50.1,COOLING_DEGRADATION,NORMAL
Cooling Degradation,23.700000000000067,GROUND,802.0,0.0,0.0,44.7,45.6,50.400000000000006,COOLING_DEGRADATION,NORMAL
Cooling Degradation,23.800000000000068,GROUND,795.0,0.0,0.0,44.800000000000004,44.900000000000006,48.900000000000006,COOLING_DEGRADATION,NORMAL
Cooling Degradation,23.90000000000007,GROUND,801.0,0.0,0.0,46.2,44.1,48.900000000000006,COOLING_DEGRADATION,NORMAL
Cooling Degradation,24.00000000000007,GROUND,792.0,0.0,0.0,47.0,46.0,49.400000000000006,COOLING_DEGRADATION,NORMAL
Cooling Degradation,24.100000000000072,GROUND,794.0,0.0,0.0,47.0,44.400000000000006,49.7,COOLING_DEGRADATION,NORMAL
Cooling Degradation,24.200000000000074,GROUND,799.0,0.0,0.0,46.1,45.2,49.300000000000004,COOLING_DEGRADATION,NORMAL
Cooling Degradation,24.300000000000075,GROUND,806.0,0.0,0.0,45.400000000000006,47.0,47.6,COOLING_DEGRADATION,NORMAL
Cooling Degradation,24.400000000000077,GROUND,798.0,0.0,0.0,45.6,46.900000000000006,48.300000000000004,COOLING_DEGRADATION,NORMAL
Cooling Degradation,24.500000000000078,GROUND,794.0,0.0,0.0,45.900000000000006,44.7,48.2,COOLING_DEGRADATION,NORMAL
Cooling Degradation,24.60000000000008,GROUND,795.0,0.0,0.0,45.2,45.7,49.2,COOLING_DEGRADATION,NORMAL
Cooling Degradation,24.70000000000008,GROUND,803.0,0.0,0.0,45.2,46.0,49.6,COOLING_DEGRADATION,NORMAL
Cooling Degradation,24.800000000000082,GROUND,796.0,0.0,0.0,46.0,44.6,49.7,COOLING_DEGRADATION,NORMAL
Cooling Degradation,24.900000000000084,GROUND,795.0,0.0,0.0,46.0,44.900000000000006,48.5,COOLING_DEGRADATION,NORMAL
Cooling Degradation,25.000000000000085,GROUND,795.0,0.0,0.0,45.2,45.400000000000006,49.0,COOLING_DEGRADATION,NORMAL
Cooling Degradation,25.100000000000087,GROUND,797.0,0.0,0.0,45.800000000000004,46.800000000000004,50.400000000000006,COOLING_DEGRADATION,NORMAL
Cooling Degradation,25.200000000000088,GROUND,793.0,0.0,0.0,45.5,46.300000000000004,49.400000000000006,COOLING_DEGRADATION,NORMAL
Cooling Degradation,25.30000000000009,GROUND,796.0,0.0,0.0,45.300000000000004,43.900000000000006,48.900000000000006,COOLING_DEGRADATION,NORMAL
Cooling Degradation,25.40000000000009,GROUND,801.0,0.0,0.0,45.7,45.300000000000004,49.400000000000006,COOLING_DEGRADATION,NORMAL
Cooling Degradation,25.500000000000092,GROUND,803.0,0.0,0.0,44.900000000000006,45.800000000000004,48.800000000000004,COOLING_DEGRADATION,NORMAL
Cooling Degradation,25.600000000000094,GROUND,812.0,0.0,0.0,45.7,48.2,48.5,COOLING_DEGRADATION,NORMAL
Cooling Degradation,25.700000000000095,GROUND,801.0,0.0,0.0,45.7,46.900000000000006,49.1,COOLING_DEGRADATION,NORMAL
Cooling Degradation,25.800000000000097,GROUND,804.0,0.0,0.0,46.400000000000006,46.6,48.6,COOLING_DEGRADATION,NORMAL
Cooling Degradation,25.900000000000098,GROUND,798.0,0.0,0.0,45.800000000000004,47.0,48.900000000000006,COOLING_DEGRADATION,NORMAL
Cooling Degradation,26.0000000000001,GROUND,804.0,0.0,0.0,45.900000000000006,45.900000000000006,49.300000000000004,COOLING_DEGRADATION,NORMAL
Cooling Degradation,26.1000000000001,GROUND,796.0,0.0,0.0,45.5,44.800000000000004,49.2,COOLING_DEGRADATION,NORMAL
Cooling Degradation,26.200000000000102,GROUND,796.0,0.0,0.0,45.6,46.6,48.300000000000004,COOLING_DEGRADATION,NORMAL
Cooling Degradation,26.300000000000104,GROUND,804.0,0.0,0.0,46.2,46.400000000000006,49.6,COOLING_DEGRADATION,NORMAL
Cooling Degradation,26.400000000000105,GROUND,796.0,0.0,0.0,45.400000000000006,46.800000000000004,47.7,COOLING_DEGRADATION,NORMAL
Cooling Degradation,26.500000000000107,GROUND,801.0,0.0,0.0,45.6,48.800000000000004,48.5,COOLING_DEGRADATION,NORMAL
Cooling Degradation,26.600000000000108,GROUND,794.0,0.0,0.0,45.0,47.400000000000006,49.300000000000004,COOLING_DEGRADATION,NORMAL
Cooling Degradation,26.70000000000011,GROUND,798.0,0.0,0.0,45.300000000000004,47.0,49.0,COOLING_DEGRADATION,NORMAL
Cooling Degradation,26.80000000000011,GROUND,804.0,0.0,0.0,46.400000000000006,46.2,48.5,COOLING_DEGRADATION,NORMAL
Cooling Degradation,26.900000000000112,GROUND,801.0,0.0,0.0,45.400000000000006,45.400000000000006,48.2,COOLING_DEGRADATION,NORMAL
Cooling Degradation,27.000000000000114,GROUND,800.0,0.0,0.0,45.0,45.400000000000006,48.0,COOLING_DEGRADATION,NORMAL
Cooling Degradation,27.100000000000115,GROUND,799.0,0.0,0.0,45.2,46.300000000000004,48.900000000000006,COOLING_DEGRADATION,NORMAL
Cooling Degradation,27.200000000000117,GROUND,804.0,0.0,0.0,45.2,45.400000000000006,48.7,COOLING_DEGRADATION,NORMAL
Cooling Degradation,27.300000000000118,GROUND,801.0,0.0,0.0,45.800000000000004,44.800000000000004,48.800000000000004,COOLING_DEGRADATION,NORMAL
Cooling Degradation,27.40000000000012,GROUND,803.0,0.0,0.0,46.6,45.7,49.800000000000004,COOLING_DEGRADATION,NORMAL
Cooling Degradation,27.50000000000012,GROUND,796.0,0.0,0.0,44.900000000000006,46.6,48.300000000000004,COOLING_DEGRADATION,NORMAL
Cooling Degradation,27.600000000000122,GROUND,802.0,0.0,0.0,46.0,47.2,49.5,COOLING_DEGRADATION,NORMAL
Cooling Degradation,27.700000000000124,GROUND,804.0,0.0,0.0,45.900000000000006,45.800000000000004,49.7,COOLING_DEGRADATION,NORMAL
Cooling Degradation,27.800000000000125,GROUND,802.0,0.0,0.0,45.900000000000006,45.7,48.300000000000004,COOLING_DEGRADATION,NORMAL
Cooling Degradation,27.900000000000126,GROUND,792.0,0.0,0.0,45.0,47.1,49.300000000000004,COOLING_DEGRADATION,NORMAL
Cooling Degradation,28.000000000000128,GROUND,797.0,0.0,0.0,46.400000000000006,44.5,50.2,COOLING_DEGRADATION,NORMAL
Cooling Degradation,28.10000000000013,GROUND,797.0,0.0,0.0,45.1,46.7,49.6,COOLING_DEGRADATION,NORMAL
Cooling Degradation,28.20000000000013,GROUND,802.0,0.0,0.0,45.7,46.400000000000006,50.300000000000004,COOLING_DEGRADATION,NORMAL
Cooling Degradation,28.300000000000132,GROUND,791.0,0.0,0.0,45.900000000000006,45.0,48.300000000000004,COOLING_DEGRADATION,NORMAL
Cooling Degradation,28.400000000000134,GROUND,796.0,0.0,0.0,45.6,46.6,49.7,COOLING_DEGRADATION,NORMAL
Cooling Degradation,28.500000000000135,GROUND,797.0,0.0,0.0,47.0,46.5,49.2,COOLING_DEGRADATION,NORMAL
Cooling Degradation,28.600000000000136,GROUND,802.0,0.0,0.0,44.6,47.5,49.1,COOLING_DEGRADATION,NORMAL
Cooling Degradation,28.700000000000138,GROUND,794.0,0.0,0.0,45.5,45.900000000000006,48.400000000000006,COOLING_DEGRADATION,NORMAL
Cooling Degradation,28.80000000000014,GROUND,807.0,0.0,0.0,45.5,48.400000000000006,47.900000000000006,COOLING_DEGRADATION,NORMAL
Cooling Degradation,28.90000000000014,GROUND,795.0,0.0,0.0,45.5,48.2,48.800000000000004,COOLING_DEGRADATION,NORMAL
Cooling Degradation,29.000000000000142,GROUND,807.0,0.0,0.0,45.6,45.800000000000004,49.900000000000006,COOLING_DEGRADATION,NORMAL
Cooling Degradation,29.100000000000144,GROUND,800.0,0.0,0.0,45.400000000000006,48.0,48.2,COOLING_DEGRADATION,NORMAL
Cooling Degradation,29.200000000000145,GROUND,789.0,0.0,0.0,46.1,48.2,48.5,COOLING_DEGRADATION,NORMAL
Cooling Degradation,29.300000000000146,GROUND,803.0,0.0,0.0,45.5,47.2,48.2,COOLING_DEGRADATION,NORMAL
Cooling Degradation,29.400000000000148,GROUND,807.0,0.0,0.0,44.2,46.5,49.2,COOLING_DEGRADATION,NORMAL
Cooling Degradation,29.50000000000015,GROUND,799.0,0.0,0.0,45.2,47.0,48.900000000000006,COOLING_DEGRADATION,NORMAL
Cooling Degradation,29.60000000000015,GROUND,791.0,0.0,0.0,44.5,46.300000000000004,48.400000000000006,COOLING_DEGRADATION,NORMAL
Cooling Degradation,29.700000000000152,GROUND,809.0,0.0,0.0,46.0,47.1,49.6,COOLING_DEGRADATION,NORMAL
Cooling Degradation,29.800000000000153,GROUND,805.0,0.0,0.0,45.6,46.400000000000006,49.6,COOLING_DEGRADATION,NORMAL
Cooling Degradation,29.900000000000155,GROUND,790.0,0.0,0.0,46.2,48.1,48.800000000000004,COOLING_DEGRADATION,NORMAL
Cooling Degradation,30.000000000000156,TAKEOFF,959.0,85.00000000000003,1.7368822429691337e-12,44.800000000000004,46.300000000000004,50.2,COOLING_DEGRADATION,NORMAL
Cooling Degradation,30.100000000000158,TAKEOFF,1102.0,85.02222222222225,1.1111111111128638,46.300000000000004,48.800000000000004,49.5,COOLING_DEGRADATION,NORMAL
Cooling Degradation,30.20000000000016,TAKEOFF,1269.0,85.04444444444448,2.2222222222239907,46.1,50.5,49.0,COOLING_DEGRADATION,NORMAL
Cooling Degradation,30.30000000000016,TAKEOFF,1421.0,85.0666666666667,3.333333333335118,46.800000000000004,51.5,49.0,COOLING_DEGRADATION,NORMAL
Cooling Degradation,30.400000000000162,TAKEOFF,1577.0,85.08888888888893,4.444444444446244,45.800000000000004,54.1,49.2,COOLING_DEGRADATION,NORMAL
Cooling Degradation,30.500000000000163,TAKEOFF,1740.0,85.11111111111114,5.555555555557371,45.7,55.800000000000004,49.7,COOLING_DEGRADATION,NORMAL
Cooling Degradation,30.600000000000165,TAKEOFF,1903.0,85.13333333333337,6.666666666668498,47.7,58.900000000000006,49.6,COOLING_DEGRADATION,NORMAL
Cooling Degradation,30.700000000000166,TAKEOFF,2040.0,85.1555555555556,7.777777777779625,46.800000000000004,62.400000000000006,49.1,COOLING_DEGRADATION,NORMAL
Cooling Degradation,30.800000000000168,TAKEOFF,2199.0,85.17777777777782,8.888888888890753,45.6,63.1,49.0,COOLING_DEGRADATION,NORMAL
Cooling Degradation,30.90000000000017,TAKEOFF,2344.0,85.20000000000003,10.00000000000188,46.900000000000006,68.60000000000001,48.0,COOLING_DEGRADATION,NORMAL
Cooling Degradation,31.00000000000017,TAKEOFF,2492.0,85.22222222222226,11.111111111113006,46.300000000000004,72.3,49.0,COOLING_DEGRADATION,NORMAL
Cooling Degradation,31.100000000000172,TAKEOFF,2631.0,85.24444444444448,12.222222222224133,47.6,74.4,48.900000000000006,COOLING_DEGRADATION,NORMAL
Cooling Degradation,31.200000000000173,TAKEOFF,2773.0,85.26666666666671,13.33333333333526,47.7,79.80000000000001,49.400000000000006,COOLING_DEGRADATION,NORMAL
Cooling Degradation,31.300000000000175,TAKEOFF,2912.0,85.28888888888893,14.444444444446386,47.2,82.10000000000001,48.6,COOLING_DEGRADATION,NORMAL
Cooling Degradation,31.400000000000176,TAKEOFF,3042.0,85.31111111111115,15.555555555557513,47.300000000000004,87.30000000000001,49.300000000000004,COOLING_DEGRADATION,NORMAL
Cooling Degradation,31.500000000000178,TAKEOFF,3166.0,85.33333333333337,16.66666666666864,47.7,91.30000000000001,49.0,COOLING_DEGRADATION,NORMAL
Cooling Degradation,31.60000000000018,TAKEOFF,3287.0,85.3555555555556,17.777777777779765,49.5,94.2,48.5,COOLING_DEGRADATION,NORMAL
Cooling Degradation,31.70000000000018,TAKEOFF,3396.0,85.37777777777782,18.888888888890893,47.800000000000004,99.30000000000001,49.1,COOLING_DEGRADATION,NORMAL
Cooling Degradation,31.800000000000182,TAKEOFF,3518.0,85.40000000000003,20.000000000002018,48.0,103.0,48.800000000000004,COOLING_DEGRADATION,NORMAL
Cooling Degradation,31.900000000000183,TAKEOFF,3620.0,85.42222222222226,21.11111111111315,48.900000000000006,108.9,50.300000000000004,COOLING_DEGRADATION,NORMAL
Cooling Degradation,32.000000000000185,TAKEOFF,3721.0,85.44444444444449,22.222222222224275,49.0,109.80000000000001,48.7,COOLING_DEGRADATION,NORMAL
Cooling Degradation,32.100000000000186,TAKEOFF,3817.0,85.46666666666671,23.333333333335403,49.900000000000006,114.60000000000001,49.800000000000004,COOLING_DEGRADATION,NORMAL
Cooling Degradation,32.20000000000019,TAKEOFF,3912.0,85.48888888888894,24.44444444444653,50.1,120.0,49.6,COOLING_DEGRADATION,NORMAL
Cooling Degradation,32.30000000000019,TAKEOFF,3998.0,85.51111111111115,25.555555555557657,49.800000000000004,124.60000000000001,48.5,COOLING_DEGRADATION,NORMAL
Cooling Degradation,32.40000000000019,TAKEOFF,4073.0,85.53333333333337,26.66666666666878,51.1,128.20000000000002,49.400000000000006,COOLING_DEGRADATION,NORMAL
Cooling Degradation,32.50000000000019,TAKEOFF,4161.0,85.5555555555556,27.77777777777991,50.6,133.6,48.6,COOLING_DEGRADATION,NORMAL
Cooling Degradation,32.60000000000019,TAKEOFF,4223.0,85.57777777777783,28.888888888891035,51.6,137.1,50.800000000000004,COOLING_DEGRADATION,NORMAL
Cooling Degradation,32.700000000000195,TAKEOFF,4294.0,85.60000000000004,30.000000000002164,51.300000000000004,140.1,51.400000000000006,COOLING_DEGRADATION,NORMAL
Cooling Degradation,32.800000000000196,TAKEOFF,4354.0,85.62222222222226,31.11111111111329,51.6,145.0,49.2,COOLING_DEGRADATION,NORMAL
Cooling Degradation,32.9000000000002,TAKEOFF,4412.0,85.64444444444449,32.22222222222442,51.5,149.6,50.5,COOLING_DEGRADATION,NORMAL
Cooling Degradation,33.0000000000002,TAKEOFF,4459.0,85.66666666666671,33.333333333335545,52.2,153.60000000000002,50.400000000000006,COOLING_DEGRADATION,NORMAL
Cooling Degradation,33.1000000000002,TAKEOFF,4513.0,85.68888888888894,34.444444444446674,53.0,156.9,50.300000000000004,COOLING_DEGRADATION,NORMAL
Cooling Degradation,33.2000000000002,TAKEOFF,4569.0,85.71111111111115,35.555555555557795,53.5,160.70000000000002,49.800000000000004,COOLING_DEGRADATION,NORMAL
Cooling Degradation,33.3000000000002,TAKEOFF,4611.0,85.73333333333338,36.666666666668924,53.7,164.8,50.2,COOLING_DEGRADATION,NORMAL
Cooling Degradation,33.400000000000205,TAKEOFF,4643.0,85.7555555555556,37.77777777778005,54.1,169.10000000000002,50.6,COOLING_DEGRADATION,NORMAL
Cooling Degradation,33.500000000000206,TAKEOFF,4684.0,85.77777777777783,38.88888888889118,53.300000000000004,172.70000000000002,49.400000000000006,COOLING_DEGRADATION,NORMAL
Cooling Degradation,33.60000000000021,TAKEOFF,4715.0,85.80000000000004,40.0000000000023,54.2,176.20000000000002,51.400000000000006,COOLING_DEGRADATION,NORMAL
Cooling Degradation,33.70000000000021,TAKEOFF,4758.0,85.82222222222227,41.11111111111343,54.0,181.4,50.1,COOLING_DEGRADATION,NORMAL
Cooling Degradation,33.80000000000021,TAKEOFF,4775.0,85.84444444444449,42.22222222222456,55.0,182.10000000000002,49.5,COOLING_DEGRADATION,NORMAL
Cooling Degradation,33.90000000000021,TAKEOFF,4804.0,85.86666666666672,43.33333333333569,55.7,186.70000000000002,49.0,COOLING_DEGRADATION,NORMAL
Cooling Degradation,34.00000000000021,TAKEOFF,4820.0,85.88888888888894,44.44444444444681,56.300000000000004,189.70000000000002,49.2,COOLING_DEGRADATION,NORMAL
Cooling Degradation,34.100000000000215,TAKEOFF,4848.0,85.91111111111115,45.55555555555794,56.2,193.9,51.1,COOLING_DEGRADATION,NORMAL
Cooling Degradation,34.200000000000216,TAKEOFF,4877.0,85.93333333333338,46.66666666666907,56.2,194.20000000000002,50.5,COOLING_DEGRADATION,NORMAL
Cooling Degradation,34.30000000000022,TAKEOFF,4894.0,85.9555555555556,47.777777777780194,56.7,198.20000000000002,49.6,COOLING_DEGRADATION,NORMAL
Cooling Degradation,34.40000000000022,TAKEOFF,4911.0,85.97777777777783,48.88888888889132,56.900000000000006,201.0,51.5,COOLING_DEGRADATION,NORMAL
Cooling Degradation,34.50000000000022,TAKEOFF,4923.0,86.00000000000004,50.000000000002444,57.7,205.5,51.7,COOLING_DEGRADATION,NORMAL
Cooling Degradation,34.60000000000022,TAKEOFF,4941.0,86.02222222222227,51.11111111111358,59.1,206.60000000000002,50.7,COOLING_DEGRADATION,NORMAL
Cooling Degradation,34.70000000000022,TAKEOFF,4958.0,86.0444444444445,52.2222222222247,60.0,209.0,51.2,COOLING_DEGRADATION,NORMAL
Cooling Degradation,34.800000000000225,TAKEOFF,4978.0,86.06666666666672,53.33333333333583,58.900000000000006,210.0,51.7,COOLING_DEGRADATION,NORMAL
Cooling Degradation,34.900000000000226,TAKEOFF,4986.0,86.08888888888895,54.44444444444695,58.7,214.5,51.1,COOLING_DEGRADATION,NORMAL
Cooling Degradation,35.00000000000023,TAKEOFF,4995.0,86.11111111111116,55.55555555555809,60.7,216.20000000000002,51.400000000000006,COOLING_DEGRADATION,NORMAL
Cooling Degradation,35.10000000000023,TAKEOFF,4993.0,86.13333333333338,56.66666666666921,58.7,216.5,51.6,COOLING_DEGRADATION,NORMAL
Cooling Degradation,35.20000000000023,TAKEOFF,5012.0,86.15555555555561,57.77777777778034,59.900000000000006,220.4,51.0,COOLING_DEGRADATION,NORMAL
Cooling Degradation,35.30000000000023,TAKEOFF,5024.0,86.17777777777783,58.88888888889146,60.2,223.4,51.5,COOLING_DEGRADATION,NORMAL
Cooling Degradation,35.40000000000023,TAKEOFF,5036.0,86.20000000000005,60.00000000000259,61.1,223.70000000000002,51.5,COOLING_DEGRADATION,NORMAL
Cooling Degradation,35.500000000000234,TAKEOFF,5035.0,86.22222222222227,61.111111111113715,61.400000000000006,224.5,51.7,COOLING_DEGRADATION,NORMAL
Cooling Degradation,35.600000000000236,TAKEOFF,5039.0,86.2444444444445,62.22222222222484,62.0,228.4,51.900000000000006,COOLING_DEGRADATION,NORMAL
Cooling Degradation,35.70000000000024,TAKEOFF,5048.0,86.26666666666672,63.33333333333598,62.5,232.20000000000002,51.7,COOLING_DEGRADATION,NORMAL
Cooling Degradation,35.80000000000024,TAKEOFF,5059.0,86.28888888888895,64.4444444444471,61.2,230.5,51.400000000000006,COOLING_DEGRADATION,NORMAL
Cooling Degradation,35.90000000000024,TAKEOFF,5058.0,86.31111111111116,65.55555555555823,61.800000000000004,233.3,51.7,COOLING_DEGRADATION,NORMAL
Cooling Degradation,36.00000000000024,TAKEOFF,5066.0,86.33333333333339,66.66666666666934,63.0,234.20000000000002,51.5,COOLING_DEGRADATION,NORMAL
Cooling Degradation,36.10000000000024,TAKEOFF,5070.0,86.35555555555561,67.77777777778047,63.400000000000006,236.20000000000002,51.2,COOLING_DEGRADATION,NORMAL
Cooling Degradation,36.200000000000244,TAKEOFF,5075.0,86.37777777777784,68.88888888889161,63.800000000000004,237.5,52.300000000000004,COOLING_DEGRADATION,NORMAL
Cooling Degradation,36.300000000000246,TAKEOFF,5077.0,86.40000000000005,70.00000000000273,63.800000000000004,239.4,52.1,COOLING_DEGRADATION,NORMAL
Cooling Degradation,36.40000000000025,TAKEOFF,5086.0,86.42222222222227,71.11111111111386,63.300000000000004,241.3,51.300000000000004,COOLING_DEGRADATION,NORMAL
Cooling Degradation,36.50000000000025,TAKEOFF,5086.0,86.4444444444445,72.22222222222499,64.9,243.8,52.0,COOLING_DEGRADATION,NORMAL
Cooling Degradation,36.60000000000025,TAKEOFF,5087.0,86.46666666666673,73.33333333333611,63.900000000000006,242.10000000000002,52.2,COOLING_DEGRADATION,NORMAL
Cooling Degradation,36.70000000000025,TAKEOFF,5097.0,86.48888888888895,74.44444444444724,64.9,242.4,52.5,COOLING_DEGRADATION,NORMAL
Cooling Degradation,36.80000000000025,TAKEOFF,5093.0,86.51111111111116,75.55555555555836,65.60000000000001,247.10000000000002,52.900000000000006,COOLING_DEGRADATION,NORMAL
Cooling Degradation,36.900000000000254,TAKEOFF,5104.0,86.53333333333339,76.66666666666949,65.4,247.0,52.2,COOLING_DEGRADATION,NORMAL
Cooling Degradation,37.000000000000256,TAKEOFF,5101.0,86.55555555555561,77.77777777778063,66.0,247.3,52.400000000000006,COOLING_DEGRADATION,NORMAL
Cooling Degradation,37.10000000000026,TAKEOFF,5106.0,86.57777777777784,78.88888888889174,67.60000000000001,247.5,53.7,COOLING_DEGRADATION,NORMAL
Cooling Degradation,37.20000000000026,TAKEOFF,5101.0,86.60000000000005,80.00000000000287,66.9,251.4,51.5,COOLING_DEGRADATION,NORMAL
Cooling Degradation,37.30000000000026,TAKEOFF,5105.0,86.62222222222228,81.11111111111401,66.8,251.20000000000002,53.1,COOLING_DEGRADATION,NORMAL
Cooling Degradation,37.40000000000026,TAKEOFF,5113.0,86.6444444444445,82.22222222222513,67.5,251.0,53.5,COOLING_DEGRADATION,NORMAL
Cooling Degradation,37.50000000000026,TAKEOFF,5110.0,86.66666666666673,83.33333333333626,68.4,252.60000000000002,53.2,COOLING_DEGRADATION,NORMAL
Cooling Degradation,37.600000000000264,TAKEOFF,5110.0,86.68888888888895,84.44444444444737,68.0,253.3,52.800000000000004,COOLING_DEGRADATION,NORMAL
Cooling Degradation,37.700000000000266,TAKEOFF,5120.0,86.71111111111117,85.55555555555851,67.7,255.5,53.7,COOLING_DEGRADATION,NORMAL
Cooling Degradation,37.80000000000027,TAKEOFF,5115.0,86.73333333333339,86.66666666666964,70.3,255.8,53.400000000000006,COOLING_DEGRADATION,NORMAL
Cooling Degradation,37.90000000000027,TAKEOFF,5118.0,86.75555555555562,87.77777777778076,69.7,255.3,51.5,COOLING_DEGRADATION,NORMAL
Cooling Degradation,38.00000000000027,TAKEOFF,5128.0,86.77777777777784,88.88888888889188,69.10000000000001,256.8,53.5,COOLING_DEGRADATION,NORMAL
Cooling Degradation,38.10000000000027,TAKEOFF,5130.0,86.80000000000005,90.00000000000303,70.0,258.1,53.6,COOLING_DEGRADATION,NORMAL
Cooling Degradation,38.20000000000027,TAKEOFF,5117.0,86.82222222222228,91.11111111111414,70.60000000000001,259.7,53.6,COOLING_DEGRADATION,NORMAL
Cooling Degradation,38.300000000000274,TAKEOFF,5124.0,86.8444444444445,92.22222222222527,71.3,258.3,53.0,COOLING_DEGRADATION,NORMAL
Cooling Degradation,38.400000000000276,TAKEOFF,5132.0,86.86666666666673,93.33333333333638,70.9,258.90000000000003,53.2,COOLING_DEGRADATION,NORMAL
Cooling Degradation,38.50000000000028,TAKEOFF,5129.0,86.88888888888896,94.44444444444753,72.0,261.8,53.6,COOLING_DEGRADATION,NORMAL
Cooling Degradation,38.60000000000028,TAKEOFF,5135.0,86.91111111111117,95.55555555555866,71.7,262.5,54.5,COOLING_DEGRADATION,NORMAL
Cooling Degradation,38.70000000000028,TAKEOFF,5135.0,86.9333333333334,96.66666666666977,72.10000000000001,263.0,53.1,COOLING_DEGRADATION,NORMAL
Cooling Degradation,38.80000000000028,TAKEOFF,5132.0,86.95555555555562,97.77777777778091,72.10000000000001,263.8,52.800000000000004,COOLING_DEGRADATION,NORMAL
Cooling Degradation,38.90000000000028,TAKEOFF,5138.0,86.97777777777785,98.88888888889204,72.0,263.8,54.2,COOLING_DEGRADATION,NORMAL
Cooling Degradation,39.000000000000284,TAKEOFF,5131.0,87.00000000000006,100.00000000000315,73.60000000000001,263.3,53.800000000000004,COOLING_DEGRADATION,NORMAL
Cooling Degradation,39.100000000000286,TAKEOFF,5127.0,87.02222222222228,101.11111111111428,72.5,266.6,53.400000000000006,COOLING_DEGRADATION,NORMAL
Cooling Degradation,39.20000000000029,TAKEOFF,5143.0,87.04444444444451,102.22222222222541,73.9,265.6,53.6,COOLING_DEGRADATION,NORMAL
Cooling Degradation,39.30000000000029,TAKEOFF,5140.0,87.06666666666673,103.33333333333654,73.60000000000001,266.1,54.1,COOLING_DEGRADATION,NORMAL
Cooling Degradation,39.40000000000029,TAKEOFF,5141.0,87.08888888888896,104.44444444444767,74.3,265.90000000000003,53.300000000000004,COOLING_DEGRADATION,NORMAL
Cooling Degradation,39.50000000000029,TAKEOFF,5145.0,87.11111111111117,105.55555555555878,75.2,267.0,54.1,COOLING_DEGRADATION,NORMAL
Cooling Degradation,39.60000000000029,TAKEOFF,5146.0,87.1333333333334,106.66666666666993,75.7,267.0,52.800000000000004,COOLING_DEGRADATION,NORMAL
Cooling Degradation,39.700000000000294,TAKEOFF,5146.0,87.15555555555562,107.77777777778105,75.2,268.90000000000003,55.0,COOLING_DEGRADATION,NORMAL
Cooling Degradation,39.800000000000296,TAKEOFF,5141.0,87.17777777777785,108.88888888889217,75.5,265.90000000000003,53.6,COOLING_DEGRADATION,NORMAL
Cooling Degradation,39.9000000000003,TAKEOFF,5148.0,87.20000000000006,110.0000000000033,75.60000000000001,269.1,54.0,COOLING_DEGRADATION,NORMAL
Cooling Degradation,40.0000000000003,TAKEOFF,5155.0,87.22222222222229,111.11111111111443,76.0,268.0,54.800000000000004,COOLING_DEGRADATION,NORMAL
Cooling Degradation,40.1000000000003,TAKEOFF,5146.0,87.24444444444451,112.22222222222555,76.60000000000001,269.8,54.1,COOLING_DEGRADATION,NORMAL
Cooling Degradation,40.2000000000003,TAKEOFF,5156.0,87.26666666666674,113.33333333333668,77.80000000000001,270.2,53.800000000000004,COOLING_DEGRADATION,NORMAL
Cooling Degradation,40.3000000000003,TAKEOFF,5144.0,87.28888888888896,114.44444444444781,77.5,270.2,53.800000000000004,COOLING_DEGRADATION,NORMAL
Cooling Degradation,40.400000000000304,TAKEOFF,5148.0,87.31111111111117,115.55555555555894,77.10000000000001,270.3,54.6,COOLING_DEGRADATION,NORMAL
Cooling Degradation,40.500000000000306,TAKEOFF,5157.0,87.3333333333334,116.66666666667005,77.60000000000001,270.7,55.1,COOLING_DEGRADATION,NORMAL
Cooling Degradation,40.60000000000031,TAKEOFF,5148.0,87.35555555555563,117.77777777778118,78.10000000000001,272.1,54.900000000000006,COOLING_DEGRADATION,NORMAL
Cooling Degradation,40.70000000000031,TAKEOFF,5160.0,87.37777777777785,118.88888888889232,77.7,272.3,55.0,COOLING_DEGRADATION,NORMAL
Cooling Degradation,40.80000000000031,TAKEOFF,5145.0,87.40000000000006,120.00000000000344,78.5,270.3,55.1,COOLING_DEGRADATION,NORMAL
Cooling Degradation,40.90000000000031,TAKEOFF,5167.0,87.42222222222229,121.11111111111457,78.2,272.1,56.2,COOLING_DEGRADATION,NORMAL
Cooling Degradation,41.00000000000031,TAKEOFF,5169.0,87.44444444444451,122.2222222222257,79.80000000000001,271.40000000000003,55.6,COOLING_DEGRADATION,NORMAL
Cooling Degradation,41.100000000000314,TAKEOFF,5164.0,87.46666666666674,123.33333333333682,80.4,273.40000000000003,55.7,COOLING_DEGRADATION,NORMAL
Cooling Degradation,41.200000000000315,TAKEOFF,5156.0,87.48888888888897,124.44444444444795,79.4,273.0,54.7,COOLING_DEGRADATION,NORMAL
Cooling Degradation,41.30000000000032,TAKEOFF,5155.0,87.51111111111118,125.55555555555908,79.9,274.3,56.0,COOLING_DEGRADATION,NORMAL
Cooling Degradation,41.40000000000032,TAKEOFF,5158.0,87.5333333333334,126.6666666666702,80.0,272.2,55.400000000000006,COOLING_DEGRADATION,NORMAL
Cooling Degradation,41.50000000000032,TAKEOFF,5160.0,87.55555555555563,127.77777777778132,81.10000000000001,272.2,55.7,COOLING_DEGRADATION,NORMAL
Cooling Degradation,41.60000000000032,TAKEOFF,5161.0,87.57777777777785,128.88888888889247,81.7,273.40000000000003,55.5,COOLING_DEGRADATION,NORMAL
Cooling Degradation,41.70000000000032,TAKEOFF,5159.0,87.60000000000007,130.00000000000358,81.7,275.5,57.1,COOLING_DEGRADATION,NORMAL
Cooling Degradation,41.800000000000324,TAKEOFF,5162.0,87.62222222222229,131.1111111111147,81.60000000000001,273.40000000000003,55.800000000000004,COOLING_DEGRADATION,NORMAL
Cooling Degradation,41.900000000000325,TAKEOFF,5170.0,87.64444444444452,132.22222222222584,82.0,274.40000000000003,56.7,COOLING_DEGRADATION,NORMAL
Cooling Degradation,42.00000000000033,TAKEOFF,5154.0,87.66666666666674,133.33333333333698,82.5,274.7,55.5,COOLING_DEGRADATION,NORMAL
Cooling Degradation,42.10000000000033,TAKEOFF,5161.0,87.68888888888897,134.4444444444481,83.2,276.90000000000003,55.0,COOLING_DEGRADATION,NORMAL
Cooling Degradation,42.20000000000033,TAKEOFF,5169.0,87.71111111111118,135.55555555555924,83.4,273.8,55.7,COOLING_DEGRADATION,NORMAL
Cooling Degradation,42.30000000000033,TAKEOFF,5167.0,87.7333333333334,136.66666666667035,83.60000000000001,276.6,55.800000000000004,COOLING_DEGRADATION,NORMAL
Cooling Degradation,42.40000000000033,TAKEOFF,5175.0,87.75555555555563,137.77777777778147,83.5,275.3,56.400000000000006,COOLING_DEGRADATION,NORMAL
Cooling Degradation,42.500000000000334,TAKEOFF,5168.0,87.77777777777786,138.88888888889258,84.30000000000001,276.3,55.800000000000004,COOLING_DEGRADATION,NORMAL
Cooling Degradation,42.600000000000335,TAKEOFF,5183.0,87.80000000000007,140.00000000000372,84.60000000000001,275.0,55.1,COOLING_DEGRADATION,NORMAL
Cooling Degradation,42.70000000000034,TAKEOFF,5168.0,87.8222222222223,141.11111111111484,85.7,275.40000000000003,56.6,COOLING_DEGRADATION,NORMAL
Cooling Degradation,42.80000000000034,TAKEOFF,5170.0,87.84444444444452,142.22222222222598,85.0,275.6,55.6,COOLING_DEGRADATION,NORMAL
Cooling Degradation,42.90000000000034,TAKEOFF,5170.0,87.86666666666675,143.33333333333712,86.60000000000001,276.7,56.300000000000004,COOLING_DEGRADATION,NORMAL
Cooling Degradation,43.00000000000034,TAKEOFF,5171.0,87.88888888888897,144.44444444444824,85.9,277.6,56.1,COOLING_DEGRADATION,NORMAL
Cooling Degradation,43.10000000000034,TAKEOFF,5182.0,87.91111111111118,145.55555555555935,86.2,276.1,56.1,COOLING_DEGRADATION,NORMAL
Cooling Degradation,43.200000000000344,TAKEOFF,5178.0,87.93333333333341,146.6666666666705,86.10000000000001,277.2,55.7,COOLING_DEGRADATION,NORMAL
Cooling Degradation,43.300000000000345,TAKEOFF,5175.0,87.95555555555563,147.7777777777816,87.10000000000001,277.90000000000003,55.900000000000006,COOLING_DEGRADATION,NORMAL
Cooling Degradation,43.40000000000035,TAKEOFF,5166.0,87.97777777777786,148.88888888889272,87.5,277.6,58.2,COOLING_DEGRADATION,NORMAL
Cooling Degradation,43.50000000000035,TAKEOFF,5177.0,88.00000000000007,150.0000000000039,87.30000000000001,277.6,57.0,COOLING_DEGRADATION,NORMAL
Cooling Degradation,43.60000000000035,TAKEOFF,5176.0,88.0222222222223,151.111111111115,87.80000000000001,280.0,56.900000000000006,COOLING_DEGRADATION,NORMAL
Cooling Degradation,43.70000000000035,TAKEOFF,5175.0,88.04444444444452,152.22222222222612,87.60000000000001,278.3,56.6,COOLING_DEGRADATION,NORMAL
Cooling Degradation,43.80000000000035,TAKEOFF,5177.0,88.06666666666675,153.33333333333727,89.2,276.1,56.300000000000004,COOLING_DEGRADATION,NORMAL
Cooling Degradation,43.900000000000354,TAKEOFF,5180.0,88.08888888888897,154.44444444444838,88.30000000000001,277.5,56.6,COOLING_DEGRADATION,NORMAL
Cooling Degradation,44.000000000000355,TAKEOFF,5188.0,88.11111111111119,155.5555555555595,88.60000000000001,279.7,57.2,COOLING_DEGRADATION,NORMAL
Cooling Degradation,44.10000000000036,TAKEOFF,5190.0,88.13333333333341,156.6666666666706,89.80000000000001,279.0,56.6,COOLING_DEGRADATION,NORMAL
Cooling Degradation,44.20000000000036,TAKEOFF,5183.0,88.15555555555564,157.77777777778175,88.7,275.8,57.5,COOLING_DEGRADATION,NORMAL
Cooling Degradation,44.30000000000036,TAKEOFF,5193.0,88.17777777777786,158.8888888888929,90.80000000000001,279.2,57.800000000000004,COOLING_DEGRADATION,TREND
Cooling Degradation,44.40000000000036,TAKEOFF,5177.0,88.20000000000007,160.000000000004,89.7,278.6,58.2,COOLING_DEGRADATION,NORMAL
Cooling Degradation,44.50000000000036,TAKEOFF,5190.0,88.2222222222223,161.11111111111515,90.0,278.5,56.800000000000004,COOLING_DEGRADATION,NORMAL
Cooling Degradation,44.600000000000364,TAKEOFF,5186.0,88.24444444444453,162.22222222222626,92.7,279.40000000000003,57.900000000000006,COOLING_DEGRADATION,TREND
Cooling Degradation,44.700000000000365,TAKEOFF,5186.0,88.26666666666675,163.33333333333738,90.9,276.90000000000003,56.5,COOLING_DEGRADATION,TREND
Cooling Degradation,44.80000000000037,TAKEOFF,5191.0,88.28888888888898,164.44444444444852,91.0,277.7,57.300000000000004,COOLING_DEGRADATION,TREND
Cooling Degradation,44.90000000000037,TAKEOFF,5193.0,88.31111111111119,165.55555555555964,92.0,277.3,57.400000000000006,COOLING_DEGRADATION,TREND
Cooling Degradation,45.00000000000037,TAKEOFF,5202.0,88.33333333333341,166.66666666667078,92.2,278.40000000000003,57.800000000000004,COOLING_DEGRADATION,TREND
Cooling Degradation,45.10000000000037,TAKEOFF,5196.0,88.35555555555564,167.77777777778192,92.4,279.6,57.800000000000004,COOLING_DEGRADATION,TREND
Cooling Degradation,45.20000000000037,TAKEOFF,5196.0,88.37777777777787,168.88888888889304,92.30000000000001,279.3,57.6,COOLING_DEGRADATION,TREND
Cooling Degradation,45.300000000000374,TAKEOFF,5195.0,88.40000000000008,170.00000000000415,92.80000000000001,279.90000000000003,57.300000000000004,COOLING_DEGRADATION,TREND
Cooling Degradation,45.400000000000375,TAKEOFF,5197.0,88.4222222222223,171.11111111111526,93.0,279.3,58.2,COOLING_DEGRADATION,TREND
Cooling Degradation,45.50000000000038,TAKEOFF,5194.0,88.44444444444453,172.2222222222264,94.7,278.90000000000003,58.1,COOLING_DEGRADATION,TREND
Cooling Degradation,45.60000000000038,TAKEOFF,5197.0,88.46666666666675,173.33333333333752,94.2,278.2,57.6,COOLING_DEGRADATION,TREND
Cooling Degradation,45.70000000000038,TAKEOFF,5204.0,88.48888888888898,174.44444444444864,94.10000000000001,278.40000000000003,58.1,COOLING_DEGRADATION,TREND
Cooling Degradation,45.80000000000038,TAKEOFF,5203.0,88.51111111111119,175.5555555555598,93.9,281.2,58.300000000000004,COOLING_DEGRADATION,TREND
Cooling Degradation,45.90000000000038,TAKEOFF,5202.0,88.53333333333342,176.66666666667092,95.2,277.2,59.0,COOLING_DEGRADATION,TREND
Cooling Degradation,46.000000000000384,TAKEOFF,5204.0,88.55555555555564,177.77777777778203,94.5,280.0,58.5,COOLING_DEGRADATION,TREND
Cooling Degradation,46.100000000000385,TAKEOFF,5202.0,88.57777777777787,178.88888888889318,95.60000000000001,279.0,58.1,COOLING_DEGRADATION,TREND
Cooling Degradation,46.20000000000039,TAKEOFF,5198.0,88.60000000000008,180.0000000000043,95.10000000000001,277.5,57.2,COOLING_DEGRADATION,TREND
Cooling Degradation,46.30000000000039,TAKEOFF,5211.0,88.6222222222223,181.1111111111154,96.10000000000001,279.40000000000003,58.900000000000006,COOLING_DEGRADATION,TREND
Cooling Degradation,46.40000000000039,TAKEOFF,5201.0,88.64444444444453,182.22222222222655,95.10000000000001,277.8,57.6,COOLING_DEGRADATION,TREND
Cooling Degradation,46.50000000000039,TAKEOFF,5204.0,88.66666666666676,183.3333333333377,95.80000000000001,278.3,58.300000000000004,COOLING_DEGRADATION,TREND
Cooling Degradation,46.60000000000039,TAKEOFF,5199.0,88.68888888888898,184.4444444444488,96.30000000000001,278.0,57.900000000000006,COOLING_DEGRADATION,TREND
Cooling Degradation,46.700000000000394,TAKEOFF,5208.0,88.7111111111112,185.55555555555995,96.30000000000001,280.2,58.5,COOLING_DEGRADATION,TREND
Cooling Degradation,46.800000000000395,TAKEOFF,5202.0,88.73333333333342,186.66666666667106,97.30000000000001,279.6,59.900000000000006,COOLING_DEGRADATION,TREND
Cooling Degradation,46.9000000000004,TAKEOFF,5211.0,88.75555555555565,187.77777777778218,96.80000000000001,279.40000000000003,58.1,COOLING_DEGRADATION,TREND
Cooling Degradation,47.0000000000004,TAKEOFF,5212.0,88.77777777777787,188.8888888888933,98.10000000000001,277.7,58.2,COOLING_DEGRADATION,TREND
Cooling Degradation,47.1000000000004,TAKEOFF,5218.0,88.80000000000008,190.00000000000443,97.0,278.7,59.5,COOLING_DEGRADATION,TREND
Cooling Degradation,47.2000000000004,TAKEOFF,5212.0,88.82222222222231,191.11111111111555,99.10000000000001,280.6,59.0,COOLING_DEGRADATION,TREND
Cooling Degradation,47.3000000000004,TAKEOFF,5211.0,88.84444444444453,192.2222222222267,98.80000000000001,279.3,59.1,COOLING_DEGRADATION,TREND
Cooling Degradation,47.400000000000404,TAKEOFF,5218.0,88.86666666666676,193.33333333333783,98.5,279.90000000000003,58.900000000000006,COOLING_DEGRADATION,TREND
Cooling Degradation,47.500000000000405,TAKEOFF,5208.0,88.88888888888899,194.44444444444895,98.7,280.6,58.800000000000004,COOLING_DEGRADATION,TREND
Cooling Degradation,47.600000000000406,TAKEOFF,5213.0,88.9111111111112,195.55555555556006,99.10000000000001,280.40000000000003,59.5,COOLING_DEGRADATION,TREND
Cooling Degradation,47.70000000000041,TAKEOFF,5220.0,88.93333333333342,196.6666666666712,99.0,281.0,58.800000000000004,COOLING_DEGRADATION,TREND
Cooling Degradation,47.80000000000041,TAKEOFF,5216.0,88.95555555555565,197.77777777778232,100.0,281.1,60.300000000000004,COOLING_DEGRADATION,TREND
Cooling Degradation,47.90000000000041,TAKEOFF,5215.0,88.97777777777787,198.88888888889343,100.60000000000001,279.3,58.2,COOLING_DEGRADATION,TREND
Cooling Degradation,48.00000000000041,TAKEOFF,5217.0,89.00000000000009,200.0000000000046,100.30000000000001,280.2,60.2,COOLING_DEGRADATION,TREND
Cooling Degradation,48.10000000000041,TAKEOFF,5226.0,89.02222222222231,201.11111111111572,99.5,279.8,59.300000000000004,COOLING_DEGRADATION,TREND
Cooling Degradation,48.200000000000415,TAKEOFF,5216.0,89.04444444444454,202.22222222222683,101.80000000000001,280.0,59.1,COOLING_DEGRADATION,TREND
Cooling Degradation,48.300000000000416,TAKEOFF,5222.0,89.06666666666676,203.33333333333798,101.80000000000001,278.8,59.400000000000006,COOLING_DEGRADATION,TREND
Cooling Degradation,48.40000000000042,TAKEOFF,5221.0,89.08888888888899,204.4444444444491,101.9,279.6,60.0,COOLING_DEGRADATION,TREND
Cooling Degradation,48.50000000000042,TAKEOFF,5217.0,89.1111111111112,205.5555555555602,101.5,280.5,60.1,COOLING_DEGRADATION,TREND
Cooling Degradation,48.60000000000042,TAKEOFF,5220.0,89.13333333333343,206.66666666667132,101.5,282.7,60.900000000000006,COOLING_DEGRADATION,TREND
Cooling Degradation,48.70000000000042,TAKEOFF,5226.0,89.15555555555565,207.77777777778246,102.0,281.0,59.5,COOLING_DEGRADATION,TREND
Cooling Degradation,48.80000000000042,TAKEOFF,5223.0,89.17777777777788,208.8888888888936,103.30000000000001,280.5,60.800000000000004,COOLING_DEGRADATION,TREND
Cooling Degradation,48.900000000000425,TAKEOFF,5224.0,89.20000000000009,210.00000000000472,102.30000000000001,280.3,60.0,COOLING_DEGRADATION,TREND
Cooling Degradation,49.000000000000426,TAKEOFF,5225.0,89.22222222222231,211.11111111111586,103.10000000000001,280.7,59.5,COOLING_DEGRADATION,TREND
Cooling Degradation,49.10000000000043,TAKEOFF,5228.0,89.24444444444454,212.22222222222697,102.80000000000001,281.8,61.0,COOLING_DEGRADATION,TREND
Cooling Degradation,49.20000000000043,TAKEOFF,5239.0,89.26666666666677,213.3333333333381,103.2,279.5,60.300000000000004,COOLING_DEGRADATION,TREND
Cooling Degradation,49.30000000000043,TAKEOFF,5229.0,89.28888888888899,214.44444444444923,104.9,279.8,60.7,COOLING_DEGRADATION,TREND
Cooling Degradation,49.40000000000043,TAKEOFF,5228.0,89.3111111111112,215.55555555556035,103.9,279.7,59.5,COOLING_DEGRADATION,TREND
Cooling Degradation,49.50000000000043,TAKEOFF,5240.0,89.33333333333343,216.6666666666715,104.2,280.6,60.800000000000004,COOLING_DEGRADATION,TREND
Cooling Degradation,49.600000000000435,TAKEOFF,5240.0,89.35555555555565,217.77777777778263,105.10000000000001,281.0,61.7,COOLING_DEGRADATION,TREND
Cooling Degradation,49.700000000000436,TAKEOFF,5228.0,89.37777777777788,218.88888888889375,104.60000000000001,282.2,61.5,COOLING_DEGRADATION,TREND
Cooling Degradation,49.80000000000044,TAKEOFF,5234.0,89.40000000000009,220.00000000000486,106.7,280.5,60.800000000000004,COOLING_DEGRADATION,TREND
Cooling Degradation,49.90000000000044,TAKEOFF,5237.0,89.42222222222232,221.11111111111597,105.2,282.1,61.0,COOLING_DEGRADATION,TREND
Cooling Degradation,50.00000000000044,TAKEOFF,5236.0,89.44444444444454,222.22222222222712,106.30000000000001,282.40000000000003,59.7,COOLING_DEGRADATION,TREND
Cooling Degradation,50.10000000000044,TAKEOFF,5237.0,89.46666666666677,223.33333333333823,105.5,280.6,59.900000000000006,COOLING_DEGRADATION,TREND
Cooling Degradation,50.20000000000044,TAKEOFF,5235.0,89.488888888889,224.44444444444935,106.30000000000001,281.90000000000003,61.2,COOLING_DEGRADATION,TREND
Cooling Degradation,50.300000000000445,TAKEOFF,5243.0,89.5111111111112,225.55555555556052,108.2,281.1,60.800000000000004,COOLING_DEGRADATION,TREND
Cooling Degradation,50.400000000000446,TAKEOFF,5235.0,89.53333333333343,226.66666666667163,106.60000000000001,279.6,60.7,COOLING_DEGRADATION,TREND
Cooling Degradation,50.50000000000045,TAKEOFF,5242.0,89.55555555555566,227.77777777778275,107.60000000000001,281.0,60.1,COOLING_DEGRADATION,TREND
Cooling Degradation,50.60000000000045,TAKEOFF,5248.0,89.57777777777788,228.8888888888939,108.4,282.40000000000003,59.2,COOLING_DEGRADATION,TREND
Cooling Degradation,50.70000000000045,TAKEOFF,5243.0,89.6000000000001,230.000000000005,108.4,281.1,61.2,COOLING_DEGRADATION,TREND
Cooling Degradation,50.80000000000045,TAKEOFF,5235.0,89.62222222222232,231.11111111111612,107.7,280.2,61.300000000000004,COOLING_DEGRADATION,TREND
Cooling Degradation,50.90000000000045,TAKEOFF,5237.0,89.64444444444455,232.22222222222726,108.4,280.3,61.0,COOLING_DEGRADATION,TREND
Cooling Degradation,51.000000000000455,TAKEOFF,5243.0,89.66666666666677,233.3333333333384,107.5,280.7,62.1,COOLING_DEGRADATION,TREND
Cooling Degradation,51.100000000000456,TAKEOFF,5243.0,89.688888888889,234.44444444444952,108.9,279.7,60.300000000000004,COOLING_DEGRADATION,TREND
Cooling Degradation,51.20000000000046,TAKEOFF,5241.0,89.71111111111121,235.55555555556066,109.0,281.8,61.7,COOLING_DEGRADATION,TREND
Cooling Degradation,51.30000000000046,TAKEOFF,5249.0,89.73333333333343,236.66666666667177,108.60000000000001,282.5,61.6,COOLING_DEGRADATION,TREND
Cooling Degradation,51.40000000000046,TAKEOFF,5250.0,89.75555555555566,237.7777777777829,110.7,281.6,62.0,COOLING_DEGRADATION,TREND
Cooling Degradation,51.50000000000046,TAKEOFF,5257.0,89.77777777777789,238.888888888894,110.30000000000001,282.2,60.300000000000004,COOLING_DEGRADATION,TREND
Cooling Degradation,51.60000000000046,TAKEOFF,5244.0,89.8000000000001,240.00000000000514,110.10000000000001,280.7,60.0,COOLING_DEGRADATION,TREND
Cooling Degradation,51.700000000000465,TAKEOFF,5250.0,89.82222222222232,241.11111111111626,110.5,280.6,62.2,COOLING_DEGRADATION,TREND
Cooling Degradation,51.800000000000466,TAKEOFF,5243.0,89.84444444444455,242.2222222222274,110.2,281.1,60.7,COOLING_DEGRADATION,TREND
Cooling Degradation,51.90000000000047,TAKEOFF,5259.0,89.86666666666677,243.33333333333854,111.2,280.2,62.2,COOLING_DEGRADATION,TREND
Cooling Degradation,52.00000000000047,TAKEOFF,5251.0,89.888888888889,244.44444444444966,111.7,279.6,62.800000000000004,COOLING_DEGRADATION,TREND
Cooling Degradation,52.10000000000047,TAKEOFF,5260.0,89.91111111111121,245.55555555556077,110.80000000000001,279.90000000000003,62.1,COOLING_DEGRADATION,TREND
Cooling Degradation,52.20000000000047,TAKEOFF,5253.0,89.93333333333344,246.66666666667192,111.2,281.6,62.1,COOLING_DEGRADATION,TREND
Cooling Degradation,52.30000000000047,TAKEOFF,5261.0,89.95555555555566,247.77777777778303,111.7,281.8,62.2,COOLING_DEGRADATION,TREND
Cooling Degradation,52.400000000000475,TAKEOFF,5262.0,89.97777777777789,248.88888888889414,111.80000000000001,280.2,61.0,COOLING_DEGRADATION,TREND
Cooling Degradation,52.500000000000476,TAKEOFF,5251.0,90.0000000000001,250.0000000000053,111.10000000000001,281.40000000000003,62.2,COOLING_DEGRADATION,TREND
Cooling Degradation,52.60000000000048,TAKEOFF,5253.0,90.02222222222233,251.1111111111164,113.7,281.1,63.400000000000006,COOLING_DEGRADATION,TREND
Cooling Degradation,52.70000000000048,TAKEOFF,5252.0,90.04444444444455,252.22222222222757,112.30000000000001,280.8,62.800000000000004,COOLING_DEGRADATION,TREND
Cooling Degradation,52.80000000000048,TAKEOFF,5264.0,90.06666666666678,253.3333333333387,113.0,282.1,61.900000000000006,COOLING_DEGRADATION,TREND
Cooling Degradation,52.90000000000048,TAKEOFF,5263.0,90.088888888889,254.4444444444498,112.60000000000001,281.40000000000003,62.7,COOLING_DEGRADATION,TREND
Cooling Degradation,53.00000000000048,TAKEOFF,5266.0,90.11111111111121,255.55555555556091,113.30000000000001,282.1,62.5,COOLING_DEGRADATION,TREND
Cooling Degradation,53.100000000000485,TAKEOFF,5260.0,90.13333333333344,256.66666666667203,114.2,280.6,63.400000000000006,COOLING_DEGRADATION,TREND
Cooling Degradation,53.200000000000486,TAKEOFF,5267.0,90.15555555555567,257.7777777777832,114.2,280.90000000000003,63.300000000000004,COOLING_DEGRADATION,TREND
Cooling Degradation,53.30000000000049,TAKEOFF,5257.0,90.17777777777789,258.8888888888943,114.10000000000001,280.90000000000003,62.300000000000004,COOLING_DEGRADATION,TREND
Cooling Degradation,53.40000000000049,TAKEOFF,5260.0,90.2000000000001,260.00000000000546,114.30000000000001,280.40000000000003,63.5,COOLING_DEGRADATION,TREND
Cooling Degradation,53.50000000000049,TAKEOFF,5265.0,90.22222222222233,261.11111111111654,114.9,282.0,62.5,COOLING_DEGRADATION,TREND
Cooling Degradation,53.60000000000049,TAKEOFF,5275.0,90.24444444444455,262.2222222222277,114.5,281.40000000000003,63.300000000000004,COOLING_DEGRADATION,TREND
Cooling Degradation,53.70000000000049,TAKEOFF,5275.0,90.26666666666678,263.3333333333388,115.7,280.5,63.800000000000004,COOLING_DEGRADATION,TREND
Cooling Degradation,53.800000000000495,TAKEOFF,5259.0,90.288888888889,264.4444444444499,116.60000000000001,281.0,64.10000000000001,COOLING_DEGRADATION,TREND
Cooling Degradation,53.900000000000496,TAKEOFF,5270.0,90.31111111111122,265.55555555556106,116.0,280.40000000000003,62.6,COOLING_DEGRADATION,TREND
Cooling Degradation,54.0000000000005,TAKEOFF,5270.0,90.33333333333344,266.6666666666722,116.30000000000001,284.1,63.900000000000006,COOLING_DEGRADATION,TREND
Cooling Degradation,54.1000000000005,TAKEOFF,5274.0,90.35555555555567,267.77777777778334,116.2,281.6,63.1,COOLING_DEGRADATION,TREND
Cooling Degradation,54.2000000000005,TAKEOFF,5273.0,90.3777777777779,268.8888888888944,116.80000000000001,280.7,63.800000000000004,COOLING_DEGRADATION,TREND
Cooling Degradation,54.3000000000005,TAKEOFF,5279.0,90.4000000000001,270.00000000000557,117.10000000000001,282.2,63.0,COOLING_DEGRADATION,TREND
Cooling Degradation,54.4000000000005,TAKEOFF,5268.0,90.42222222222233,271.1111111111167,116.5,284.1,63.400000000000006,COOLING_DEGRADATION,TREND
Cooling Degradation,54.500000000000504,TAKEOFF,5281.0,90.44444444444456,272.2222222222278,117.30000000000001,282.0,62.800000000000004,COOLING_DEGRADATION,TREND
Cooling Degradation,54.600000000000506,TAKEOFF,5271.0,90.46666666666678,273.333333333339,117.5,281.5,63.900000000000006,COOLING_DEGRADATION,TREND
Cooling Degradation,54.70000000000051,TAKEOFF,5271.0,90.48888888888901,274.4444444444501,117.80000000000001,280.90000000000003,63.800000000000004,COOLING_DEGRADATION,TREND
Cooling Degradation,54.80000000000051,TAKEOFF,5269.0,90.51111111111122,275.5555555555612,117.60000000000001,281.2,64.10000000000001,COOLING_DEGRADATION,TREND
Cooling Degradation,54.90000000000051,TAKEOFF,5274.0,90.53333333333345,276.6666666666723,118.60000000000001,281.2,63.800000000000004,COOLING_DEGRADATION,TREND
Cooling Degradation,55.00000000000051,TAKEOFF,5276.0,90.55555555555567,277.77777777778346,119.5,281.90000000000003,62.800000000000004,COOLING_DEGRADATION,TREND
Cooling Degradation,55.10000000000051,TAKEOFF,5271.0,90.5777777777779,278.8888888888946,118.30000000000001,282.40000000000003,64.60000000000001,COOLING_DEGRADATION,TREND
Cooling Degradation,55.200000000000514,TAKEOFF,5277.0,90.60000000000011,280.0000000000057,118.5,282.6,64.3,COOLING_DEGRADATION,TREND
Cooling Degradation,55.300000000000516,TAKEOFF,5284.0,90.62222222222233,281.1111111111169,118.4,282.5,64.0,COOLING_DEGRADATION,TREND
Cooling Degradation,55.40000000000052,TAKEOFF,5282.0,90.64444444444456,282.22222222222797,120.60000000000001,282.6,64.5,COOLING_DEGRADATION,WARNING
Cooling Degradation,55.50000000000052,TAKEOFF,5280.0,90.66666666666679,283.3333333333391,119.7,282.5,64.60000000000001,COOLING_DEGRADATION,TREND
Cooling Degradation,55.60000000000052,TAKEOFF,5280.0,90.68888888888901,284.4444444444502,119.4,281.40000000000003,65.0,COOLING_DEGRADATION,TREND
Cooling Degradation,55.70000000000052,TAKEOFF,5277.0,90.71111111111122,285.55555555556134,120.4,282.0,64.5,COOLING_DEGRADATION,WARNING
Cooling Degradation,55.80000000000052,TAKEOFF,5280.0,90.73333333333345,286.6666666666724,121.0,280.2,64.4,COOLING_DEGRADATION,WARNING
Cooling Degradation,55.900000000000524,TAKEOFF,5278.0,90.75555555555567,287.7777777777836,120.80000000000001,281.6,64.7,COOLING_DEGRADATION,WARNING
Cooling Degradation,56.000000000000526,TAKEOFF,5277.0,90.7777777777779,288.88888888889477,120.5,282.7,64.60000000000001,COOLING_DEGRADATION,WARNING
Cooling Degradation,56.10000000000053,TAKEOFF,5281.0,90.80000000000011,290.00000000000585,121.7,281.6,63.6,COOLING_DEGRADATION,WARNING
Cooling Degradation,56.20000000000053,TAKEOFF,5288.0,90.82222222222234,291.111111111117,120.7,282.1,65.0,COOLING_DEGRADATION,WARNING
Cooling Degradation,56.30000000000053,TAKEOFF,5289.0,90.84444444444456,292.2222222222281,121.80000000000001,281.7,63.7,COOLING_DEGRADATION,WARNING
Cooling Degradation,56.40000000000053,TAKEOFF,5284.0,90.86666666666679,293.3333333333392,122.10000000000001,283.1,65.3,COOLING_DEGRADATION,WARNING
Cooling Degradation,56.50000000000053,TAKEOFF,5288.0,90.88888888888901,294.44444444445037,122.4,281.2,65.4,COOLING_DEGRADATION,WARNING
Cooling Degradation,56.600000000000534,TAKEOFF,5280.0,90.91111111111123,295.5555555555615,121.9,280.3,64.3,COOLING_DEGRADATION,WARNING
Cooling Degradation,56.700000000000536,TAKEOFF,5291.0,90.93333333333345,296.66666666667265,122.7,282.90000000000003,65.3,COOLING_DEGRADATION,WARNING
Cooling Degradation,56.80000000000054,TAKEOFF,5284.0,90.95555555555568,297.77777777778374,123.10000000000001,282.1,65.3,COOLING_DEGRADATION,WARNING
Cooling Degradation,56.90000000000054,TAKEOFF,5290.0,90.9777777777779,298.8888888888949,122.9,281.90000000000003,65.7,COOLING_DEGRADATION,WARNING
Cooling Degradation,57.00000000000054,TAKEOFF,5290.0,91.00000000000011,300.00000000000597,123.30000000000001,282.40000000000003,65.10000000000001,COOLING_DEGRADATION,WARNING
Cooling Degradation,57.10000000000054,TAKEOFF,5293.0,91.02222222222234,301.1111111111171,123.80000000000001,281.8,64.9,COOLING_DEGRADATION,WARNING
Cooling Degradation,57.20000000000054,TAKEOFF,5293.0,91.04444444444457,302.22222222222825,123.2,281.5,65.3,COOLING_DEGRADATION,WARNING
Cooling Degradation,57.300000000000544,TAKEOFF,5294.0,91.06666666666679,303.3333333333394,124.2,281.0,65.7,COOLING_DEGRADATION,WARNING
Cooling Degradation,57.400000000000546,TAKEOFF,5306.0,91.08888888888902,304.44444444445054,125.0,283.1,66.7,COOLING_DEGRADATION,WARNING
Cooling Degradation,57.50000000000055,TAKEOFF,5301.0,91.11111111111123,305.5555555555616,124.80000000000001,283.1,66.10000000000001,COOLING_DEGRADATION,WARNING
Cooling Degradation,57.60000000000055,TAKEOFF,5299.0,91.13333333333345,306.66666666667277,123.60000000000001,282.1,65.5,COOLING_DEGRADATION,WARNING
Cooling Degradation,57.70000000000055,TAKEOFF,5300.0,91.15555555555568,307.77777777778385,125.10000000000001,282.8,66.0,COOLING_DEGRADATION,WARNING
Cooling Degradation,57.80000000000055,TAKEOFF,5298.0,91.1777777777779,308.88888888889505,124.4,281.40000000000003,65.10000000000001,COOLING_DEGRADATION,WARNING
Cooling Degradation,57.90000000000055,TAKEOFF,5299.0,91.20000000000013,310.00000000000614,124.7,283.1,65.8,COOLING_DEGRADATION,WARNING
Cooling Degradation,58.000000000000554,TAKEOFF,5300.0,91.22222222222234,311.1111111111173,124.80000000000001,282.90000000000003,65.8,COOLING_DEGRADATION,WARNING
Cooling Degradation,58.100000000000556,TAKEOFF,5305.0,91.24444444444457,312.2222222222284,124.60000000000001,284.90000000000003,65.9,COOLING_DEGRADATION,WARNING
Cooling Degradation,58.20000000000056,TAKEOFF,5293.0,91.2666666666668,313.3333333333395,126.0,283.5,66.0,COOLING_DEGRADATION,WARNING
Cooling Degradation,58.30000000000056,TAKEOFF,5300.0,91.288888888889,314.44444444445065,126.10000000000001,283.0,66.2,COOLING_DEGRADATION,WARNING
Cooling Degradation,58.40000000000056,TAKEOFF,5305.0,91.31111111111123,315.55555555556174,126.10000000000001,281.8,65.9,COOLING_DEGRADATION,WARNING
Cooling Degradation,58.50000000000056,TAKEOFF,5302.0,91.33333333333346,316.66666666667294,126.60000000000001,281.6,66.10000000000001,COOLING_DEGRADATION,WARNING
Cooling Degradation,58.60000000000056,TAKEOFF,5301.0,91.35555555555568,317.777777777784,126.5,283.6,66.5,COOLING_DEGRADATION,WARNING
Cooling Degradation,58.700000000000564,TAKEOFF,5300.0,91.37777777777791,318.88888888889517,126.7,282.3,66.7,COOLING_DEGRADATION,WARNING
Cooling Degradation,58.800000000000566,TAKEOFF,5298.0,91.40000000000012,320.00000000000625,126.60000000000001,281.2,66.4,COOLING_DEGRADATION,WARNING
Cooling Degradation,58.90000000000057,TAKEOFF,5304.0,91.42222222222235,321.1111111111174,126.9,283.0,67.7,COOLING_DEGRADATION,WARNING
Cooling Degradation,59.00000000000057,TAKEOFF,5309.0,91.44444444444457,322.22222222222854,128.70000000000002,282.2,66.4,COOLING_DEGRADATION,WARNING
Cooling Degradation,59.10000000000057,TAKEOFF,5304.0,91.4666666666668,323.3333333333397,127.5,282.7,67.2,COOLING_DEGRADATION,WARNING
Cooling Degradation,59.20000000000057,TAKEOFF,5317.0,91.48888888888902,324.4444444444508,127.9,284.3,65.10000000000001,COOLING_DEGRADATION,WARNING
Cooling Degradation,59.30000000000057,TAKEOFF,5305.0,91.51111111111123,325.5555555555619,128.9,283.2,67.0,COOLING_DEGRADATION,WARNING
Cooling Degradation,59.400000000000574,TAKEOFF,5315.0,91.53333333333346,326.66666666667305,128.5,282.40000000000003,67.2,COOLING_DEGRADATION,WARNING
Cooling Degradation,59.500000000000576,TAKEOFF,5313.0,91.55555555555569,327.77777777778414,129.20000000000002,282.2,66.2,COOLING_DEGRADATION,WARNING
Cooling Degradation,59.60000000000058,TAKEOFF,5306.0,91.57777777777791,328.8888888888953,129.0,282.8,66.60000000000001,COOLING_DEGRADATION,WARNING
Cooling Degradation,59.70000000000058,TAKEOFF,5309.0,91.60000000000012,330.0000000000064,129.70000000000002,282.3,67.10000000000001,COOLING_DEGRADATION,WARNING
Cooling Degradation,59.80000000000058,TAKEOFF,5309.0,91.62222222222235,331.11111111111757,129.70000000000002,280.7,67.60000000000001,COOLING_DEGRADATION,WARNING
Cooling Degradation,59.90000000000058,TAKEOFF,5311.0,91.64444444444457,332.2222222222287,130.0,281.90000000000003,67.4,COOLING_DEGRADATION,WARNING
Cooling Degradation,60.00000000000058,TAKEOFF,5313.0,91.6666666666668,333.3333333333398,129.5,281.5,68.5,COOLING_DEGRADATION,WARNING
Cooling Degradation,60.100000000000584,TAKEOFF,5311.0,91.68888888888902,334.44444444445094,129.9,283.0,67.10000000000001,COOLING_DEGRADATION,WARNING
Cooling Degradation,60.200000000000585,TAKEOFF,5321.0,91.71111111111124,335.555555555562,130.20000000000002,280.5,66.5,COOLING_DEGRADATION,WARNING
Cooling Degradation,60.30000000000059,TAKEOFF,5331.0,91.73333333333346,336.66666666667317,130.6,282.7,67.10000000000001,COOLING_DEGRADATION,WARNING
Cooling Degradation,60.40000000000059,TAKEOFF,5312.0,91.75555555555569,337.77777777778437,130.9,283.6,66.9,COOLING_DEGRADATION,WARNING
Cooling Degradation,60.50000000000059,TAKEOFF,5313.0,91.77777777777791,338.88888888889545,131.6,281.3,67.5,COOLING_DEGRADATION,WARNING
Cooling Degradation,60.60000000000059,TAKEOFF,5316.0,91.80000000000013,340.0000000000066,131.20000000000002,281.90000000000003,68.0,COOLING_DEGRADATION,WARNING
Cooling Degradation,60.70000000000059,TAKEOFF,5312.0,91.82222222222235,341.1111111111177,130.5,284.90000000000003,67.4,COOLING_DEGRADATION,WARNING
Cooling Degradation,60.800000000000594,TAKEOFF,5328.0,91.84444444444458,342.2222222222288,132.4,282.0,67.3,COOLING_DEGRADATION,WARNING
Cooling Degradation,60.900000000000595,TAKEOFF,5325.0,91.8666666666668,343.3333333333399,131.3,283.7,68.5,COOLING_DEGRADATION,WARNING
Cooling Degradation,61.0000000000006,TAKEOFF,5324.0,91.88888888888903,344.4444444444511,132.4,283.40000000000003,67.5,COOLING_DEGRADATION,WARNING
Cooling Degradation,61.1000000000006,TAKEOFF,5321.0,91.91111111111124,345.5555555555622,132.1,282.8,68.2,COOLING_DEGRADATION,WARNING
Cooling Degradation,61.2000000000006,TAKEOFF,5325.0,91.93333333333347,346.66666666667334,131.9,284.90000000000003,67.5,COOLING_DEGRADATION,WARNING
Cooling Degradation,61.3000000000006,TAKEOFF,5334.0,91.95555555555569,347.7777777777845,133.1,282.90000000000003,67.3,COOLING_DEGRADATION,WARNING
Cooling Degradation,61.4000000000006,TAKEOFF,5329.0,91.97777777777792,348.88888888889556,133.0,283.2,67.3,COOLING_DEGRADATION,WARNING
Cooling Degradation,61.500000000000604,TAKEOFF,5330.0,92.00000000000013,350.0000000000067,133.5,283.6,68.9,COOLING_DEGRADATION,WARNING
Cooling Degradation,61.600000000000605,TAKEOFF,5335.0,92.02222222222235,351.1111111111178,134.3,283.1,68.4,COOLING_DEGRADATION,WARNING
Cooling Degradation,61.70000000000061,TAKEOFF,5326.0,92.04444444444458,352.222222222229,134.3,282.3,68.9,COOLING_DEGRADATION,WARNING
Cooling Degradation,61.80000000000061,TAKEOFF,5323.0,92.0666666666668,353.3333333333401,133.4,282.8,68.8,COOLING_DEGRADATION,WARNING
Cooling Degradation,61.90000000000061,TAKEOFF,5331.0,92.08888888888903,354.4444444444512,134.4,283.6,69.4,COOLING_DEGRADATION,WARNING
Cooling Degradation,62.00000000000061,TAKEOFF,5330.0,92.11111111111124,355.55555555556236,134.4,283.40000000000003,69.2,COOLING_DEGRADATION,WARNING
Cooling Degradation,62.10000000000061,TAKEOFF,5334.0,92.13333333333347,356.66666666667345,133.6,282.5,69.2,COOLING_DEGRADATION,WARNING
Cooling Degradation,62.200000000000614,TAKEOFF,5323.0,92.1555555555557,357.7777777777846,134.70000000000002,282.90000000000003,68.8,COOLING_DEGRADATION,WARNING
Cooling Degradation,62.300000000000615,TAKEOFF,5342.0,92.17777777777792,358.88888888889574,135.0,283.2,69.4,COOLING_DEGRADATION,WARNING
Cooling Degradation,62.40000000000062,TAKEOFF,5336.0,92.20000000000013,360.0000000000069,135.4,284.0,69.8,COOLING_DEGRADATION,WARNING
Cooling Degradation,62.50000000000062,TAKEOFF,5329.0,92.22222222222236,361.11111111111796,135.6,284.40000000000003,67.9,COOLING_DEGRADATION,WARNING
Cooling Degradation,62.60000000000062,TAKEOFF,5337.0,92.24444444444458,362.2222222222291,136.0,282.6,69.0,COOLING_DEGRADATION,WARNING
Cooling Degradation,62.70000000000062,TAKEOFF,5336.0,92.26666666666681,363.33333333334025,136.1,284.8,69.8,COOLING_DEGRADATION,WARNING
Cooling Degradation,62.80000000000062,TAKEOFF,5330.0,92.28888888888903,364.44444444445134,136.1,281.8,69.9,COOLING_DEGRADATION,WARNING
Cooling Degradation,62.900000000000624,TAKEOFF,5341.0,92.31111111111125,365.5555555555625,135.9,283.0,69.0,COOLING_DEGRADATION,WARNING
Cooling Degradation,63.000000000000625,TAKEOFF,5346.0,92.33333333333347,366.6666666666736,135.6,285.40000000000003,68.60000000000001,COOLING_DEGRADATION,WARNING
Cooling Degradation,63.10000000000063,TAKEOFF,5334.0,92.3555555555557,367.77777777778476,137.5,283.7,69.10000000000001,COOLING_DEGRADATION,WARNING
Cooling Degradation,63.20000000000063,TAKEOFF,5335.0,92.37777777777792,368.88888888889585,136.70000000000002,284.40000000000003,68.9,COOLING_DEGRADATION,WARNING
Cooling Degradation,63.30000000000063,TAKEOFF,5343.0,92.40000000000013,370.000000000007,137.20000000000002,283.3,69.5,COOLING_DEGRADATION,WARNING
Cooling Degradation,63.40000000000063,TAKEOFF,5340.0,92.42222222222236,371.11111111111813,136.9,283.2,69.3,COOLING_DEGRADATION,WARNING
Cooling Degradation,63.50000000000063,TAKEOFF,5340.0,92.44444444444458,372.2222222222292,137.6,283.8,69.5,COOLING_DEGRADATION,WARNING
Cooling Degradation,63.600000000000634,TAKEOFF,5352.0,92.46666666666681,373.3333333333404,137.8,282.3,69.5,COOLING_DEGRADATION,WARNING
Cooling Degradation,63.700000000000635,TAKEOFF,5351.0,92.48888888888904,374.4444444444515,137.8,282.3,69.9,COOLING_DEGRADATION,WARNING
Cooling Degradation,63.80000000000064,TAKEOFF,5343.0,92.51111111111125,375.55555555556265,137.8,284.90000000000003,70.4,COOLING_DEGRADATION,WARNING
Cooling Degradation,63.90000000000064,TAKEOFF,5347.0,92.53333333333347,376.66666666667373,138.0,282.7,69.5,COOLING_DEGRADATION,WARNING
Cooling Degradation,64.00000000000064,TAKEOFF,5349.0,92.5555555555557,377.7777777777849,137.4,283.0,70.10000000000001,COOLING_DEGRADATION,WARNING
Cooling Degradation,64.10000000000063,TAKEOFF,5345.0,92.57777777777792,378.88888888889596,137.4,283.8,70.4,COOLING_DEGRADATION,WARNING
Cooling Degradation,64.20000000000063,TAKEOFF,5351.0,92.60000000000014,380.000000000007,138.20000000000002,283.0,70.10000000000001,COOLING_DEGRADATION,WARNING
Cooling Degradation,64.30000000000062,TAKEOFF,5364.0,92.62222222222236,381.111111111118,138.20000000000002,282.2,68.9,COOLING_DEGRADATION,WARNING
Cooling Degradation,64.40000000000062,TAKEOFF,5352.0,92.64444444444459,382.22222222222905,139.4,282.90000000000003,69.7,COOLING_DEGRADATION,WARNING
Cooling Degradation,64.50000000000061,TAKEOFF,5341.0,92.6666666666668,383.33333333334014,139.0,283.8,69.9,COOLING_DEGRADATION,WARNING
Cooling Degradation,64.6000000000006,TAKEOFF,5351.0,92.68888888888902,384.4444444444512,139.20000000000002,283.1,70.10000000000001,COOLING_DEGRADATION,WARNING
Cooling Degradation,64.7000000000006,TAKEOFF,5347.0,92.71111111111125,385.5555555555622,139.5,283.5,68.8,COOLING_DEGRADATION,WARNING
Cooling Degradation,64.8000000000006,TAKEOFF,5358.0,92.73333333333346,386.6666666666733,140.1,285.0,69.8,COOLING_DEGRADATION,CRITICAL
Cooling Degradation,64.90000000000059,TAKEOFF,5355.0,92.75555555555569,387.7777777777843,140.3,282.6,71.4,COOLING_DEGRADATION,CRITICAL
Cooling Degradation,65.00000000000058,TAKEOFF,5349.0,92.77777777777791,388.8888888888954,139.70000000000002,284.5,69.60000000000001,COOLING_DEGRADATION,WARNING
Cooling Degradation,65.10000000000058,TAKEOFF,5352.0,92.80000000000013,390.0000000000064,141.4,283.40000000000003,70.7,COOLING_DEGRADATION,CRITICAL
Cooling Degradation,65.20000000000057,TAKEOFF,5355.0,92.82222222222235,391.11111111111745,140.70000000000002,282.90000000000003,71.2,COOLING_DEGRADATION,CRITICAL
Cooling Degradation,65.30000000000057,TAKEOFF,5351.0,92.84444444444458,392.22222222222854,140.9,283.2,70.3,COOLING_DEGRADATION,CRITICAL
Cooling Degradation,65.40000000000056,TAKEOFF,5362.0,92.86666666666679,393.3333333333395,140.8,282.6,70.60000000000001,COOLING_DEGRADATION,CRITICAL
Cooling Degradation,65.50000000000055,TAKEOFF,5363.0,92.88888888888901,394.4444444444506,141.6,284.5,70.7,COOLING_DEGRADATION,CRITICAL
Cooling Degradation,65.60000000000055,TAKEOFF,5355.0,92.91111111111124,395.5555555555617,142.6,283.40000000000003,70.4,COOLING_DEGRADATION,CRITICAL
Cooling Degradation,65.70000000000054,TAKEOFF,5359.0,92.93333333333345,396.6666666666727,142.3,284.40000000000003,71.4,COOLING_DEGRADATION,CRITICAL
Cooling Degradation,65.80000000000054,TAKEOFF,5354.0,92.95555555555568,397.77777777778374,141.6,283.0,70.9,COOLING_DEGRADATION,CRITICAL
Cooling Degradation,65.90000000000053,TAKEOFF,5353.0,92.9777777777779,398.88888888889477,143.0,282.3,71.0,COOLING_DEGRADATION,CRITICAL
Cooling Degradation,66.00000000000053,TAKEOFF,5359.0,93.00000000000011,400.00000000000585,142.9,284.7,70.7,COOLING_DEGRADATION,CRITICAL
Cooling Degradation,66.10000000000052,TAKEOFF,5359.0,93.02222222222234,401.11111111111694,142.5,282.90000000000003,70.60000000000001,COOLING_DEGRADATION,CRITICAL
Cooling Degradation,66.20000000000051,TAKEOFF,5363.0,93.04444444444457,402.2222222222279,142.5,283.40000000000003,71.7,COOLING_DEGRADATION,CRITICAL
Cooling Degradation,66.30000000000051,TAKEOFF,5365.0,93.06666666666678,403.333333333339,142.8,284.2,71.4,COOLING_DEGRADATION,CRITICAL
Cooling Degradation,66.4000000000005,TAKEOFF,5361.0,93.088888888889,404.44444444445,142.3,286.0,70.2,COOLING_DEGRADATION,CRITICAL
Cooling Degradation,66.5000000000005,TAKEOFF,5377.0,93.11111111111123,405.5555555555611,142.70000000000002,285.5,70.10000000000001,COOLING_DEGRADATION,CRITICAL
Cooling Degradation,66.60000000000049,TAKEOFF,5360.0,93.13333333333344,406.66666666667214,144.3,284.0,70.9,COOLING_DEGRADATION,CRITICAL
Cooling Degradation,66.70000000000049,TAKEOFF,5361.0,93.15555555555567,407.7777777777832,143.6,284.6,70.8,COOLING_DEGRADATION,CRITICAL
Cooling Degradation,66.80000000000048,TAKEOFF,5371.0,93.17777777777789,408.88888888889426,144.1,284.1,72.7,COOLING_DEGRADATION,CRITICAL
Cooling Degradation,66.90000000000047,TAKEOFF,5361.0,93.2000000000001,410.00000000000523,143.5,283.2,72.2,COOLING_DEGRADATION,CRITICAL
Cooling Degradation,67.00000000000047,TAKEOFF,5378.0,93.22222222222233,411.1111111111163,144.9,284.6,71.2,COOLING_DEGRADATION,CRITICAL
Cooling Degradation,67.10000000000046,TAKEOFF,5363.0,93.24444444444455,412.2222222222274,144.20000000000002,282.90000000000003,71.3,COOLING_DEGRADATION,CRITICAL
Cooling Degradation,67.20000000000046,TAKEOFF,5365.0,93.26666666666677,413.33333333333843,145.6,282.0,72.8,COOLING_DEGRADATION,CRITICAL
Cooling Degradation,67.30000000000045,TAKEOFF,5375.0,93.28888888888899,414.44444444444946,145.20000000000002,283.2,70.9,COOLING_DEGRADATION,CRITICAL
Cooling Degradation,67.40000000000045,TAKEOFF,5369.0,93.31111111111122,415.5555555555605,144.70000000000002,282.3,72.0,COOLING_DEGRADATION,CRITICAL
Cooling Degradation,67.50000000000044,TAKEOFF,5370.0,93.33333333333343,416.6666666666716,145.3,283.1,73.0,COOLING_DEGRADATION,CRITICAL
Cooling Degradation,67.60000000000043,TAKEOFF,5377.0,93.35555555555565,417.77777777778266,145.6,286.1,72.3,COOLING_DEGRADATION,CRITICAL
Cooling Degradation,67.70000000000043,TAKEOFF,5377.0,93.37777777777788,418.88888888889363,145.9,284.3,73.0,COOLING_DEGRADATION,CRITICAL
Cooling Degradation,67.80000000000042,TAKEOFF,5368.0,93.40000000000009,420.0000000000047,145.1,284.8,71.5,COOLING_DEGRADATION,CRITICAL
Cooling Degradation,67.90000000000042,TAKEOFF,5372.0,93.42222222222232,421.11111111111575,147.4,285.8,73.9,COOLING_DEGRADATION,CRITICAL
Cooling Degradation,68.00000000000041,TAKEOFF,5370.0,93.44444444444454,422.22222222222683,145.5,283.3,73.4,COOLING_DEGRADATION,CRITICAL
Cooling Degradation,68.1000000000004,TAKEOFF,5376.0,93.46666666666675,423.33333333333786,145.6,283.0,71.9,COOLING_DEGRADATION,CRITICAL
Cooling Degradation,68.2000000000004,TAKEOFF,5368.0,93.48888888888898,424.4444444444489,145.6,283.8,73.60000000000001,COOLING_DEGRADATION,CRITICAL
Cooling Degradation,68.3000000000004,TAKEOFF,5378.0,93.5111111111112,425.55555555556,147.0,284.90000000000003,72.10000000000001,COOLING_DEGRADATION,CRITICAL
Cooling Degradation,68.40000000000039,TAKEOFF,5375.0,93.53333333333342,426.66666666667095,145.70000000000002,285.40000000000003,72.9,COOLING_DEGRADATION,CRITICAL
Cooling Degradation,68.50000000000038,TAKEOFF,5380.0,93.55555555555564,427.77777777778203,146.9,285.5,72.8,COOLING_DEGRADATION,CRITICAL
Cooling Degradation,68.60000000000038,TAKEOFF,5385.0,93.57777777777787,428.8888888888931,147.20000000000002,282.7,72.3,COOLING_DEGRADATION,CRITICAL
Cooling Degradation,68.70000000000037,TAKEOFF,5373.0,93.60000000000008,430.00000000000415,146.5,286.40000000000003,73.4,COOLING_DEGRADATION,CRITICAL
Cooling Degradation,68.80000000000037,TAKEOFF,5386.0,93.6222222222223,431.1111111111152,146.8,284.40000000000003,74.4,COOLING_DEGRADATION,CRITICAL
Cooling Degradation,68.90000000000036,TAKEOFF,5378.0,93.64444444444453,432.2222222222262,148.1,282.5,72.8,COOLING_DEGRADATION,CRITICAL
Cooling Degradation,69.00000000000036,TAKEOFF,5382.0,93.66666666666674,433.3333333333373,148.6,284.0,72.2,COOLING_DEGRADATION,CRITICAL
Cooling Degradation,69.10000000000035,TAKEOFF,5378.0,93.68888888888897,434.4444444444484,147.8,283.3,73.0,COOLING_DEGRADATION,CRITICAL
Cooling Degradation,69.20000000000034,TAKEOFF,5378.0,93.7111111111112,435.55555555555935,148.0,285.3,74.0,COOLING_DEGRADATION,CRITICAL
Cooling Degradation,69.30000000000034,TAKEOFF,5380.0,93.7333333333334,436.66666666667044,148.3,285.0,73.3,COOLING_DEGRADATION,CRITICAL
Cooling Degradation,69.40000000000033,TAKEOFF,5386.0,93.75555555555563,437.77777777778147,149.8,283.6,73.2,COOLING_DEGRADATION,CRITICAL
Cooling Degradation,69.50000000000033,TAKEOFF,5386.0,93.77777777777786,438.88888888889255,147.9,283.40000000000003,73.5,COOLING_DEGRADATION,CRITICAL
Cooling Degradation,69.60000000000032,TAKEOFF,5381.0,93.80000000000007,440.0000000000036,149.3,284.2,73.60000000000001,COOLING_DEGRADATION,CRITICAL
Cooling Degradation,69.70000000000032,TAKEOFF,5390.0,93.8222222222223,441.1111111111146,150.4,284.3,73.4,COOLING_DEGRADATION,CRITICAL
Cooling Degradation,69.80000000000031,TAKEOFF,5380.0,93.84444444444452,442.2222222222257,150.1,284.7,73.7,COOLING_DEGRADATION,CRITICAL
Cooling Degradation,69.9000000000003,TAKEOFF,5391.0,93.86666666666673,443.33333333333667,149.3,284.5,74.3,COOLING_DEGRADATION,CRITICAL
Cooling Degradation,70.0000000000003,TAKEOFF,5391.0,93.88888888888896,444.44444444444775,149.6,285.6,73.7,COOLING_DEGRADATION,CRITICAL
Cooling Degradation,70.10000000000029,TAKEOFF,5389.0,93.91111111111118,445.55555555555884,150.9,284.0,74.5,COOLING_DEGRADATION,CRITICAL
Cooling Degradation,70.20000000000029,TAKEOFF,5390.0,93.9333333333334,446.66666666666987,150.1,285.3,73.3,COOLING_DEGRADATION,CRITICAL
Cooling Degradation,70.30000000000028,TAKEOFF,5404.0,93.95555555555562,447.7777777777809,149.9,283.3,74.3,COOLING_DEGRADATION,CRITICAL
Cooling Degradation,70.40000000000028,TAKEOFF,5395.0,93.97777777777785,448.8888888888919,150.5,284.5,73.4,COOLING_DEGRADATION,CRITICAL
Cooling Degradation,70.50000000000027,TAKEOFF,5384.0,94.00000000000006,450.000000000003,150.20000000000002,282.90000000000003,73.0,COOLING_DEGRADATION,CRITICAL
Cooling Degradation,70.60000000000026,TAKEOFF,5392.0,94.02222222222228,451.1111111111141,150.5,284.90000000000003,74.5,COOLING_DEGRADATION,CRITICAL
Cooling Degradation,70.70000000000026,TAKEOFF,5384.0,94.04444444444451,452.22222222222507,150.6,285.7,73.3,COOLING_DEGRADATION,CRITICAL
Cooling Degradation,70.80000000000025,TAKEOFF,5406.0,94.06666666666672,453.33333333333616,151.0,285.6,73.9,COOLING_DEGRADATION,CRITICAL
Cooling Degradation,70.90000000000025,TAKEOFF,5393.0,94.08888888888895,454.4444444444472,151.70000000000002,285.2,73.4,COOLING_DEGRADATION,CRITICAL
Cooling Degradation,71.00000000000024,TAKEOFF,5391.0,94.11111111111117,455.55555555555827,151.4,285.2,74.8,COOLING_DEGRADATION,CRITICAL
Cooling Degradation,71.10000000000024,TAKEOFF,5398.0,94.13333333333338,456.6666666666693,151.9,285.3,74.3,COOLING_DEGRADATION,CRITICAL
Cooling Degradation,71.20000000000023,TAKEOFF,5405.0,94.15555555555561,457.77777777778033,152.70000000000002,283.40000000000003,74.5,COOLING_DEGRADATION,CRITICAL
Cooling Degradation,71.30000000000022,TAKEOFF,5396.0,94.17777777777783,458.8888888888914,151.1,286.2,74.5,COOLING_DEGRADATION,CRITICAL
Cooling Degradation,71.40000000000022,TAKEOFF,5399.0,94.20000000000005,460.0000000000024,151.70000000000002,282.8,74.10000000000001,COOLING_DEGRADATION,CRITICAL
Cooling Degradation,71.50000000000021,TAKEOFF,5408.0,94.22222222222227,461.1111111111135,152.1,284.2,74.0,COOLING_DEGRADATION,CRITICAL
Cooling Degradation,71.60000000000021,TAKEOFF,5407.0,94.2444444444445,462.22222222222456,153.5,285.7,75.5,COOLING_DEGRADATION,CRITICAL
Cooling Degradation,71.7000000000002,TAKEOFF,5407.0,94.26666666666671,463.3333333333356,153.0,284.7,73.60000000000001,COOLING_DEGRADATION,CRITICAL
Cooling Degradation,71.8000000000002,TAKEOFF,5409.0,94.28888888888893,464.4444444444466,153.5,284.0,74.3,COOLING_DEGRADATION,CRITICAL
Cooling Degradation,71.90000000000019,TAKEOFF,5403.0,94.31111111111116,465.55555555555765,152.3,283.40000000000003,74.10000000000001,COOLING_DEGRADATION,CRITICAL
Cooling Degradation,72.00000000000018,TAKEOFF,5411.0,94.33333333333337,466.66666666666873,152.8,285.6,74.9,COOLING_DEGRADATION,CRITICAL
Cooling Degradation,72.10000000000018,TAKEOFF,5403.0,94.3555555555556,467.7777777777798,153.9,283.5,74.0,COOLING_DEGRADATION,CRITICAL
Cooling Degradation,72.20000000000017,TAKEOFF,5397.0,94.37777777777782,468.8888888888908,152.8,284.2,75.2,COOLING_DEGRADATION,CRITICAL
Cooling Degradation,72.30000000000017,TAKEOFF,5408.0,94.40000000000003,470.0000000000019,154.3,284.90000000000003,74.3,COOLING_DEGRADATION,CRITICAL
Cooling Degradation,72.40000000000016,TAKEOFF,5410.0,94.42222222222226,471.1111111111129,154.60000000000002,284.40000000000003,75.2,COOLING_DEGRADATION,CRITICAL
Cooling Degradation,72.50000000000016,TAKEOFF,5413.0,94.44444444444449,472.222222222224,153.70000000000002,284.1,75.4,COOLING_DEGRADATION,CRITICAL
Cooling Degradation,72.60000000000015,TAKEOFF,5413.0,94.4666666666667,473.333333333335,154.20000000000002,283.1,75.9,COOLING_DEGRADATION,CRITICAL
Cooling Degradation,72.70000000000014,TAKEOFF,5407.0,94.48888888888892,474.44444444444605,154.70000000000002,283.2,76.0,COOLING_DEGRADATION,CRITICAL
Cooling Degradation,72.80000000000014,TAKEOFF,5417.0,94.51111111111115,475.55555555555713,154.5,284.1,75.10000000000001,COOLING_DEGRADATION,CRITICAL
Cooling Degradation,72.90000000000013,TAKEOFF,5406.0,94.53333333333336,476.6666666666681,155.0,286.90000000000003,75.2,COOLING_DEGRADATION,CRITICAL
Cooling Degradation,73.00000000000013,TAKEOFF,5414.0,94.55555555555559,477.7777777777792,154.8,284.2,76.10000000000001,COOLING_DEGRADATION,CRITICAL
Cooling Degradation,73.10000000000012,TAKEOFF,5412.0,94.57777777777781,478.8888888888903,154.9,285.90000000000003,75.9,COOLING_DEGRADATION,CRITICAL
Cooling Degradation,73.20000000000012,TAKEOFF,5419.0,94.60000000000002,480.0000000000013,155.8,285.90000000000003,74.60000000000001,COOLING_DEGRADATION,CRITICAL
Cooling Degradation,73.30000000000011,TAKEOFF,5422.0,94.62222222222225,481.11111111111234,155.0,284.90000000000003,75.5,COOLING_DEGRADATION,CRITICAL
Cooling Degradation,73.4000000000001,TAKEOFF,5418.0,94.64444444444447,482.22222222222337,155.10000000000002,283.7,74.4,COOLING_DEGRADATION,CRITICAL
Cooling Degradation,73.5000000000001,TAKEOFF,5414.0,94.66666666666669,483.33333333333445,156.60000000000002,284.7,76.3,COOLING_DEGRADATION,CRITICAL
Cooling Degradation,73.6000000000001,TAKEOFF,5416.0,94.68888888888891,484.44444444444554,156.4,284.8,76.3,COOLING_DEGRADATION,CRITICAL
Cooling Degradation,73.70000000000009,TAKEOFF,5414.0,94.71111111111114,485.5555555555565,155.70000000000002,283.1,75.10000000000001,COOLING_DEGRADATION,CRITICAL
Cooling Degradation,73.80000000000008,TAKEOFF,5415.0,94.73333333333335,486.6666666666676,155.70000000000002,283.8,75.60000000000001,COOLING_DEGRADATION,CRITICAL
Cooling Degradation,73.90000000000008,TAKEOFF,5423.0,94.75555555555557,487.7777777777786,156.9,284.6,75.8,COOLING_DEGRADATION,CRITICAL
Cooling Degradation,74.00000000000007,TAKEOFF,5425.0,94.7777777777778,488.8888888888897,156.4,284.3,76.80000000000001,COOLING_DEGRADATION,CRITICAL
Cooling Degradation,74.10000000000007,TAKEOFF,5417.0,94.80000000000001,490.00000000000074,157.5,284.90000000000003,76.5,COOLING_DEGRADATION,CRITICAL
Cooling Degradation,74.20000000000006,TAKEOFF,5417.0,94.82222222222224,491.11111111111177,156.9,283.8,75.60000000000001,COOLING_DEGRADATION,CRITICAL
Cooling Degradation,74.30000000000005,TAKEOFF,5418.0,94.84444444444446,492.22222222222285,157.60000000000002,284.7,77.10000000000001,COOLING_DEGRADATION,CRITICAL
Cooling Degradation,74.40000000000005,TAKEOFF,5424.0,94.86666666666667,493.3333333333338,156.9,284.7,76.9,COOLING_DEGRADATION,CRITICAL
Cooling Degradation,74.50000000000004,TAKEOFF,5421.0,94.8888888888889,494.4444444444449,157.20000000000002,284.40000000000003,76.3,COOLING_DEGRADATION,CRITICAL
Cooling Degradation,74.60000000000004,TAKEOFF,5421.0,94.91111111111113,495.555555555556,157.3,284.6,76.2,COOLING_DEGRADATION,CRITICAL
Cooling Degradation,74.70000000000003,TAKEOFF,5433.0,94.93333333333334,496.666666666667,156.70000000000002,284.6,77.0,COOLING_DEGRADATION,CRITICAL
Cooling Degradation,74.80000000000003,TAKEOFF,5431.0,94.95555555555556,497.77777777777806,158.3,284.1,76.5,COOLING_DEGRADATION,CRITICAL
Cooling Degradation,74.90000000000002,TAKEOFF,5435.0,94.97777777777779,498.8888888888891,158.0,285.8,77.4,COOLING_DEGRADATION,CRITICAL
Cooling Degradation,75.00000000000001,CLIMB,5419.0,90.0,500.0000000000005,158.10000000000002,285.0,75.2,COOLING_DEGRADATION,CRITICAL
Cooling Degradation,75.10000000000001,CLIMB,5415.0,89.99333333333334,503.75000000000034,158.0,283.0,77.0,COOLING_DEGRADATION,CRITICAL
Cooling Degradation,75.2,CLIMB,5410.0,89.98666666666666,507.5000000000001,160.20000000000002,284.3,77.10000000000001,COOLING_DEGRADATION,CRITICAL
Cooling Degradation,75.3,CLIMB,5412.0,89.98,511.2499999999999,158.8,282.3,76.9,COOLING_DEGRADATION,CRITICAL
Cooling Degradation,75.39999999999999,CLIMB,5400.0,89.97333333333333,514.9999999999997,158.8,283.40000000000003,76.10000000000001,COOLING_DEGRADATION,CRITICAL
Cooling Degradation,75.49999999999999,CLIMB,5400.0,89.96666666666667,518.7499999999994,159.20000000000002,283.7,77.7,COOLING_DEGRADATION,CRITICAL
Cooling Degradation,75.59999999999998,CLIMB,5397.0,89.96000000000001,522.4999999999992,159.5,282.3,77.7,COOLING_DEGRADATION,CRITICAL
Cooling Degradation,75.69999999999997,CLIMB,5400.0,89.95333333333333,526.2499999999991,159.10000000000002,282.40000000000003,76.80000000000001,COOLING_DEGRADATION,CRITICAL
Cooling Degradation,75.79999999999997,CLIMB,5385.0,89.94666666666667,529.9999999999989,159.8,282.40000000000003,77.2,COOLING_DEGRADATION,CRITICAL
Cooling Degradation,75.89999999999996,CLIMB,5394.0,89.94,533.7499999999986,159.4,283.8,77.7,COOLING_DEGRADATION,CRITICAL
Cooling Degradation,75.99999999999996,CLIMB,5389.0,89.93333333333334,537.4999999999984,158.4,281.6,77.2,COOLING_DEGRADATION,CRITICAL
Cooling Degradation,76.09999999999995,CLIMB,5387.0,89.92666666666668,541.2499999999982,159.60000000000002,282.90000000000003,78.60000000000001,COOLING_DEGRADATION,CRITICAL
Cooling Degradation,76.19999999999995,CLIMB,5387.0,89.92,544.999999999998,159.9,282.3,77.5,COOLING_DEGRADATION,CRITICAL
Cooling Degradation,76.29999999999994,CLIMB,5388.0,89.91333333333334,548.7499999999977,159.8,281.7,77.7,COOLING_DEGRADATION,CRITICAL
Cooling Degradation,76.39999999999993,CLIMB,5383.0,89.90666666666667,552.4999999999975,161.20000000000002,282.0,77.5,COOLING_DEGRADATION,CRITICAL
Cooling Degradation,76.49999999999993,CLIMB,5374.0,89.9,556.2499999999974,160.5,283.0,77.2,COOLING_DEGRADATION,CRITICAL
Cooling Degradation,76.59999999999992,CLIMB,5380.0,89.89333333333335,559.9999999999972,160.10000000000002,280.0,77.4,COOLING_DEGRADATION,CRITICAL
Cooling Degradation,76.69999999999992,CLIMB,5380.0,89.88666666666667,563.7499999999969,161.20000000000002,282.3,77.80000000000001,COOLING_DEGRADATION,CRITICAL
Cooling Degradation,76.79999999999991,CLIMB,5386.0,89.88000000000001,567.4999999999967,160.70000000000002,282.2,78.60000000000001,COOLING_DEGRADATION,CRITICAL
Cooling Degradation,76.8999999999999,CLIMB,5384.0,89.87333333333333,571.2499999999965,160.70000000000002,280.5,78.5,COOLING_DEGRADATION,CRITICAL
Cooling Degradation,76.9999999999999,CLIMB,5379.0,89.86666666666667,574.9999999999962,160.20000000000002,278.6,77.80000000000001,COOLING_DEGRADATION,CRITICAL
Cooling Degradation,77.0999999999999,CLIMB,5368.0,89.86000000000001,578.749999999996,161.4,281.5,78.4,COOLING_DEGRADATION,CRITICAL
Cooling Degradation,77.19999999999989,CLIMB,5368.0,89.85333333333334,582.4999999999959,162.20000000000002,280.5,78.5,COOLING_DEGRADATION,CRITICAL
Cooling Degradation,77.29999999999988,CLIMB,5374.0,89.84666666666668,586.2499999999957,161.20000000000002,279.3,77.7,COOLING_DEGRADATION,CRITICAL
Cooling Degradation,77.39999999999988,CLIMB,5371.0,89.84,589.9999999999955,161.4,281.2,77.7,COOLING_DEGRADATION,CRITICAL
Cooling Degradation,77.49999999999987,CLIMB,5368.0,89.83333333333334,593.7499999999952,161.60000000000002,281.7,79.10000000000001,COOLING_DEGRADATION,CRITICAL
Cooling Degradation,77.59999999999987,CLIMB,5372.0,89.82666666666668,597.499999999995,162.10000000000002,280.5,77.30000000000001,COOLING_DEGRADATION,CRITICAL
Cooling Degradation,77.69999999999986,CLIMB,5371.0,89.82000000000001,601.2499999999948,161.60000000000002,280.3,79.0,COOLING_DEGRADATION,CRITICAL
Cooling Degradation,77.79999999999986,CLIMB,5370.0,89.81333333333335,604.9999999999945,162.3,280.90000000000003,78.2,COOLING_DEGRADATION,CRITICAL
Cooling Degradation,77.89999999999985,CLIMB,5369.0,89.80666666666667,608.7499999999943,162.4,280.2,77.5,COOLING_DEGRADATION,CRITICAL
Cooling Degradation,77.99999999999984,CLIMB,5367.0,89.80000000000001,612.4999999999941,162.10000000000002,279.5,78.30000000000001,COOLING_DEGRADATION,CRITICAL
Cooling Degradation,78.09999999999984,CLIMB,5374.0,89.79333333333335,616.249999999994,162.3,280.2,78.30000000000001,COOLING_DEGRADATION,CRITICAL
Cooling Degradation,78.19999999999983,CLIMB,5370.0,89.78666666666668,619.9999999999937,162.70000000000002,280.7,79.30000000000001,COOLING_DEGRADATION,CRITICAL
Cooling Degradation,78.29999999999983,CLIMB,5365.0,89.78000000000002,623.7499999999935,162.60000000000002,280.5,80.0,COOLING_DEGRADATION,CRITICAL
Cooling Degradation,78.39999999999982,CLIMB,5368.0,89.77333333333334,627.4999999999933,163.20000000000002,279.40000000000003,78.4,COOLING_DEGRADATION,CRITICAL
Cooling Degradation,78.49999999999982,CLIMB,5354.0,89.76666666666668,631.2499999999931,163.20000000000002,281.40000000000003,79.2,COOLING_DEGRADATION,CRITICAL
Cooling Degradation,78.59999999999981,CLIMB,5362.0,89.76000000000002,634.9999999999928,162.3,278.40000000000003,78.7,COOLING_DEGRADATION,CRITICAL
Cooling Degradation,78.6999999999998,CLIMB,5366.0,89.75333333333334,638.7499999999926,163.70000000000002,279.0,78.5,COOLING_DEGRADATION,CRITICAL
Cooling Degradation,78.7999999999998,CLIMB,5370.0,89.74666666666668,642.4999999999924,163.20000000000002,278.7,78.80000000000001,COOLING_DEGRADATION,CRITICAL
Cooling Degradation,78.89999999999979,CLIMB,5359.0,89.74000000000001,646.2499999999923,163.60000000000002,278.90000000000003,79.5,COOLING_DEGRADATION,CRITICAL
Cooling Degradation,78.99999999999979,CLIMB,5360.0,89.73333333333335,649.999999999992,163.20000000000002,280.6,79.2,COOLING_DEGRADATION,CRITICAL
Cooling Degradation,79.09999999999978,CLIMB,5365.0,89.72666666666669,653.7499999999918,163.70000000000002,280.0,78.80000000000001,COOLING_DEGRADATION,CRITICAL
Cooling Degradation,79.19999999999978,CLIMB,5358.0,89.72000000000001,657.4999999999916,164.70000000000002,278.1,79.4,COOLING_DEGRADATION,CRITICAL
Cooling Degradation,79.29999999999977,CLIMB,5367.0,89.71333333333335,661.2499999999914,164.3,280.3,79.60000000000001,COOLING_DEGRADATION,CRITICAL
Cooling Degradation,79.39999999999976,CLIMB,5366.0,89.70666666666668,664.9999999999911,164.5,280.1,80.2,COOLING_DEGRADATION,CRITICAL
Cooling Degradation,79.49999999999976,CLIMB,5367.0,89.70000000000002,668.7499999999909,165.20000000000002,279.1,80.4,COOLING_DEGRADATION,CRITICAL
Cooling Degradation,79.59999999999975,CLIMB,5366.0,89.69333333333336,672.4999999999907,164.9,279.3,78.80000000000001,COOLING_DEGRADATION,CRITICAL
Cooling Degradation,79.69999999999975,CLIMB,5360.0,89.68666666666668,676.2499999999905,164.9,278.8,79.4,COOLING_DEGRADATION,CRITICAL
Cooling Degradation,79.79999999999974,CLIMB,5362.0,89.68000000000002,679.9999999999902,164.0,278.0,79.80000000000001,COOLING_DEGRADATION,CRITICAL
Cooling Degradation,79.89999999999974,CLIMB,5366.0,89.67333333333335,683.7499999999901,164.4,277.0,80.7,COOLING_DEGRADATION,CRITICAL
Cooling Degradation,79.99999999999973,CLIMB,5358.0,89.66666666666669,687.4999999999899,165.20000000000002,277.3,80.0,COOLING_DEGRADATION,CRITICAL
Cooling Degradation,80.09999999999972,CLIMB,5352.0,89.66000000000003,691.2499999999897,165.70000000000002,279.2,80.80000000000001,COOLING_DEGRADATION,CRITICAL
Cooling Degradation,80.19999999999972,CLIMB,5362.0,89.65333333333335,694.9999999999894,164.20000000000002,276.8,80.10000000000001,COOLING_DEGRADATION,CRITICAL
Cooling Degradation,80.29999999999971,CLIMB,5365.0,89.64666666666669,698.7499999999892,164.5,279.1,78.80000000000001,COOLING_DEGRADATION,CRITICAL
Cooling Degradation,80.39999999999971,CLIMB,5356.0,89.64000000000001,702.4999999999891,165.4,278.90000000000003,80.5,COOLING_DEGRADATION,CRITICAL
Cooling Degradation,80.4999999999997,CLIMB,5360.0,89.63333333333335,706.2499999999889,166.0,277.90000000000003,79.30000000000001,COOLING_DEGRADATION,CRITICAL
Cooling Degradation,80.5999999999997,CLIMB,5363.0,89.6266666666667,709.9999999999886,165.9,277.6,79.9,COOLING_DEGRADATION,CRITICAL
Cooling Degradation,80.69999999999969,CLIMB,5348.0,89.62000000000002,713.7499999999884,166.10000000000002,276.8,80.80000000000001,COOLING_DEGRADATION,CRITICAL
Cooling Degradation,80.79999999999968,CLIMB,5365.0,89.61333333333336,717.4999999999882,166.3,280.0,80.10000000000001,COOLING_DEGRADATION,CRITICAL
Cooling Degradation,80.89999999999968,CLIMB,5358.0,89.60666666666668,721.249999999988,166.8,276.5,79.9,COOLING_DEGRADATION,CRITICAL
Cooling Degradation,80.99999999999967,CLIMB,5354.0,89.60000000000002,724.9999999999877,166.20000000000002,275.2,80.30000000000001,COOLING_DEGRADATION,CRITICAL
Cooling Degradation,81.09999999999967,CLIMB,5363.0,89.59333333333336,728.7499999999875,166.20000000000002,277.90000000000003,80.80000000000001,COOLING_DEGRADATION,CRITICAL
Cooling Degradation,81.19999999999966,CLIMB,5362.0,89.58666666666669,732.4999999999873,166.20000000000002,275.7,81.60000000000001,COOLING_DEGRADATION,CRITICAL
Cooling Degradation,81.29999999999966,CLIMB,5356.0,89.58000000000003,736.249999999987,167.5,278.40000000000003,80.2,COOLING_DEGRADATION,CRITICAL
Cooling Degradation,81.39999999999965,CLIMB,5354.0,89.57333333333335,739.9999999999869,166.3,275.90000000000003,80.0,COOLING_DEGRADATION,CRITICAL
Cooling Degradation,81.49999999999964,CLIMB,5361.0,89.56666666666669,743.7499999999867,166.70000000000002,278.6,80.4,COOLING_DEGRADATION,CRITICAL
Cooling Degradation,81.59999999999964,CLIMB,5358.0,89.56000000000003,747.4999999999865,166.60000000000002,276.90000000000003,80.7,COOLING_DEGRADATION,CRITICAL
Cooling Degradation,81.69999999999963,CLIMB,5361.0,89.55333333333336,751.2499999999862,166.9,280.40000000000003,81.5,COOLING_DEGRADATION,CRITICAL
Cooling Degradation,81.79999999999963,CLIMB,5354.0,89.5466666666667,754.999999999986,166.60000000000002,277.40000000000003,80.10000000000001,COOLING_DEGRADATION,CRITICAL
Cooling Degradation,81.89999999999962,CLIMB,5359.0,89.54000000000002,758.7499999999859,167.70000000000002,276.3,79.9,COOLING_DEGRADATION,CRITICAL
Cooling Degradation,81.99999999999962,CLIMB,5363.0,89.53333333333336,762.4999999999857,167.0,275.1,82.10000000000001,COOLING_DEGRADATION,CRITICAL
Cooling Degradation,82.09999999999961,CLIMB,5362.0,89.5266666666667,766.2499999999854,167.3,276.2,81.7,COOLING_DEGRADATION,CRITICAL
Cooling Degradation,82.1999999999996,CLIMB,5358.0,89.52000000000002,769.9999999999852,167.70000000000002,275.40000000000003,80.30000000000001,COOLING_DEGRADATION,CRITICAL
Cooling Degradation,82.2999999999996,CLIMB,5359.0,89.51333333333336,773.749999999985,168.20000000000002,277.0,81.7,COOLING_DEGRADATION,CRITICAL
Cooling Degradation,82.3999999999996,CLIMB,5355.0,89.50666666666669,777.4999999999848,168.3,275.8,81.4,COOLING_DEGRADATION,CRITICAL
Cooling Degradation,82.49999999999959,CLIMB,5353.0,89.50000000000003,781.2499999999845,168.3,276.90000000000003,81.2,COOLING_DEGRADATION,CRITICAL
Cooling Degradation,82.59999999999958,CLIMB,5348.0,89.49333333333337,784.9999999999843,167.8,276.7,81.30000000000001,COOLING_DEGRADATION,CRITICAL
Cooling Degradation,82.69999999999958,CLIMB,5355.0,89.4866666666667,788.7499999999841,168.8,277.2,81.60000000000001,COOLING_DEGRADATION,CRITICAL
Cooling Degradation,82.79999999999957,CLIMB,5355.0,89.48000000000003,792.4999999999839,168.8,276.90000000000003,81.0,COOLING_DEGRADATION,CRITICAL
Cooling Degradation,82.89999999999957,CLIMB,5362.0,89.47333333333336,796.2499999999836,168.60000000000002,276.2,81.5,COOLING_DEGRADATION,CRITICAL
Cooling Degradation,82.99999999999956,CLIMB,5350.0,89.4666666666667,799.9999999999835,168.70000000000002,275.5,82.7,COOLING_DEGRADATION,CRITICAL
Cooling Degradation,83.09999999999955,CLIMB,5359.0,89.46000000000004,803.7499999999833,170.20000000000002,275.6,82.30000000000001,COOLING_DEGRADATION,CRITICAL
Cooling Degradation,83.19999999999955,CLIMB,5352.0,89.45333333333336,807.4999999999831,169.3,276.3,81.80000000000001,COOLING_DEGRADATION,CRITICAL
Cooling Degradation,83.29999999999954,CLIMB,5355.0,89.4466666666667,811.2499999999828,168.9,277.90000000000003,81.9,COOLING_DEGRADATION,CRITICAL
Cooling Degradation,83.39999999999954,CLIMB,5350.0,89.44000000000003,814.9999999999826,168.60000000000002,275.3,82.0,COOLING_DEGRADATION,CRITICAL
Cooling Degradation,83.49999999999953,CLIMB,5355.0,89.43333333333337,818.7499999999825,169.3,277.8,81.9,COOLING_DEGRADATION,CRITICAL
Cooling Degradation,83.59999999999953,CLIMB,5352.0,89.4266666666667,822.4999999999823,169.5,274.7,82.80000000000001,COOLING_DEGRADATION,CRITICAL
Cooling Degradation,83.69999999999952,CLIMB,5360.0,89.42000000000003,826.249999999982,169.10000000000002,276.5,81.9,COOLING_DEGRADATION,CRITICAL
Cooling Degradation,83.79999999999951,CLIMB,5349.0,89.41333333333337,829.9999999999818,169.0,274.8,81.7,COOLING_DEGRADATION,CRITICAL
Cooling Degradation,83.89999999999951,CLIMB,5354.0,89.4066666666667,833.7499999999816,170.20000000000002,274.90000000000003,81.0,COOLING_DEGRADATION,CRITICAL
Cooling Degradation,83.9999999999995,CLIMB,5355.0,89.40000000000003,837.4999999999814,170.60000000000002,275.5,81.30000000000001,COOLING_DEGRADATION,CRITICAL
Cooling Degradation,84.0999999999995,CLIMB,5360.0,89.39333333333337,841.2499999999811,170.20000000000002,275.5,81.9,COOLING_DEGRADATION,CRITICAL
Cooling Degradation,84.19999999999949,CLIMB,5358.0,89.3866666666667,844.9999999999809,169.8,276.2,81.9,COOLING_DEGRADATION,CRITICAL
Cooling Degradation,84.29999999999949,CLIMB,5354.0,89.38000000000004,848.7499999999807,169.9,277.2,83.10000000000001,COOLING_DEGRADATION,CRITICAL
Cooling Degradation,84.39999999999948,CLIMB,5359.0,89.37333333333336,852.4999999999804,170.4,274.8,81.80000000000001,COOLING_DEGRADATION,CRITICAL
Cooling Degradation,84.49999999999947,CLIMB,5354.0,89.3666666666667,856.2499999999803,170.5,277.1,82.10000000000001,COOLING_DEGRADATION,CRITICAL
Cooling Degradation,84.59999999999947,CLIMB,5350.0,89.36000000000004,859.9999999999801,170.8,275.90000000000003,81.80000000000001,COOLING_DEGRADATION,CRITICAL
Cooling Degradation,84.69999999999946,CLIMB,5354.0,89.35333333333337,863.7499999999799,170.60000000000002,276.2,81.80000000000001,COOLING_DEGRADATION,CRITICAL
Cooling Degradation,84.79999999999946,CLIMB,5343.0,89.3466666666667,867.4999999999797,170.0,274.90000000000003,82.9,COOLING_DEGRADATION,CRITICAL
Cooling Degradation,84.89999999999945,CLIMB,5355.0,89.34000000000003,871.2499999999794,171.20000000000002,275.7,81.60000000000001,COOLING_DEGRADATION,CRITICAL
Cooling Degradation,84.99999999999945,CLIMB,5362.0,89.33333333333337,874.9999999999793,170.10000000000002,273.3,83.0,COOLING_DEGRADATION,CRITICAL
Cooling Degradation,85.09999999999944,CLIMB,5349.0,89.32666666666671,878.7499999999791,171.8,274.3,82.10000000000001,COOLING_DEGRADATION,CRITICAL
Cooling Degradation,85.19999999999943,CLIMB,5355.0,89.32000000000004,882.4999999999789,171.3,275.0,82.0,COOLING_DEGRADATION,CRITICAL
Cooling Degradation,85.29999999999943,CLIMB,5361.0,89.31333333333338,886.2499999999786,171.3,275.7,82.10000000000001,COOLING_DEGRADATION,CRITICAL
Cooling Degradation,85.39999999999942,CLIMB,5354.0,89.3066666666667,889.9999999999784,171.3,275.8,82.9,COOLING_DEGRADATION,CRITICAL
Cooling Degradation,85.49999999999942,CLIMB,5344.0,89.30000000000004,893.7499999999782,171.60000000000002,273.6,83.2,COOLING_DEGRADATION,CRITICAL
Cooling Degradation,85.59999999999941,CLIMB,5352.0,89.29333333333338,897.499999999978,171.60000000000002,275.40000000000003,83.80000000000001,COOLING_DEGRADATION,CRITICAL
Cooling Degradation,85.6999999999994,CLIMB,5349.0,89.2866666666667,901.2499999999777,173.4,274.1,83.80000000000001,COOLING_DEGRADATION,CRITICAL
Cooling Degradation,85.7999999999994,CLIMB,5349.0,89.28000000000004,904.9999999999775,172.60000000000002,273.40000000000003,83.0,COOLING_DEGRADATION,CRITICAL
Cooling Degradation,85.8999999999994,CLIMB,5351.0,89.27333333333337,908.7499999999773,170.60000000000002,274.3,83.2,COOLING_DEGRADATION,CRITICAL
Cooling Degradation,85.99999999999939,CLIMB,5358.0,89.26666666666671,912.499999999977,172.20000000000002,276.0,83.10000000000001,COOLING_DEGRADATION,CRITICAL
Cooling Degradation,86.09999999999938,CLIMB,5349.0,89.26000000000005,916.2499999999768,172.3,274.2,82.9,COOLING_DEGRADATION,CRITICAL
Cooling Degradation,86.19999999999938,CLIMB,5349.0,89.25333333333337,919.9999999999766,171.9,273.5,82.2,COOLING_DEGRADATION,CRITICAL
Cooling Degradation,86.29999999999937,CLIMB,5358.0,89.24666666666671,923.7499999999764,173.4,275.1,83.4,COOLING_DEGRADATION,CRITICAL
Cooling Degradation,86.39999999999937,CLIMB,5357.0,89.24000000000004,927.4999999999762,172.5,273.6,83.0,COOLING_DEGRADATION,CRITICAL
Cooling Degradation,86.49999999999936,CLIMB,5352.0,89.23333333333338,931.2499999999761,172.70000000000002,273.40000000000003,83.9,COOLING_DEGRADATION,CRITICAL
Cooling Degradation,86.59999999999935,CLIMB,5351.0,89.22666666666672,934.9999999999759,172.0,274.2,84.10000000000001,COOLING_DEGRADATION,CRITICAL
Cooling Degradation,86.69999999999935,CLIMB,5347.0,89.22000000000004,938.7499999999757,172.70000000000002,275.1,83.7,COOLING_DEGRADATION,CRITICAL
Cooling Degradation,86.79999999999934,CLIMB,5350.0,89.21333333333338,942.4999999999754,172.8,274.6,83.0,COOLING_DEGRADATION,CRITICAL
Cooling Degradation,86.89999999999934,CLIMB,5350.0,89.2066666666667,946.2499999999752,172.60000000000002,274.2,83.2,COOLING_DEGRADATION,CRITICAL
Cooling Degradation,86.99999999999933,CLIMB,5350.0,89.20000000000005,949.999999999975,172.8,274.7,83.7,COOLING_DEGRADATION,CRITICAL
Cooling Degradation,87.09999999999933,CLIMB,5349.0,89.19333333333338,953.7499999999748,173.3,274.3,82.80000000000001,COOLING_DEGRADATION,CRITICAL
Cooling Degradation,87.19999999999932,CLIMB,5342.0,89.18666666666671,957.4999999999745,173.60000000000002,273.8,84.30000000000001,COOLING_DEGRADATION,CRITICAL
Cooling Degradation,87.29999999999932,CLIMB,5341.0,89.18000000000005,961.2499999999743,172.9,273.90000000000003,83.7,COOLING_DEGRADATION,CRITICAL
Cooling Degradation,87.39999999999931,CLIMB,5342.0,89.17333333333337,964.9999999999741,173.20000000000002,273.3,84.0,COOLING_DEGRADATION,CRITICAL
Cooling Degradation,87.4999999999993,CLIMB,5343.0,89.16666666666671,968.7499999999739,173.10000000000002,274.0,83.80000000000001,COOLING_DEGRADATION,CRITICAL
Cooling Degradation,87.5999999999993,CLIMB,5346.0,89.16000000000005,972.4999999999736,174.0,273.40000000000003,84.10000000000001,COOLING_DEGRADATION,CRITICAL
Cooling Degradation,87.69999999999929,CLIMB,5349.0,89.15333333333338,976.2499999999734,174.60000000000002,274.40000000000003,83.10000000000001,COOLING_DEGRADATION,CRITICAL
Cooling Degradation,87.79999999999929,CLIMB,5348.0,89.14666666666672,979.9999999999732,174.0,273.5,83.2,COOLING_DEGRADATION,CRITICAL
Cooling Degradation,87.89999999999928,CLIMB,5354.0,89.14000000000004,983.7499999999729,173.8,275.40000000000003,83.2,COOLING_DEGRADATION,CRITICAL
Cooling Degradation,87.99999999999928,CLIMB,5345.0,89.13333333333338,987.4999999999728,174.8,274.2,83.4,COOLING_DEGRADATION,CRITICAL
Cooling Degradation,88.09999999999927,CLIMB,5334.0,89.12666666666672,991.2499999999726,173.10000000000002,274.3,84.30000000000001,COOLING_DEGRADATION,CRITICAL
Cooling Degradation,88.19999999999926,CLIMB,5342.0,89.12000000000005,994.9999999999724,174.20000000000002,272.7,84.5,COOLING_DEGRADATION,CRITICAL
Cooling Degradation,88.29999999999926,CLIMB,5355.0,89.11333333333339,998.7499999999721,173.9,272.8,84.4,COOLING_DEGRADATION,CRITICAL
Cooling Degradation,88.39999999999925,CLIMB,5338.0,89.10666666666671,1002.499999999972,175.10000000000002,273.3,83.2,COOLING_DEGRADATION,CRITICAL
Cooling Degradation,88.49999999999925,CLIMB,5345.0,89.10000000000005,1006.2499999999718,174.3,274.1,84.7,COOLING_DEGRADATION,CRITICAL
Cooling Degradation,88.59999999999924,CLIMB,5341.0,89.09333333333339,1009.9999999999716,174.3,274.90000000000003,84.30000000000001,COOLING_DEGRADATION,CRITICAL
Cooling Degradation,88.69999999999924,CLIMB,5355.0,89.08666666666672,1013.7499999999714,174.5,275.0,84.10000000000001,COOLING_DEGRADATION,CRITICAL
Cooling Degradation,88.79999999999923,CLIMB,5351.0,89.08000000000006,1017.4999999999711,174.20000000000002,273.5,84.7,COOLING_DEGRADATION,CRITICAL
Cooling Degradation,88.89999999999922,CLIMB,5350.0,89.07333333333338,1021.2499999999709,174.5,273.8,84.30000000000001,COOLING_DEGRADATION,CRITICAL
Cooling Degradation,88.99999999999922,CLIMB,5338.0,89.06666666666672,1024.9999999999707,175.3,271.2,83.5,COOLING_DEGRADATION,CRITICAL
Cooling Degradation,89.09999999999921,CLIMB,5339.0,89.06000000000006,1028.7499999999704,175.3,274.2,85.2,COOLING_DEGRADATION,CRITICAL
Cooling Degradation,89.1999999999992,CLIMB,5342.0,89.05333333333338,1032.4999999999702,174.9,272.40000000000003,84.30000000000001,COOLING_DEGRADATION,CRITICAL
Cooling Degradation,89.2999999999992,CLIMB,5346.0,89.04666666666672,1036.24999999997,175.0,275.5,85.7,COOLING_DEGRADATION,CRITICAL
Cooling Degradation,89.3999999999992,CLIMB,5352.0,89.04000000000005,1039.99999999997,174.70000000000002,270.5,84.80000000000001,COOLING_DEGRADATION,CRITICAL
Cooling Degradation,89.49999999999919,CLIMB,5343.0,89.03333333333339,1043.7499999999695,174.20000000000002,273.2,84.80000000000001,COOLING_DEGRADATION,CRITICAL
Cooling Degradation,89.59999999999918,CLIMB,5339.0,89.02666666666673,1047.4999999999695,175.5,273.90000000000003,84.7,COOLING_DEGRADATION,CRITICAL
Cooling Degradation,89.69999999999918,CLIMB,5349.0,89.02000000000005,1051.249999999969,175.9,274.0,84.5,COOLING_DEGRADATION,CRITICAL
Cooling Degradation,89.79999999999917,CLIMB,5339.0,89.01333333333339,1054.999999999969,176.70000000000002,271.7,84.60000000000001,COOLING_DEGRADATION,CRITICAL
Cooling Degradation,89.89999999999917,CLIMB,5349.0,89.00666666666672,1058.7499999999686,175.4,273.6,85.30000000000001,COOLING_DEGRADATION,CRITICAL
Cooling Degradation,89.99999999999916,CLIMB,5350.0,89.00000000000006,1062.4999999999686,175.8,272.5,84.4,COOLING_DEGRADATION,CRITICAL
Cooling Degradation,90.09999999999916,CLIMB,5346.0,88.9933333333334,1066.2499999999684,175.20000000000002,272.40000000000003,84.80000000000001,COOLING_DEGRADATION,CRITICAL
Cooling Degradation,90.19999999999915,CLIMB,5347.0,88.98666666666672,1069.9999999999682,176.20000000000002,273.1,85.2,COOLING_DEGRADATION,CRITICAL
Cooling Degradation,90.29999999999914,CLIMB,5342.0,88.98000000000006,1073.749999999968,176.60000000000002,271.5,85.0,COOLING_DEGRADATION,CRITICAL
Cooling Degradation,90.39999999999914,CLIMB,5342.0,88.97333333333339,1077.4999999999677,176.5,271.8,85.30000000000001,COOLING_DEGRADATION,CRITICAL
Cooling Degradation,90.49999999999913,CLIMB,5344.0,88.96666666666673,1081.2499999999675,176.4,273.6,86.0,COOLING_DEGRADATION,CRITICAL
Cooling Degradation,90.59999999999913,CLIMB,5350.0,88.96000000000006,1084.9999999999673,175.0,272.1,85.4,COOLING_DEGRADATION,CRITICAL
Cooling Degradation,90.69999999999912,CLIMB,5337.0,88.95333333333339,1088.749999999967,175.5,270.8,86.60000000000001,COOLING_DEGRADATION,CRITICAL
Cooling Degradation,90.79999999999912,CLIMB,5333.0,88.94666666666673,1092.4999999999668,176.70000000000002,272.3,86.0,COOLING_DEGRADATION,CRITICAL
Cooling Degradation,90.89999999999911,CLIMB,5346.0,88.94000000000005,1096.2499999999668,176.3,273.8,86.30000000000001,COOLING_DEGRADATION,CRITICAL
Cooling Degradation,90.9999999999991,CLIMB,5343.0,88.9333333333334,1099.9999999999663,177.10000000000002,270.7,86.30000000000001,COOLING_DEGRADATION,CRITICAL
Cooling Degradation,91.0999999999991,CLIMB,5330.0,88.92666666666673,1103.7499999999663,176.70000000000002,269.8,86.80000000000001,COOLING_DEGRADATION,CRITICAL
Cooling Degradation,91.1999999999991,CLIMB,5340.0,88.92000000000006,1107.499999999966,177.3,270.1,86.2,COOLING_DEGRADATION,CRITICAL
Cooling Degradation,91.29999999999909,CLIMB,5337.0,88.9133333333334,1111.249999999966,177.10000000000002,271.5,85.2,COOLING_DEGRADATION,CRITICAL
Cooling Degradation,91.39999999999908,CLIMB,5348.0,88.90666666666672,1114.9999999999657,176.60000000000002,274.2,86.5,COOLING_DEGRADATION,CRITICAL
Cooling Degradation,91.49999999999908,CLIMB,5334.0,88.90000000000006,1118.7499999999654,177.20000000000002,270.5,86.10000000000001,COOLING_DEGRADATION,CRITICAL
Cooling Degradation,91.59999999999907,CLIMB,5345.0,88.8933333333334,1122.4999999999652,176.4,271.0,85.80000000000001,COOLING_DEGRADATION,CRITICAL
Cooling Degradation,91.69999999999906,CLIMB,5346.0,88.88666666666673,1126.249999999965,177.70000000000002,270.7,85.80000000000001,COOLING_DEGRADATION,CRITICAL
Cooling Degradation,91.79999999999906,CLIMB,5330.0,88.88000000000007,1129.9999999999648,177.3,270.0,86.60000000000001,COOLING_DEGRADATION,CRITICAL
Cooling Degradation,91.89999999999905,CLIMB,5342.0,88.87333333333339,1133.7499999999645,177.5,271.7,85.7,COOLING_DEGRADATION,CRITICAL
Cooling Degradation,91.99999999999905,CLIMB,5344.0,88.86666666666673,1137.4999999999643,177.5,269.7,86.30000000000001,COOLING_DEGRADATION,CRITICAL
Cooling Degradation,92.09999999999904,CLIMB,5346.0,88.86000000000007,1141.249999999964,177.3,272.5,85.5,COOLING_DEGRADATION,CRITICAL
Cooling Degradation,92.19999999999904,CLIMB,5337.0,88.8533333333334,1144.9999999999638,177.8,272.40000000000003,85.80000000000001,COOLING_DEGRADATION,CRITICAL
Cooling Degradation,92.29999999999903,CLIMB,5335.0,88.84666666666674,1148.7499999999636,178.4,269.3,87.30000000000001,COOLING_DEGRADATION,CRITICAL
Cooling Degradation,92.39999999999903,CLIMB,5340.0,88.84000000000006,1152.4999999999636,177.5,272.2,87.10000000000001,COOLING_DEGRADATION,CRITICAL
Cooling Degradation,92.49999999999902,CLIMB,5340.0,88.8333333333334,1156.2499999999632,177.70000000000002,272.90000000000003,86.80000000000001,COOLING_DEGRADATION,CRITICAL
Cooling Degradation,92.59999999999901,CLIMB,5340.0,88.82666666666674,1159.9999999999632,177.70000000000002,270.1,86.80000000000001,COOLING_DEGRADATION,CRITICAL
Cooling Degradation,92.69999999999901,CLIMB,5333.0,88.82000000000006,1163.7499999999627,179.10000000000002,270.7,87.30000000000001,COOLING_DEGRADATION,CRITICAL
Cooling Degradation,92.799999999999,CLIMB,5345.0,88.8133333333334,1167.4999999999627,178.20000000000002,270.0,87.5,COOLING_DEGRADATION,CRITICAL
Cooling Degradation,92.899999999999,CLIMB,5335.0,88.80666666666673,1171.2499999999623,179.0,270.5,87.5,COOLING_DEGRADATION,CRITICAL
Cooling Degradation,92.99999999999899,CLIMB,5338.0,88.80000000000007,1174.9999999999623,179.3,270.3,86.2,COOLING_DEGRADATION,CRITICAL
Cooling Degradation,93.09999999999899,CLIMB,5337.0,88.79333333333341,1178.7499999999618,178.3,270.40000000000003,85.7,COOLING_DEGRADATION,CRITICAL
Cooling Degradation,93.19999999999898,CLIMB,5335.0,88.78666666666673,1182.4999999999618,178.5,269.0,87.2,COOLING_DEGRADATION,CRITICAL
Cooling Degradation,93.29999999999897,CLIMB,5334.0,88.78000000000007,1186.2499999999613,178.60000000000002,270.1,86.9,COOLING_DEGRADATION,CRITICAL
Cooling Degradation,93.39999999999897,CLIMB,5340.0,88.7733333333334,1189.9999999999613,179.0,269.5,87.10000000000001,COOLING_DEGRADATION,CRITICAL
Cooling Degradation,93.49999999999896,CLIMB,5333.0,88.76666666666674,1193.7499999999611,178.3,272.1,87.60000000000001,COOLING_DEGRADATION,CRITICAL
Cooling Degradation,93.59999999999896,CLIMB,5337.0,88.76000000000008,1197.499999999961,178.5,270.90000000000003,87.10000000000001,COOLING_DEGRADATION,CRITICAL
Cooling Degradation,93.69999999999895,CLIMB,5341.0,88.7533333333334,1201.2499999999607,179.60000000000002,271.2,85.9,COOLING_DEGRADATION,CRITICAL
Cooling Degradation,93.79999999999895,CLIMB,5338.0,88.74666666666674,1204.9999999999604,179.10000000000002,271.40000000000003,87.2,COOLING_DEGRADATION,CRITICAL
Cooling Degradation,93.89999999999894,CLIMB,5326.0,88.74000000000007,1208.7499999999604,179.8,271.2,87.0,COOLING_DEGRADATION,CRITICAL
Cooling Degradation,93.99999999999893,CLIMB,5332.0,88.7333333333334,1212.49999999996,179.8,269.2,86.30000000000001,COOLING_DEGRADATION,CRITICAL
Cooling Degradation,94.09999999999893,CLIMB,5336.0,88.72666666666674,1216.24999999996,178.8,271.0,87.30000000000001,COOLING_DEGRADATION,CRITICAL
Cooling Degradation,94.19999999999892,CLIMB,5335.0,88.72000000000007,1219.9999999999595,179.3,269.2,87.7,COOLING_DEGRADATION,CRITICAL
Cooling Degradation,94.29999999999892,CLIMB,5341.0,88.71333333333341,1223.7499999999595,179.3,270.90000000000003,87.80000000000001,COOLING_DEGRADATION,CRITICAL
Cooling Degradation,94.39999999999891,CLIMB,5333.0,88.70666666666673,1227.499999999959,178.8,270.8,87.10000000000001,COOLING_DEGRADATION,CRITICAL
Cooling Degradation,94.4999999999989,CLIMB,5333.0,88.70000000000007,1231.249999999959,180.9,269.6,87.10000000000001,COOLING_DEGRADATION,CRITICAL
Cooling Degradation,94.5999999999989,CLIMB,5330.0,88.69333333333341,1234.9999999999586,180.0,272.0,88.5,COOLING_DEGRADATION,CRITICAL
Cooling Degradation,94.6999999999989,CLIMB,5335.0,88.68666666666674,1238.7499999999586,178.9,270.6,87.4,COOLING_DEGRADATION,CRITICAL
Cooling Degradation,94.79999999999889,CLIMB,5337.0,88.68000000000008,1242.4999999999582,181.0,269.7,88.2,COOLING_DEGRADATION,CRITICAL
Cooling Degradation,94.89999999999888,CLIMB,5325.0,88.6733333333334,1246.2499999999582,180.3,269.7,88.2,COOLING_DEGRADATION,CRITICAL
Cooling Degradation,94.99999999999888,CLIMB,5332.0,88.66666666666674,1249.9999999999577,180.0,269.90000000000003,87.7,COOLING_DEGRADATION,CRITICAL
Cooling Degradation,95.09999999999887,CLIMB,5326.0,88.66000000000008,1253.7499999999577,180.10000000000002,268.8,88.80000000000001,COOLING_DEGRADATION,CRITICAL
Cooling Degradation,95.19999999999887,CLIMB,5335.0,88.6533333333334,1257.4999999999573,180.0,270.8,87.80000000000001,COOLING_DEGRADATION,CRITICAL
Cooling Degradation,95.29999999999886,CLIMB,5331.0,88.64666666666675,1261.2499999999573,180.70000000000002,268.5,87.7,COOLING_DEGRADATION,CRITICAL
Cooling Degradation,95.39999999999885,CLIMB,5330.0,88.64000000000007,1264.9999999999573,181.5,269.90000000000003,87.7,COOLING_DEGRADATION,CRITICAL
Cooling Degradation,95.49999999999885,CLIMB,5336.0,88.63333333333341,1268.7499999999568,180.8,268.8,88.30000000000001,COOLING_DEGRADATION,CRITICAL
Cooling Degradation,95.59999999999884,CLIMB,5331.0,88.62666666666675,1272.4999999999568,179.60000000000002,268.2,88.10000000000001,COOLING_DEGRADATION,CRITICAL
Cooling Degradation,95.69999999999884,CLIMB,5333.0,88.62000000000008,1276.2499999999563,181.20000000000002,271.6,87.80000000000001,COOLING_DEGRADATION,CRITICAL
Cooling Degradation,95.79999999999883,CLIMB,5330.0,88.61333333333341,1279.9999999999563,180.9,269.40000000000003,87.4,COOLING_DEGRADATION,CRITICAL
Cooling Degradation,95.89999999999883,CLIMB,5334.0,88.60666666666674,1283.749999999956,180.5,269.8,88.7,COOLING_DEGRADATION,CRITICAL
Cooling Degradation,95.99999999999882,CLIMB,5330.0,88.60000000000008,1287.499999999956,180.5,268.3,88.7,COOLING_DEGRADATION,CRITICAL
Cooling Degradation,96.09999999999881,CLIMB,5330.0,88.59333333333342,1291.2499999999554,180.4,268.7,88.7,COOLING_DEGRADATION,CRITICAL
Cooling Degradation,96.19999999999881,CLIMB,5330.0,88.58666666666674,1294.9999999999554,181.10000000000002,269.8,88.2,COOLING_DEGRADATION,CRITICAL
Cooling Degradation,96.2999999999988,CLIMB,5330.0,88.58000000000008,1298.749999999955,181.3,267.90000000000003,87.7,COOLING_DEGRADATION,CRITICAL
Cooling Degradation,96.3999999999988,CLIMB,5331.0,88.57333333333341,1302.499999999955,181.5,269.5,89.10000000000001,COOLING_DEGRADATION,CRITICAL
Cooling Degradation,96.49999999999879,CLIMB,5322.0,88.56666666666675,1306.2499999999545,182.20000000000002,268.90000000000003,89.10000000000001,COOLING_DEGRADATION,CRITICAL
Cooling Degradation,96.59999999999879,CLIMB,5329.0,88.56000000000009,1309.9999999999545,181.70000000000002,270.90000000000003,88.5,COOLING_DEGRADATION,CRITICAL
Cooling Degradation,96.69999999999878,CLIMB,5334.0,88.55333333333341,1313.749999999954,181.10000000000002,268.2,89.0,COOLING_DEGRADATION,CRITICAL
Cooling Degradation,96.79999999999878,CLIMB,5334.0,88.54666666666675,1317.499999999954,181.60000000000002,267.90000000000003,89.30000000000001,COOLING_DEGRADATION,CRITICAL
Cooling Degradation,96.89999999999877,CLIMB,5326.0,88.54000000000008,1321.2499999999538,181.0,268.7,88.9,COOLING_DEGRADATION,CRITICAL
Cooling Degradation,96.99999999999876,CLIMB,5337.0,88.53333333333342,1324.9999999999536,181.20000000000002,271.6,89.2,COOLING_DEGRADATION,CRITICAL
Cooling Degradation,97.09999999999876,CLIMB,5329.0,88.52666666666676,1328.7499999999534,181.0,268.90000000000003,88.10000000000001,COOLING_DEGRADATION,CRITICAL
Cooling Degradation,97.19999999999875,CLIMB,5321.0,88.52000000000008,1332.4999999999532,183.5,268.7,88.4,COOLING_DEGRADATION,CRITICAL
Cooling Degradation,97.29999999999875,CLIMB,5331.0,88.51333333333342,1336.249999999953,181.70000000000002,269.40000000000003,88.9,COOLING_DEGRADATION,CRITICAL
Cooling Degradation,97.39999999999874,CLIMB,5333.0,88.50666666666675,1339.9999999999527,181.60000000000002,269.2,89.5,COOLING_DEGRADATION,CRITICAL
Cooling Degradation,97.49999999999874,CLIMB,5330.0,88.50000000000009,1343.7499999999527,182.9,267.0,90.0,COOLING_DEGRADATION,CRITICAL
Cooling Degradation,97.59999999999873,CLIMB,5332.0,88.49333333333342,1347.4999999999523,181.10000000000002,269.3,88.4,COOLING_DEGRADATION,CRITICAL
Cooling Degradation,97.69999999999872,CLIMB,5334.0,88.48666666666675,1351.2499999999523,181.4,267.5,89.10000000000001,COOLING_DEGRADATION,CRITICAL
Cooling Degradation,97.79999999999872,CLIMB,5318.0,88.48000000000009,1354.9999999999518,182.4,269.1,88.5,COOLING_DEGRADATION,CRITICAL
Cooling Degradation,97.89999999999871,CLIMB,5327.0,88.47333333333341,1358.7499999999518,182.8,266.3,89.30000000000001,COOLING_DEGRADATION,CRITICAL
Cooling Degradation,97.9999999999987,CLIMB,5327.0,88.46666666666675,1362.4999999999513,182.3,268.0,90.4,COOLING_DEGRADATION,CRITICAL
Cooling Degradation,98.0999999999987,CLIMB,5324.0,88.4600000000001,1366.2499999999513,182.4,268.7,88.80000000000001,COOLING_DEGRADATION,CRITICAL
Cooling Degradation,98.1999999999987,CLIMB,5319.0,88.45333333333342,1369.999999999951,182.20000000000002,267.5,89.5,COOLING_DEGRADATION,CRITICAL
Cooling Degradation,98.29999999999869,CLIMB,5327.0,88.44666666666676,1373.749999999951,181.70000000000002,267.40000000000003,89.60000000000001,COOLING_DEGRADATION,CRITICAL
Cooling Degradation,98.39999999999868,CLIMB,5330.0,88.44000000000008,1377.4999999999507,183.70000000000002,267.5,89.7,COOLING_DEGRADATION,CRITICAL
Cooling Degradation,98.49999999999868,CLIMB,5320.0,88.43333333333342,1381.2499999999504,181.8,266.8,89.7,COOLING_DEGRADATION,CRITICAL
Cooling Degradation,98.59999999999867,CLIMB,5324.0,88.42666666666676,1384.9999999999502,183.10000000000002,266.40000000000003,89.7,COOLING_DEGRADATION,CRITICAL
Cooling Degradation,98.69999999999867,CLIMB,5328.0,88.42000000000009,1388.74999999995,182.8,268.1,90.9,COOLING_DEGRADATION,CRITICAL
Cooling Degradation,98.79999999999866,CLIMB,5327.0,88.41333333333343,1392.4999999999498,183.10000000000002,267.2,89.60000000000001,COOLING_DEGRADATION,CRITICAL
Cooling Degradation,98.89999999999866,CLIMB,5334.0,88.40666666666675,1396.2499999999495,184.3,270.0,89.4,COOLING_DEGRADATION,CRITICAL
Cooling Degradation,98.99999999999865,CLIMB,5333.0,88.40000000000009,1399.9999999999493,182.3,267.5,90.30000000000001,COOLING_DEGRADATION,CRITICAL
Cooling Degradation,99.09999999999864,CLIMB,5323.0,88.39333333333343,1403.749999999949,182.10000000000002,268.40000000000003,89.30000000000001,COOLING_DEGRADATION,CRITICAL
Cooling Degradation,99.19999999999864,CLIMB,5329.0,88.38666666666676,1407.4999999999488,182.20000000000002,267.3,89.9,COOLING_DEGRADATION,CRITICAL
Cooling Degradation,99.29999999999863,CLIMB,5327.0,88.3800000000001,1411.2499999999486,182.9,266.8,89.5,COOLING_DEGRADATION,CRITICAL
Cooling Degradation,99.39999999999863,CLIMB,5328.0,88.37333333333342,1414.9999999999486,182.9,265.8,89.5,COOLING_DEGRADATION,CRITICAL
Cooling Degradation,99.49999999999862,CLIMB,5331.0,88.36666666666676,1418.7499999999482,183.60000000000002,268.8,90.0,COOLING_DEGRADATION,CRITICAL
Cooling Degradation,99.59999999999862,CLIMB,5326.0,88.3600000000001,1422.4999999999482,183.9,269.3,89.7,COOLING_DEGRADATION,CRITICAL
Cooling Degradation,99.69999999999861,CLIMB,5325.0,88.35333333333342,1426.2499999999477,184.8,267.40000000000003,89.60000000000001,COOLING_DEGRADATION,CRITICAL
Cooling Degradation,99.7999999999986,CLIMB,5321.0,88.34666666666676,1429.9999999999477,183.10000000000002,269.2,90.5,COOLING_DEGRADATION,CRITICAL
Cooling Degradation,99.8999999999986,CLIMB,5321.0,88.34000000000009,1433.7499999999475,183.3,267.7,89.60000000000001,COOLING_DEGRADATION,CRITICAL
Cooling Degradation,99.9999999999986,CLIMB,5331.0,88.33333333333343,1437.4999999999472,183.20000000000002,268.1,90.10000000000001,COOLING_DEGRADATION,CRITICAL
Cooling Degradation,100.09999999999859,CLIMB,5321.0,88.32666666666677,1441.249999999947,184.10000000000002,266.3,90.5,COOLING_DEGRADATION,CRITICAL
Cooling Degradation,100.19999999999858,CLIMB,5325.0,88.32000000000009,1444.9999999999468,184.4,267.5,90.10000000000001,COOLING_DEGRADATION,CRITICAL
Cooling Degradation,100.29999999999858,CLIMB,5325.0,88.31333333333343,1448.7499999999466,185.60000000000002,267.1,90.7,COOLING_DEGRADATION,CRITICAL
Cooling Degradation,100.39999999999857,CLIMB,5321.0,88.30666666666676,1452.4999999999463,183.8,266.90000000000003,89.5,COOLING_DEGRADATION,CRITICAL
Cooling Degradation,100.49999999999856,CLIMB,5330.0,88.3000000000001,1456.249999999946,183.8,267.0,90.0,COOLING_DEGRADATION,CRITICAL
Cooling Degradation,100.59999999999856,CLIMB,5331.0,88.29333333333344,1459.9999999999459,183.4,266.90000000000003,90.0,COOLING_DEGRADATION,CRITICAL
Cooling Degradation,100.69999999999855,CLIMB,5326.0,88.28666666666676,1463.7499999999457,184.0,267.2,90.2,COOLING_DEGRADATION,CRITICAL
Cooling Degradation,100.79999999999855,CLIMB,5319.0,88.2800000000001,1467.4999999999454,184.70000000000002,267.8,90.80000000000001,COOLING_DEGRADATION,CRITICAL
Cooling Degradation,100.89999999999854,CLIMB,5314.0,88.27333333333343,1471.2499999999454,184.3,265.8,90.60000000000001,COOLING_DEGRADATION,CRITICAL
Cooling Degradation,100.99999999999854,CLIMB,5319.0,88.26666666666677,1474.999999999945,184.8,266.5,90.9,COOLING_DEGRADATION,CRITICAL
Cooling Degradation,101.09999999999853,CLIMB,5324.0,88.2600000000001,1478.749999999945,183.9,266.5,91.80000000000001,COOLING_DEGRADATION,CRITICAL
Cooling Degradation,101.19999999999852,CLIMB,5326.0,88.25333333333343,1482.4999999999445,185.10000000000002,267.8,91.7,COOLING_DEGRADATION,CRITICAL
Cooling Degradation,101.29999999999852,CLIMB,5321.0,88.24666666666677,1486.2499999999445,184.5,265.8,91.4,COOLING_DEGRADATION,CRITICAL
Cooling Degradation,101.39999999999851,CLIMB,5320.0,88.2400000000001,1489.9999999999443,184.0,264.7,90.0,COOLING_DEGRADATION,CRITICAL
Cooling Degradation,101.49999999999851,CLIMB,5320.0,88.23333333333343,1493.749999999944,184.20000000000002,267.2,90.7,COOLING_DEGRADATION,CRITICAL
Cooling Degradation,101.5999999999985,CLIMB,5325.0,88.22666666666677,1497.4999999999438,184.3,266.1,89.9,COOLING_DEGRADATION,CRITICAL
Cooling Degradation,101.6999999999985,CLIMB,5324.0,88.2200000000001,1501.2499999999436,183.9,264.7,90.30000000000001,COOLING_DEGRADATION,CRITICAL
Cooling Degradation,101.79999999999849,CLIMB,5323.0,88.21333333333344,1504.9999999999434,184.70000000000002,266.7,91.30000000000001,COOLING_DEGRADATION,CRITICAL
Cooling Degradation,101.89999999999849,CLIMB,5317.0,88.20666666666676,1508.7499999999432,185.20000000000002,266.90000000000003,91.2,COOLING_DEGRADATION,CRITICAL
Cooling Degradation,101.99999999999848,CLIMB,5314.0,88.2000000000001,1512.499999999943,185.20000000000002,265.1,91.60000000000001,COOLING_DEGRADATION,CRITICAL
Cooling Degradation,102.09999999999847,CLIMB,5323.0,88.19333333333344,1516.2499999999427,184.70000000000002,265.6,92.0,COOLING_DEGRADATION,CRITICAL
Cooling Degradation,102.19999999999847,CLIMB,5323.0,88.18666666666677,1519.9999999999425,184.9,265.3,91.2,COOLING_DEGRADATION,CRITICAL
Cooling Degradation,102.29999999999846,CLIMB,5322.0,88.1800000000001,1523.7499999999422,184.0,267.2,91.4,COOLING_DEGRADATION,CRITICAL
Cooling Degradation,102.39999999999846,CLIMB,5316.0,88.17333333333343,1527.4999999999422,185.0,264.90000000000003,92.2,COOLING_DEGRADATION,CRITICAL
Cooling Degradation,102.49999999999845,CLIMB,5325.0,88.16666666666677,1531.2499999999418,185.20000000000002,266.8,91.5,COOLING_DEGRADATION,CRITICAL
Cooling Degradation,102.59999999999845,CLIMB,5320.0,88.16000000000011,1534.9999999999418,186.0,266.3,90.5,COOLING_DEGRADATION,CRITICAL
Cooling Degradation,102.69999999999844,CLIMB,5320.0,88.15333333333344,1538.7499999999413,185.0,266.7,91.80000000000001,COOLING_DEGRADATION,CRITICAL
Cooling Degradation,102.79999999999843,CLIMB,5325.0,88.14666666666677,1542.4999999999413,184.60000000000002,267.0,90.7,COOLING_DEGRADATION,CRITICAL
Cooling Degradation,102.89999999999843,CLIMB,5316.0,88.1400000000001,1546.249999999941,184.8,265.2,91.2,COOLING_DEGRADATION,CRITICAL
Cooling Degradation,102.99999999999842,CLIMB,5322.0,88.13333333333344,1549.9999999999409,185.4,264.40000000000003,91.80000000000001,COOLING_DEGRADATION,CRITICAL
Cooling Degradation,103.09999999999842,CLIMB,5322.0,88.12666666666678,1553.7499999999407,185.0,264.5,91.80000000000001,COOLING_DEGRADATION,CRITICAL
Cooling Degradation,103.19999999999841,CLIMB,5310.0,88.1200000000001,1557.4999999999404,185.3,266.8,91.0,COOLING_DEGRADATION,CRITICAL
Cooling Degradation,103.2999999999984,CLIMB,5307.0,88.11333333333344,1561.2499999999402,185.8,267.3,91.30000000000001,COOLING_DEGRADATION,CRITICAL
Cooling Degradation,103.3999999999984,CLIMB,5314.0,88.10666666666677,1564.99999999994,186.10000000000002,265.5,91.30000000000001,COOLING_DEGRADATION,CRITICAL
Cooling Degradation,103.4999999999984,CLIMB,5314.0,88.10000000000011,1568.7499999999397,186.4,265.5,91.4,COOLING_DEGRADATION,CRITICAL
Cooling Degradation,103.59999999999839,CLIMB,5320.0,88.09333333333345,1572.4999999999395,185.20000000000002,265.40000000000003,91.60000000000001,COOLING_DEGRADATION,CRITICAL
Cooling Degradation,103.69999999999838,CLIMB,5315.0,88.08666666666677,1576.2499999999393,185.9,266.40000000000003,92.4,COOLING_DEGRADATION,CRITICAL
Cooling Degradation,103.79999999999838,CLIMB,5326.0,88.08000000000011,1579.999999999939,185.8,265.40000000000003,93.10000000000001,COOLING_DEGRADATION,CRITICAL
Cooling Degradation,103.89999999999837,CLIMB,5321.0,88.07333333333344,1583.749999999939,186.4,266.3,91.9,COOLING_DEGRADATION,CRITICAL
Cooling Degradation,103.99999999999837,CLIMB,5324.0,88.06666666666678,1587.4999999999386,186.20000000000002,266.7,91.2,COOLING_DEGRADATION,CRITICAL
Cooling Degradation,104.09999999999836,CLIMB,5316.0,88.06000000000012,1591.2499999999386,185.5,264.3,91.5,COOLING_DEGRADATION,CRITICAL
Cooling Degradation,104.19999999999835,CLIMB,5317.0,88.05333333333344,1594.9999999999382,186.5,262.7,92.0,COOLING_DEGRADATION,CRITICAL
Cooling Degradation,104.29999999999835,CLIMB,5306.0,88.04666666666678,1598.7499999999382,186.4,265.90000000000003,92.80000000000001,COOLING_DEGRADATION,CRITICAL
Cooling Degradation,104.39999999999834,CLIMB,5327.0,88.0400000000001,1602.499999999938,185.70000000000002,265.0,92.2,COOLING_DEGRADATION,CRITICAL
Cooling Degradation,104.49999999999834,CLIMB,5322.0,88.03333333333345,1606.2499999999377,185.60000000000002,266.6,93.10000000000001,COOLING_DEGRADATION,CRITICAL
Cooling Degradation,104.59999999999833,CLIMB,5315.0,88.02666666666678,1609.9999999999375,187.10000000000002,267.2,92.2,COOLING_DEGRADATION,CRITICAL
Cooling Degradation,104.69999999999833,CLIMB,5307.0,88.02000000000011,1613.7499999999372,186.5,265.0,92.4,COOLING_DEGRADATION,CRITICAL
Cooling Degradation,104.79999999999832,CLIMB,5304.0,88.01333333333345,1617.499999999937,186.3,265.2,91.9,COOLING_DEGRADATION,CRITICAL
Cooling Degradation,104.89999999999831,CLIMB,5316.0,88.00666666666677,1621.2499999999368,186.60000000000002,264.5,92.9,COOLING_DEGRADATION,CRITICAL
Cooling Degradation,104.99999999999831,CLIMB,5317.0,88.00000000000011,1624.9999999999366,185.8,263.8,92.80000000000001,COOLING_DEGRADATION,CRITICAL
Cooling Degradation,105.0999999999983,CLIMB,5310.0,87.99333333333345,1628.7499999999363,186.8,264.6,92.2,COOLING_DEGRADATION,CRITICAL
Cooling Degradation,105.1999999999983,CLIMB,5309.0,87.98666666666678,1632.4999999999363,186.0,264.1,92.60000000000001,COOLING_DEGRADATION,CRITICAL
Cooling Degradation,105.29999999999829,CLIMB,5322.0,87.98000000000012,1636.249999999936,186.8,265.1,93.30000000000001,COOLING_DEGRADATION,CRITICAL
Cooling Degradation,105.39999999999829,CLIMB,5307.0,87.97333333333344,1639.9999999999357,186.3,264.0,92.80000000000001,COOLING_DEGRADATION,CRITICAL
Cooling Degradation,105.49999999999828,CLIMB,5307.0,87.96666666666678,1643.7499999999354,186.9,263.1,91.9,COOLING_DEGRADATION,CRITICAL
Cooling Degradation,105.59999999999827,CLIMB,5313.0,87.96000000000012,1647.4999999999354,186.60000000000002,262.3,92.30000000000001,COOLING_DEGRADATION,CRITICAL
Cooling Degradation,105.69999999999827,CLIMB,5319.0,87.95333333333345,1651.2499999999352,186.4,265.2,93.7,COOLING_DEGRADATION,CRITICAL
Cooling Degradation,105.79999999999826,CLIMB,5304.0,87.94666666666679,1654.999999999935,186.10000000000002,265.90000000000003,92.5,COOLING_DEGRADATION,CRITICAL
Cooling Degradation,105.89999999999826,CLIMB,5307.0,87.94000000000011,1658.7499999999345,187.60000000000002,263.40000000000003,94.4,COOLING_DEGRADATION,CRITICAL
Cooling Degradation,105.99999999999825,CLIMB,5308.0,87.93333333333345,1662.4999999999345,186.70000000000002,262.5,93.30000000000001,COOLING_DEGRADATION,CRITICAL
Cooling Degradation,106.09999999999825,CLIMB,5310.0,87.92666666666679,1666.2499999999343,187.9,265.5,92.4,COOLING_DEGRADATION,CRITICAL
Cooling Degradation,106.19999999999824,CLIMB,5304.0,87.92000000000012,1669.999999999934,186.60000000000002,263.7,93.80000000000001,COOLING_DEGRADATION,CRITICAL
Cooling Degradation,106.29999999999824,CLIMB,5311.0,87.91333333333345,1673.7499999999338,187.0,263.2,93.80000000000001,COOLING_DEGRADATION,CRITICAL
Cooling Degradation,106.39999999999823,CLIMB,5314.0,87.90666666666678,1677.4999999999336,187.0,263.8,93.60000000000001,COOLING_DEGRADATION,CRITICAL
Cooling Degradation,106.49999999999822,CLIMB,5311.0,87.90000000000012,1681.2499999999334,187.5,263.7,93.5,COOLING_DEGRADATION,CRITICAL
Cooling Degradation,106.59999999999822,CLIMB,5308.0,87.89333333333346,1684.9999999999332,188.20000000000002,263.0,93.5,COOLING_DEGRADATION,CRITICAL
Cooling Degradation,106.69999999999821,CLIMB,5307.0,87.88666666666678,1688.749999999933,187.5,263.90000000000003,93.80000000000001,COOLING_DEGRADATION,CRITICAL
Cooling Degradation,106.7999999999982,CLIMB,5305.0,87.88000000000012,1692.499999999933,187.20000000000002,263.90000000000003,93.5,COOLING_DEGRADATION,CRITICAL
Cooling Degradation,106.8999999999982,CLIMB,5309.0,87.87333333333345,1696.2499999999325,186.70000000000002,264.90000000000003,93.5,COOLING_DEGRADATION,CRITICAL
Cooling Degradation,106.9999999999982,CLIMB,5314.0,87.86666666666679,1699.9999999999322,187.70000000000002,262.7,92.7,COOLING_DEGRADATION,CRITICAL
Cooling Degradation,107.09999999999819,CLIMB,5299.0,87.86000000000013,1703.749999999932,187.60000000000002,262.3,93.2,COOLING_DEGRADATION,CRITICAL
Cooling Degradation,107.19999999999818,CLIMB,5312.0,87.85333333333345,1707.499999999932,187.60000000000002,263.1,92.60000000000001,COOLING_DEGRADATION,CRITICAL
Cooling Degradation,107.29999999999818,CLIMB,5308.0,87.84666666666679,1711.2499999999318,186.70000000000002,262.5,94.0,COOLING_DEGRADATION,CRITICAL
Cooling Degradation,107.39999999999817,CLIMB,5310.0,87.84000000000012,1714.9999999999313,188.20000000000002,263.1,94.7,COOLING_DEGRADATION,CRITICAL
Cooling Degradation,107.49999999999817,CLIMB,5305.0,87.83333333333346,1718.7499999999313,187.4,264.7,93.4,COOLING_DEGRADATION,CRITICAL
Cooling Degradation,107.59999999999816,CLIMB,5313.0,87.8266666666668,1722.499999999931,188.9,264.1,93.7,COOLING_DEGRADATION,CRITICAL
Cooling Degradation,107.69999999999816,CLIMB,5311.0,87.82000000000012,1726.2499999999309,188.9,265.5,94.60000000000001,COOLING_DEGRADATION,CRITICAL
Cooling Degradation,107.79999999999815,CLIMB,5307.0,87.81333333333346,1729.9999999999307,187.9,264.5,95.0,COOLING_DEGRADATION,CRITICAL
Cooling Degradation,107.89999999999814,CLIMB,5310.0,87.80666666666679,1733.7499999999304,188.20000000000002,263.6,92.80000000000001,COOLING_DEGRADATION,CRITICAL
Cooling Degradation,107.99999999999814,CLIMB,5304.0,87.80000000000013,1737.4999999999302,189.70000000000002,263.1,94.5,COOLING_DEGRADATION,CRITICAL
Cooling Degradation,108.09999999999813,CLIMB,5309.0,87.79333333333346,1741.24999999993,189.0,263.0,94.30000000000001,COOLING_DEGRADATION,CRITICAL
Cooling Degradation,108.19999999999813,CLIMB,5298.0,87.78666666666679,1744.9999999999297,187.0,262.7,93.60000000000001,COOLING_DEGRADATION,CRITICAL
Cooling Degradation,108.29999999999812,CLIMB,5315.0,87.78000000000013,1748.7499999999297,187.8,262.5,93.9,COOLING_DEGRADATION,CRITICAL
Cooling Degradation,108.39999999999812,CLIMB,5304.0,87.77333333333345,1752.4999999999293,188.20000000000002,262.1,94.4,COOLING_DEGRADATION,CRITICAL
Cooling Degradation,108.49999999999811,CLIMB,5304.0,87.7666666666668,1756.249999999929,188.20000000000002,263.90000000000003,93.4,COOLING_DEGRADATION,CRITICAL
Cooling Degradation,108.5999999999981,CLIMB,5310.0,87.76000000000013,1759.9999999999288,187.8,265.0,93.9,COOLING_DEGRADATION,CRITICAL
Cooling Degradation,108.6999999999981,CLIMB,5311.0,87.75333333333346,1763.7499999999288,188.4,261.0,94.10000000000001,COOLING_DEGRADATION,CRITICAL
Cooling Degradation,108.7999999999981,CLIMB,5309.0,87.7466666666668,1767.4999999999286,188.5,262.6,94.10000000000001,COOLING_DEGRADATION,CRITICAL
Cooling Degradation,108.89999999999809,CLIMB,5308.0,87.74000000000012,1771.2499999999281,189.3,262.5,93.9,COOLING_DEGRADATION,CRITICAL
Cooling Degradation,108.99999999999808,CLIMB,5302.0,87.73333333333346,1774.999999999928,188.70000000000002,262.40000000000003,93.80000000000001,COOLING_DEGRADATION,CRITICAL
Cooling Degradation,109.09999999999808,CLIMB,5302.0,87.7266666666668,1778.749999999928,187.70000000000002,262.0,94.2,COOLING_DEGRADATION,CRITICAL
Cooling Degradation,109.19999999999807,CLIMB,5306.0,87.72000000000013,1782.4999999999277,189.0,264.8,94.10000000000001,COOLING_DEGRADATION,CRITICAL
Cooling Degradation,109.29999999999806,CLIMB,5306.0,87.71333333333347,1786.2499999999275,189.8,262.0,94.2,COOLING_DEGRADATION,CRITICAL
Cooling Degradation,109.39999999999806,CLIMB,5302.0,87.70666666666679,1789.999999999927,189.10000000000002,262.1,94.5,COOLING_DEGRADATION,CRITICAL
Cooling Degradation,109.49999999999805,CLIMB,5303.0,87.70000000000013,1793.749999999927,189.20000000000002,261.1,94.80000000000001,COOLING_DEGRADATION,CRITICAL
Cooling Degradation,109.59999999999805,CLIMB,5290.0,87.69333333333347,1797.4999999999268,188.4,264.1,93.9,COOLING_DEGRADATION,CRITICAL
Cooling Degradation,109.69999999999804,CLIMB,5308.0,87.6866666666668,1801.2499999999266,188.60000000000002,264.1,94.7,COOLING_DEGRADATION,CRITICAL
Cooling Degradation,109.79999999999804,CLIMB,5317.0,87.68000000000013,1804.9999999999266,189.0,263.8,95.5,COOLING_DEGRADATION,CRITICAL
Cooling Degradation,109.89999999999803,CLIMB,5307.0,87.67333333333346,1808.749999999926,189.3,263.3,95.4,COOLING_DEGRADATION,CRITICAL
Cooling Degradation,109.99999999999802,CLIMB,5320.0,87.6666666666668,1812.4999999999259,189.9,261.3,94.4,COOLING_DEGRADATION,CRITICAL
Cooling Degradation,110.09999999999802,CLIMB,5300.0,87.66000000000014,1816.2499999999256,189.10000000000002,262.90000000000003,94.9,COOLING_DEGRADATION,CRITICAL
Cooling Degradation,110.19999999999801,CLIMB,5296.0,87.65333333333346,1819.9999999999256,188.10000000000002,262.2,94.2,COOLING_DEGRADATION,CRITICAL
Cooling Degradation,110.29999999999801,CLIMB,5300.0,87.6466666666668,1823.7499999999254,188.60000000000002,261.8,95.30000000000001,COOLING_DEGRADATION,CRITICAL
Cooling Degradation,110.399999999998,CLIMB,5304.0,87.64000000000013,1827.499999999925,188.8,262.0,94.80000000000001,COOLING_DEGRADATION,CRITICAL
Cooling Degradation,110.499999999998,CLIMB,5296.0,87.63333333333347,1831.2499999999247,188.60000000000002,263.1,95.0,COOLING_DEGRADATION,CRITICAL
Cooling Degradation,110.59999999999799,CLIMB,5298.0,87.62666666666681,1834.9999999999247,188.5,261.7,95.60000000000001,COOLING_DEGRADATION,CRITICAL
Cooling Degradation,110.69999999999798,CLIMB,5303.0,87.62000000000013,1838.7499999999245,190.8,261.2,95.4,COOLING_DEGRADATION,CRITICAL
Cooling Degradation,110.79999999999798,CLIMB,5303.0,87.61333333333347,1842.4999999999243,190.0,261.40000000000003,95.7,COOLING_DEGRADATION,CRITICAL
Cooling Degradation,110.89999999999797,CLIMB,5297.0,87.6066666666668,1846.2499999999238,189.0,262.0,95.5,COOLING_DEGRADATION,CRITICAL
Cooling Degradation,110.99999999999797,CLIMB,5302.0,87.60000000000014,1849.9999999999238,189.8,261.7,94.80000000000001,COOLING_DEGRADATION,CRITICAL
Cooling Degradation,111.09999999999796,CLIMB,5303.0,87.59333333333348,1853.7499999999236,189.60000000000002,260.5,96.0,COOLING_DEGRADATION,CRITICAL
Cooling Degradation,111.19999999999796,CLIMB,5300.0,87.5866666666668,1857.4999999999234,189.0,262.1,94.5,COOLING_DEGRADATION,CRITICAL
Cooling Degradation,111.29999999999795,CLIMB,5294.0,87.58000000000014,1861.2499999999234,189.60000000000002,262.2,95.30000000000001,COOLING_DEGRADATION,CRITICAL
Cooling Degradation,111.39999999999795,CLIMB,5301.0,87.57333333333347,1864.999999999923,189.60000000000002,261.8,95.10000000000001,COOLING_DEGRADATION,CRITICAL
Cooling Degradation,111.49999999999794,CLIMB,5303.0,87.5666666666668,1868.7499999999227,189.4,260.8,95.0,COOLING_DEGRADATION,CRITICAL
Cooling Degradation,111.59999999999793,CLIMB,5302.0,87.56000000000014,1872.4999999999225,189.10000000000002,260.8,95.30000000000001,COOLING_DEGRADATION,CRITICAL
Cooling Degradation,111.69999999999793,CLIMB,5298.0,87.55333333333347,1876.2499999999225,189.0,260.3,96.5,COOLING_DEGRADATION,CRITICAL
Cooling Degradation,111.79999999999792,CLIMB,5297.0,87.54666666666681,1879.9999999999222,190.10000000000002,261.1,95.7,COOLING_DEGRADATION,CRITICAL
Cooling Degradation,111.89999999999792,CLIMB,5306.0,87.54000000000013,1883.7499999999218,189.9,260.6,94.10000000000001,COOLING_DEGRADATION,CRITICAL
Cooling Degradation,111.99999999999791,CLIMB,5303.0,87.53333333333347,1887.4999999999216,189.70000000000002,261.0,95.0,COOLING_DEGRADATION,CRITICAL
Cooling Degradation,112.0999999999979,CLIMB,5303.0,87.52666666666681,1891.2499999999216,189.8,260.5,95.60000000000001,COOLING_DEGRADATION,CRITICAL
Cooling Degradation,112.1999999999979,CLIMB,5306.0,87.52000000000014,1894.9999999999213,190.4,258.3,96.10000000000001,COOLING_DEGRADATION,CRITICAL
Cooling Degradation,112.2999999999979,CLIMB,5295.0,87.51333333333348,1898.749999999921,189.70000000000002,261.5,96.4,COOLING_DEGRADATION,CRITICAL
Cooling Degradation,112.39999999999789,CLIMB,5298.0,87.5066666666668,1902.4999999999206,190.5,262.1,95.2,COOLING_DEGRADATION,CRITICAL
Cooling Degradation,112.49999999999788,CLIMB,5292.0,87.50000000000014,1906.2499999999206,190.20000000000002,260.3,96.10000000000001,COOLING_DEGRADATION,CRITICAL
Cooling Degradation,112.59999999999788,CLIMB,5293.0,87.49333333333348,1909.9999999999204,189.20000000000002,259.7,96.60000000000001,COOLING_DEGRADATION,CRITICAL
Cooling Degradation,112.69999999999787,CLIMB,5290.0,87.4866666666668,1913.7499999999202,190.5,261.2,96.4,COOLING_DEGRADATION,CRITICAL
Cooling Degradation,112.79999999999787,CLIMB,5295.0,87.48000000000015,1917.49999999992,190.9,261.2,96.10000000000001,COOLING_DEGRADATION,CRITICAL
Cooling Degradation,112.89999999999786,CLIMB,5298.0,87.47333333333347,1921.2499999999197,190.0,261.3,95.30000000000001,COOLING_DEGRADATION,CRITICAL
Cooling Degradation,112.99999999999785,CLIMB,5302.0,87.46666666666681,1924.9999999999195,190.20000000000002,260.2,97.0,COOLING_DEGRADATION,CRITICAL
Cooling Degradation,113.09999999999785,CLIMB,5301.0,87.46000000000015,1928.7499999999193,189.9,260.2,97.0,COOLING_DEGRADATION,CRITICAL
Cooling Degradation,113.19999999999784,CLIMB,5292.0,87.45333333333348,1932.4999999999193,190.20000000000002,261.6,95.80000000000001,COOLING_DEGRADATION,CRITICAL
Cooling Degradation,113.29999999999784,CLIMB,5289.0,87.44666666666681,1936.249999999919,191.0,260.40000000000003,95.80000000000001,COOLING_DEGRADATION,CRITICAL
Cooling Degradation,113.39999999999783,CLIMB,5294.0,87.44000000000014,1939.9999999999186,191.3,261.40000000000003,96.5,COOLING_DEGRADATION,CRITICAL
Cooling Degradation,113.49999999999783,CLIMB,5289.0,87.43333333333348,1943.7499999999184,191.0,259.3,96.0,COOLING_DEGRADATION,CRITICAL
Cooling Degradation,113.59999999999782,CLIMB,5295.0,87.42666666666682,1947.4999999999184,189.70000000000002,258.40000000000003,95.60000000000001,COOLING_DEGRADATION,CRITICAL
Cooling Degradation,113.69999999999781,CLIMB,5304.0,87.42000000000014,1951.2499999999181,189.4,260.0,95.80000000000001,COOLING_DEGRADATION,CRITICAL
Cooling Degradation,113.79999999999781,CLIMB,5299.0,87.41333333333348,1954.999999999918,190.8,259.6,94.9,COOLING_DEGRADATION,CRITICAL
Cooling Degradation,113.8999999999978,CLIMB,5294.0,87.40666666666681,1958.7499999999175,190.8,259.5,96.5,COOLING_DEGRADATION,CRITICAL
Cooling Degradation,113.9999999999978,CLIMB,5295.0,87.40000000000015,1962.4999999999175,190.9,260.1,96.5,COOLING_DEGRADATION,CRITICAL
Cooling Degradation,114.09999999999779,CLIMB,5292.0,87.39333333333349,1966.2499999999172,189.0,259.1,96.2,COOLING_DEGRADATION,CRITICAL
Cooling Degradation,114.19999999999779,CLIMB,5286.0,87.38666666666681,1969.999999999917,190.3,261.0,97.2,COOLING_DEGRADATION,CRITICAL
Cooling Degradation,114.29999999999778,CLIMB,5296.0,87.38000000000015,1973.7499999999168,190.9,261.40000000000003,97.7,COOLING_DEGRADATION,CRITICAL
Cooling Degradation,114.39999999999777,CLIMB,5301.0,87.37333333333348,1977.4999999999166,191.0,263.3,95.80000000000001,COOLING_DEGRADATION,CRITICAL
Cooling Degradation,114.49999999999777,CLIMB,5292.0,87.36666666666682,1981.2499999999163,190.3,261.1,96.9,COOLING_DEGRADATION,CRITICAL
Cooling Degradation,114.59999999999776,CLIMB,5297.0,87.36000000000016,1984.999999999916,190.3,258.5,95.9,COOLING_DEGRADATION,CRITICAL
Cooling Degradation,114.69999999999776,CLIMB,5301.0,87.35333333333348,1988.7499999999159,191.20000000000002,257.8,97.60000000000001,COOLING_DEGRADATION,CRITICAL
Cooling Degradation,114.79999999999775,CLIMB,5295.0,87.34666666666682,1992.4999999999159,190.10000000000002,259.2,96.10000000000001,COOLING_DEGRADATION,CRITICAL
Cooling Degradation,114.89999999999775,CLIMB,5296.0,87.34000000000015,1996.2499999999154,190.9,258.0,97.0,COOLING_DEGRADATION,CRITICAL
Cooling Degradation,114.99999999999774,CLIMB,5289.0,87.33333333333348,1999.9999999999152,190.20000000000002,259.0,97.80000000000001,COOLING_DEGRADATION,CRITICAL
Cooling Degradation,115.09999999999773,CLIMB,5293.0,87.32666666666682,2003.749999999915,191.0,260.3,97.0,COOLING_DEGRADATION,CRITICAL
Cooling Degradation,115.19999999999773,CLIMB,5293.0,87.32000000000015,2007.499999999915,191.3,258.90000000000003,96.4,COOLING_DEGRADATION,CRITICAL
Cooling Degradation,115.29999999999772,CLIMB,5286.0,87.31333333333349,2011.2499999999147,191.8,258.8,97.4,COOLING_DEGRADATION,CRITICAL
Cooling Degradation,115.39999999999772,CLIMB,5293.0,87.30666666666681,2014.9999999999143,190.60000000000002,258.90000000000003,96.30000000000001,COOLING_DEGRADATION,CRITICAL
Cooling Degradation,115.49999999999771,CLIMB,5294.0,87.30000000000015,2018.7499999999143,190.3,258.40000000000003,95.9,COOLING_DEGRADATION,CRITICAL
Cooling Degradation,115.5999999999977,CLIMB,5296.0,87.29333333333349,2022.499999999914,191.10000000000002,257.90000000000003,97.60000000000001,COOLING_DEGRADATION,CRITICAL
Cooling Degradation,115.6999999999977,CLIMB,5290.0,87.28666666666682,2026.2499999999138,190.20000000000002,260.3,97.0,COOLING_DEGRADATION,CRITICAL
Cooling Degradation,115.7999999999977,CLIMB,5299.0,87.28000000000016,2029.9999999999136,191.0,259.8,97.10000000000001,COOLING_DEGRADATION,CRITICAL
Cooling Degradation,115.89999999999769,CLIMB,5287.0,87.27333333333348,2033.7499999999134,191.4,259.7,96.9,COOLING_DEGRADATION,CRITICAL
Cooling Degradation,115.99999999999768,CLIMB,5287.0,87.26666666666682,2037.4999999999131,191.4,259.6,97.10000000000001,COOLING_DEGRADATION,CRITICAL
Cooling Degradation,116.09999999999768,CLIMB,5297.0,87.26000000000016,2041.249999999913,191.20000000000002,258.3,97.0,COOLING_DEGRADATION,CRITICAL
Cooling Degradation,116.19999999999767,CLIMB,5289.0,87.25333333333349,2044.9999999999127,191.5,258.8,97.30000000000001,COOLING_DEGRADATION,CRITICAL
Cooling Degradation,116.29999999999767,CLIMB,5286.0,87.24666666666683,2048.7499999999127,191.10000000000002,257.90000000000003,97.5,COOLING_DEGRADATION,CRITICAL
Cooling Degradation,116.39999999999766,CLIMB,5285.0,87.24000000000015,2052.4999999999122,190.60000000000002,259.2,97.5,COOLING_DEGRADATION,CRITICAL
Cooling Degradation,116.49999999999766,CLIMB,5286.0,87.23333333333349,2056.249999999912,191.3,258.90000000000003,96.9,COOLING_DEGRADATION,CRITICAL
Cooling Degradation,116.59999999999765,CLIMB,5284.0,87.22666666666683,2059.999999999912,191.60000000000002,261.0,97.5,COOLING_DEGRADATION,CRITICAL
Cooling Degradation,116.69999999999764,CLIMB,5283.0,87.22000000000016,2063.749999999912,191.8,258.90000000000003,97.4,COOLING_DEGRADATION,CRITICAL
Cooling Degradation,116.79999999999764,CLIMB,5291.0,87.2133333333335,2067.499999999912,191.3,256.8,98.0,COOLING_DEGRADATION,CRITICAL
Cooling Degradation,116.89999999999763,CLIMB,5291.0,87.20666666666682,2071.249999999911,191.10000000000002,258.5,96.9,COOLING_DEGRADATION,CRITICAL
Cooling Degradation,116.99999999999763,CLIMB,5282.0,87.20000000000016,2074.999999999911,191.70000000000002,256.40000000000003,97.30000000000001,COOLING_DEGRADATION,CRITICAL
Cooling Degradation,117.09999999999762,CLIMB,5288.0,87.1933333333335,2078.749999999911,191.3,257.6,97.9,COOLING_DEGRADATION,CRITICAL
Cooling Degradation,117.19999999999762,CLIMB,5280.0,87.18666666666682,2082.499999999911,191.3,258.90000000000003,97.5,COOLING_DEGRADATION,CRITICAL
Cooling Degradation,117.29999999999761,CLIMB,5292.0,87.18000000000016,2086.2499999999104,192.70000000000002,260.40000000000003,98.2,COOLING_DEGRADATION,CRITICAL
Cooling Degradation,117.3999999999976,CLIMB,5282.0,87.17333333333349,2089.99999999991,191.20000000000002,259.7,98.10000000000001,COOLING_DEGRADATION,CRITICAL
Cooling Degradation,117.4999999999976,CLIMB,5287.0,87.16666666666683,2093.74999999991,191.8,258.5,98.0,COOLING_DEGRADATION,CRITICAL
Cooling Degradation,117.59999999999759,CLIMB,5296.0,87.16000000000017,2097.49999999991,192.9,259.8,98.30000000000001,COOLING_DEGRADATION,CRITICAL
Cooling Degradation,117.69999999999759,CLIMB,5284.0,87.15333333333349,2101.2499999999095,192.10000000000002,258.90000000000003,97.7,COOLING_DEGRADATION,CRITICAL
Cooling Degradation,117.79999999999758,CLIMB,5289.0,87.14666666666683,2104.9999999999095,191.9,258.3,98.5,COOLING_DEGRADATION,CRITICAL
Cooling Degradation,117.89999999999758,CLIMB,5278.0,87.14000000000016,2108.749999999909,192.20000000000002,258.3,98.4,COOLING_DEGRADATION,CRITICAL
Cooling Degradation,117.99999999999757,CLIMB,5290.0,87.1333333333335,2112.499999999909,191.60000000000002,259.40000000000003,98.80000000000001,COOLING_DEGRADATION,CRITICAL
Cooling Degradation,118.09999999999756,CLIMB,5291.0,87.12666666666684,2116.2499999999086,191.3,256.0,97.2,COOLING_DEGRADATION,CRITICAL
Cooling Degradation,118.19999999999756,CLIMB,5282.0,87.12000000000016,2119.9999999999086,191.70000000000002,256.2,97.7,COOLING_DEGRADATION,CRITICAL
Cooling Degradation,118.29999999999755,CLIMB,5282.0,87.1133333333335,2123.749999999908,191.60000000000002,258.1,98.10000000000001,COOLING_DEGRADATION,CRITICAL
Cooling Degradation,118.39999999999755,CLIMB,5284.0,87.10666666666683,2127.499999999908,192.3,257.90000000000003,98.2,COOLING_DEGRADATION,CRITICAL
Cooling Degradation,118.49999999999754,CLIMB,5283.0,87.10000000000016,2131.2499999999077,193.0,257.5,97.7,COOLING_DEGRADATION,CRITICAL
Cooling Degradation,118.59999999999754,CLIMB,5288.0,87.0933333333335,2134.9999999999077,192.3,257.0,99.5,COOLING_DEGRADATION,CRITICAL
Cooling Degradation,118.69999999999753,CLIMB,5282.0,87.08666666666683,2138.7499999999072,192.5,256.6,97.30000000000001,COOLING_DEGRADATION,CRITICAL
Cooling Degradation,118.79999999999752,CLIMB,5284.0,87.08000000000017,2142.4999999999072,191.5,257.40000000000003,98.5,COOLING_DEGRADATION,CRITICAL
Cooling Degradation,118.89999999999752,CLIMB,5286.0,87.0733333333335,2146.249999999907,192.3,256.2,98.5,COOLING_DEGRADATION,CRITICAL
Cooling Degradation,118.99999999999751,CLIMB,5279.0,87.06666666666683,2149.999999999907,191.9,256.90000000000003,98.2,COOLING_DEGRADATION,CRITICAL
Cooling Degradation,119.09999999999751,CLIMB,5279.0,87.06000000000017,2153.7499999999063,191.70000000000002,258.8,97.7,COOLING_DEGRADATION,CRITICAL
Cooling Degradation,119.1999999999975,CLIMB,5287.0,87.0533333333335,2157.4999999999063,191.70000000000002,257.90000000000003,98.7,COOLING_DEGRADATION,CRITICAL
Cooling Degradation,119.2999999999975,CLIMB,5290.0,87.04666666666684,2161.2499999999063,192.10000000000002,257.2,99.7,COOLING_DEGRADATION,CRITICAL
Cooling Degradation,119.39999999999749,CLIMB,5287.0,87.04000000000016,2164.999999999906,191.8,257.7,99.80000000000001,COOLING_DEGRADATION,CRITICAL
Cooling Degradation,119.49999999999748,CLIMB,5292.0,87.0333333333335,2168.7499999999054,192.8,257.2,99.10000000000001,COOLING_DEGRADATION,CRITICAL
Cooling Degradation,119.59999999999748,CLIMB,5285.0,87.02666666666684,2172.4999999999054,191.5,258.7,98.7,COOLING_DEGRADATION,CRITICAL
Cooling Degradation,119.69999999999747,CLIMB,5292.0,87.02000000000017,2176.2499999999054,191.8,256.7,98.60000000000001,COOLING_DEGRADATION,CRITICAL
Cooling Degradation,119.79999999999747,CLIMB,5284.0,87.0133333333335,2179.9999999999054,192.4,258.2,99.30000000000001,COOLING_DEGRADATION,CRITICAL
Cooling Degradation,119.89999999999746,CLIMB,5289.0,87.00666666666683,2183.7499999999045,192.60000000000002,257.0,99.80000000000001,COOLING_DEGRADATION,CRITICAL
High Altitude,0.0,GROUND,2952.0,0.0,8000.0,51.2,49.6,49.1,NORMAL,NORMAL
High Altitude,0.1,GROUND,2902.0,0.0,8000.0,50.6,47.900000000000006,50.2,NORMAL,NORMAL
High Altitude,0.2,GROUND,2866.0,0.0,8000.0,51.300000000000004,45.1,49.6,NORMAL,NORMAL
High Altitude,0.30000000000000004,GROUND,2820.0,0.0,8000.0,50.400000000000006,44.7,50.0,NORMAL,NORMAL
High Altitude,0.4,GROUND,2774.0,0.0,8000.0,49.900000000000006,44.0,50.1,NORMAL,NORMAL
High Altitude,0.5,GROUND,2731.0,0.0,8000.0,50.0,42.6,50.5,NORMAL,NORMAL
High Altitude,0.6,GROUND,2681.0,0.0,8000.0,49.5,39.7,49.2,NORMAL,NORMAL
High Altitude,0.7,GROUND,2649.0,0.0,8000.0,50.900000000000006,37.800000000000004,50.0,NORMAL,NORMAL
High Altitude,0.7999999999999999,GROUND,2615.0,0.0,8000.0,49.300000000000004,38.300000000000004,49.2,NORMAL,NORMAL
High Altitude,0.8999999999999999,GROUND,2569.0,0.0,8000.0,49.400000000000006,38.7,49.7,NORMAL,NORMAL
High Altitude,0.9999999999999999,GROUND,2528.0,0.0,8000.0,50.0,35.4,50.0,NORMAL,NORMAL
High Altitude,1.0999999999999999,GROUND,2498.0,0.0,8000.0,49.0,34.9,49.900000000000006,NORMAL,NORMAL
High Altitude,1.2,GROUND,2448.0,0.0,8000.0,49.900000000000006,34.5,50.900000000000006,NORMAL,NORMAL
High Altitude,1.3,GROUND,2413.0,0.0,8000.0,50.300000000000004,30.700000000000003,49.2,NORMAL,NORMAL
High Altitude,1.4000000000000001,GROUND,2381.0,0.0,8000.0,49.2,31.5,49.1,NORMAL,NORMAL
High Altitude,1.5000000000000002,GROUND,2340.0,0.0,8000.0,48.6,30.1,50.800000000000004,NORMAL,NORMAL
High Altitude,1.6000000000000003,GROUND,2300.0,0.0,8000.0,48.7,27.6,49.900000000000006,NORMAL,NORMAL
High Altitude,1.7000000000000004,GROUND,2269.0,0.0,8000.0,48.1,29.3,49.7,NORMAL,NORMAL
High Altitude,1.8000000000000005,GROUND,2231.0,0.0,8000.0,48.300000000000004,28.400000000000002,49.1,NORMAL,NORMAL
High Altitude,1.9000000000000006,GROUND,2195.0,0.0,8000.0,48.800000000000004,26.900000000000002,49.300000000000004,NORMAL,NORMAL
High Altitude,2.0000000000000004,GROUND,2152.0,0.0,8000.0,49.1,26.6,48.900000000000006,NORMAL,NORMAL
High Altitude,2.1000000000000005,GROUND,2126.0,0.0,8000.0,49.0,27.3,48.7,NORMAL,NORMAL
High Altitude,2.2000000000000006,GROUND,2092.0,0.0,8000.0,48.2,24.3,49.800000000000004,NORMAL,NORMAL
High Altitude,2.3000000000000007,GROUND,2053.0,0.0,8000.0,48.6,23.8,49.300000000000004,NORMAL,NORMAL
High Altitude,2.400000000000001,GROUND,2024.0,0.0,8000.0,47.900000000000006,23.6,49.2,NORMAL,NORMAL
High Altitude,2.500000000000001,GROUND,1984.0,0.0,8000.0,47.900000000000006,21.5,49.6,NORMAL,NORMAL
High Altitude,2.600000000000001,GROUND,1955.0,0.0,8000.0,48.2,21.3,50.5,NORMAL,NORMAL
High Altitude,2.700000000000001,GROUND,1929.0,0.0,8000.0,47.2,18.5,50.1,NORMAL,NORMAL
High Altitude,2.800000000000001,GROUND,1896.0,0.0,8000.0,48.2,19.6,49.2,NORMAL,NORMAL
High Altitude,2.9000000000000012,GROUND,1855.0,0.0,8000.0,47.400000000000006,18.8,48.7,NORMAL,NORMAL
High Altitude,3.0000000000000013,GROUND,1833.0,0.0,8000.0,47.800000000000004,19.8,49.1,NORMAL,NORMAL
High Altitude,3.1000000000000014,GROUND,1805.0,0.0,8000.0,47.5,20.400000000000002,48.800000000000004,NORMAL,NORMAL
High Altitude,3.2000000000000015,GROUND,1769.0,0.0,8000.0,48.800000000000004,15.9,49.6,NORMAL,NORMAL
High Altitude,3.3000000000000016,GROUND,1736.0,0.0,8000.0,46.6,18.400000000000002,48.7,NORMAL,NORMAL
High Altitude,3.4000000000000017,GROUND,1711.0,0.0,8000.0,46.6,14.4,49.7,NORMAL,NORMAL
High Altitude,3.5000000000000018,GROUND,1679.0,0.0,8000.0,47.2,14.9,49.800000000000004,NORMAL,NORMAL
High Altitude,3.600000000000002,GROUND,1649.0,0.0,8000.0,47.800000000000004,15.200000000000001,49.300000000000004,NORMAL,NORMAL
High Altitude,3.700000000000002,GROUND,1622.0,0.0,8000.0,46.300000000000004,15.3,49.2,NORMAL,NORMAL
High Altitude,3.800000000000002,GROUND,1593.0,0.0,8000.0,47.2,15.4,49.300000000000004,NORMAL,NORMAL
High Altitude,3.900000000000002,GROUND,1566.0,0.0,8000.0,46.800000000000004,13.700000000000001,48.900000000000006,NORMAL,NORMAL
High Altitude,4.000000000000002,GROUND,1529.0,0.0,8000.0,47.900000000000006,14.700000000000001,49.7,NORMAL,NORMAL
High Altitude,4.100000000000001,GROUND,1499.0,0.0,8000.0,45.900000000000006,12.600000000000001,49.0,NORMAL,NORMAL
High Altitude,4.200000000000001,GROUND,1477.0,0.0,8000.0,46.0,15.100000000000001,49.7,NORMAL,NORMAL
High Altitude,4.300000000000001,GROUND,1435.0,0.0,8000.0,46.7,12.5,48.5,NORMAL,NORMAL
High Altitude,4.4,GROUND,1414.0,0.0,8000.0,46.0,11.5,48.6,NORMAL,NORMAL
High Altitude,4.5,GROUND,1389.0,0.0,8000.0,46.800000000000004,12.200000000000001,49.800000000000004,NORMAL,NORMAL
High Altitude,4.6,GROUND,1361.0,0.0,8000.0,47.400000000000006,11.600000000000001,48.2,NORMAL,NORMAL
High Altitude,4.699999999999999,GROUND,1333.0,0.0,8000.0,46.400000000000006,10.100000000000001,49.300000000000004,NORMAL,NORMAL
High Altitude,4.799999999999999,GROUND,1305.0,0.0,8000.0,46.400000000000006,10.600000000000001,49.7,NORMAL,NORMAL
High Altitude,4.899999999999999,GROUND,1267.0,0.0,8000.0,48.0,11.700000000000001,49.800000000000004,NORMAL,NORMAL
High Altitude,4.999999999999998,GROUND,1250.0,0.0,8000.0,46.7,8.700000000000001,50.400000000000006,NORMAL,NORMAL
High Altitude,5.099999999999998,GROUND,1216.0,0.0,8000.0,45.5,8.8,48.2,NORMAL,NORMAL
High Altitude,5.1999999999999975,GROUND,1190.0,0.0,8000.0,46.0,10.4,49.7,NORMAL,NORMAL
High Altitude,5.299999999999997,GROUND,1162.0,0.0,8000.0,45.7,11.3,47.7,NORMAL,NORMAL
High Altitude,5.399999999999997,GROUND,1131.0,0.0,8000.0,45.2,9.200000000000001,49.5,NORMAL,NORMAL
High Altitude,5.4999999999999964,GROUND,1102.0,0.0,8000.0,45.800000000000004,8.9,49.1,NORMAL,NORMAL
High Altitude,5.599999999999996,GROUND,1086.0,0.0,8000.0,44.7,8.4,49.2,NORMAL,NORMAL
High Altitude,5.699999999999996,GROUND,1049.0,0.0,8000.0,45.400000000000006,4.4,48.1,NORMAL,NORMAL
High Altitude,5.799999999999995,GROUND,1028.0,0.0,8000.0,44.900000000000006,8.4,48.900000000000006,NORMAL,NORMAL
High Altitude,5.899999999999995,GROUND,999.0,0.0,8000.0,46.0,6.4,48.6,NORMAL,NORMAL
High Altitude,5.999999999999995,GROUND,970.0,0.0,8000.0,46.300000000000004,8.0,48.6,NORMAL,NORMAL
High Altitude,6.099999999999994,GROUND,935.0,0.0,8000.0,46.1,6.6000000000000005,47.900000000000006,NORMAL,NORMAL
High Altitude,6.199999999999994,GROUND,917.0,0.0,8000.0,45.0,5.9,48.7,NORMAL,NORMAL
High Altitude,6.299999999999994,GROUND,883.0,0.0,8000.0,45.1,6.2,48.7,NORMAL,NORMAL
High Altitude,6.399999999999993,GROUND,852.0,0.0,8000.0,45.300000000000004,3.1,49.400000000000006,NORMAL,NORMAL
High Altitude,6.499999999999993,GROUND,835.0,0.0,8000.0,44.900000000000006,7.5,48.900000000000006,NORMAL,NORMAL
High Altitude,6.5999999999999925,GROUND,811.0,0.0,8000.0,44.800000000000004,5.2,49.2,NORMAL,NORMAL
High Altitude,6.699999999999992,GROUND,798.0,0.0,8000.0,45.2,3.2,48.0,NORMAL,NORMAL
High Altitude,6.799999999999992,GROUND,803.0,0.0,8000.0,44.0,3.3000000000000003,48.1,NORMAL,NORMAL
High Altitude,6.8999999999999915,GROUND,786.0,0.0,8000.0,44.400000000000006,2.7,47.800000000000004,NORMAL,NORMAL
High Altitude,6.999999999999991,GROUND,807.0,0.0,8000.0,45.2,1.9000000000000001,48.800000000000004,NORMAL,NORMAL
High Altitude,7.099999999999991,GROUND,804.0,0.0,8000.0,45.400000000000006,0.0,49.300000000000004,NORMAL,NORMAL
High Altitude,7.19999999999999,GROUND,806.0,0.0,8000.0,44.300000000000004,1.8,49.800000000000004,NORMAL,NORMAL
High Altitude,7.29999999999999,GROUND,800.0,0.0,8000.0,45.7,1.5,48.400000000000006,NORMAL,NORMAL
High Altitude,7.39999999999999,GROUND,798.0,0.0,8000.0,44.2,1.3,48.7,NORMAL,NORMAL
High Altitude,7.499999999999989,GROUND,808.0,0.0,8000.0,44.800000000000004,0.6000000000000001,48.0,NORMAL,NORMAL
High Altitude,7.599999999999989,GROUND,796.0,0.0,8000.0,44.0,0.2,49.2,NORMAL,NORMAL
High Altitude,7.699999999999989,GROUND,800.0,0.0,8000.0,44.300000000000004,0.5,49.0,NORMAL,NORMAL
High Altitude,7.799999999999988,GROUND,802.0,0.0,8000.0,44.7,-0.4,49.1,NORMAL,NORMAL
High Altitude,7.899999999999988,GROUND,804.0,0.0,8000.0,43.300000000000004,-2.2,48.400000000000006,NORMAL,NORMAL
High Altitude,7.999999999999988,GROUND,798.0,0.0,8000.0,44.0,-2.0,48.7,NORMAL,NORMAL
High Altitude,8.099999999999987,GROUND,800.0,0.0,8000.0,45.300000000000004,-0.7000000000000001,49.1,NORMAL,NORMAL
High Altitude,8.199999999999987,GROUND,795.0,0.0,8000.0,44.300000000000004,0.9,48.800000000000004,NORMAL,NORMAL
High Altitude,8.299999999999986,GROUND,797.0,0.0,8000.0,43.900000000000006,-3.5,48.6,NORMAL,NORMAL
High Altitude,8.399999999999986,GROUND,807.0,0.0,8000.0,44.400000000000006,-1.7000000000000002,49.0,NORMAL,NORMAL
High Altitude,8.499999999999986,GROUND,810.0,0.0,8000.0,43.7,-2.7,48.300000000000004,NORMAL,NORMAL
High Altitude,8.599999999999985,GROUND,795.0,0.0,8000.0,43.2,-6.0,48.5,NORMAL,NORMAL
High Altitude,8.699999999999985,GROUND,799.0,0.0,8000.0,43.800000000000004,-3.3000000000000003,48.400000000000006,NORMAL,NORMAL
High Altitude,8.799999999999985,GROUND,802.0,0.0,8000.0,43.1,-3.1,48.0,NORMAL,NORMAL
High Altitude,8.899999999999984,GROUND,800.0,0.0,8000.0,43.1,-5.1000000000000005,48.300000000000004,NORMAL,NORMAL
High Altitude,8.999999999999984,GROUND,794.0,0.0,8000.0,43.5,-4.4,49.400000000000006,NORMAL,NORMAL
High Altitude,9.099999999999984,GROUND,807.0,0.0,8000.0,43.400000000000006,-3.5,48.5,NORMAL,NORMAL
High Altitude,9.199999999999983,GROUND,807.0,0.0,8000.0,42.800000000000004,-2.6,47.7,NORMAL,NORMAL
High Altitude,9.299999999999983,GROUND,799.0,0.0,8000.0,42.900000000000006,-7.1000000000000005,48.300000000000004,NORMAL,NORMAL
High Altitude,9.399999999999983,GROUND,793.0,0.0,8000.0,43.6,-4.2,47.7,NORMAL,NORMAL
High Altitude,9.499999999999982,GROUND,808.0,0.0,8000.0,43.0,-6.0,49.7,NORMAL,NORMAL
High Altitude,9.599999999999982,GROUND,800.0,0.0,8000.0,43.0,-5.800000000000001,49.6,NORMAL,NORMAL
High Altitude,9.699999999999982,GROUND,787.0,0.0,8000.0,42.400000000000006,-5.9,48.0,NORMAL,NORMAL
High Altitude,9.799999999999981,GROUND,807.0,0.0,8000.0,42.300000000000004,-5.0,48.5,NORMAL,NORMAL
High Altitude,9.89999999999998,GROUND,804.0,0.0,8000.0,43.5,-6.800000000000001,48.6,NORMAL,NORMAL
High Altitude,9.99999999999998,GROUND,800.0,0.0,8000.0,42.900000000000006,-5.300000000000001,49.0,NORMAL,NORMAL
High Altitude,10.09999999999998,GROUND,797.0,0.0,8000.0,41.800000000000004,-5.5,48.6,NORMAL,NORMAL
High Altitude,10.19999999999998,GROUND,805.0,0.0,8000.0,42.400000000000006,-7.4,48.5,NORMAL,NORMAL
High Altitude,10.29999999999998,GROUND,790.0,0.0,8000.0,42.0,-7.4,47.800000000000004,NORMAL,NORMAL
High Altitude,10.399999999999979,GROUND,800.0,0.0,8000.0,43.300000000000004,-7.9,49.300000000000004,NORMAL,NORMAL
High Altitude,10.499999999999979,GROUND,812.0,0.0,8000.0,42.900000000000006,-7.0,48.1,NORMAL,NORMAL
High Altitude,10.599999999999978,GROUND,802.0,0.0,8000.0,42.5,-8.4,48.300000000000004,NORMAL,NORMAL
High Altitude,10.699999999999978,GROUND,804.0,0.0,8000.0,42.2,-7.0,47.6,NORMAL,NORMAL
High Altitude,10.799999999999978,GROUND,802.0,0.0,8000.0,41.300000000000004,-7.9,48.0,NORMAL,NORMAL
High Altitude,10.899999999999977,GROUND,803.0,0.0,8000.0,41.900000000000006,-7.6000000000000005,48.1,NORMAL,NORMAL
High Altitude,10.999999999999977,GROUND,809.0,0.0,8000.0,42.400000000000006,-6.300000000000001,49.1,NORMAL,NORMAL
High Altitude,11.099999999999977,GROUND,796.0,0.0,8000.0,42.0,-7.2,48.800000000000004,NORMAL,NORMAL
High Altitude,11.199999999999976,GROUND,808.0,0.0,8000.0,42.6,-9.4,48.2,NORMAL,NORMAL
High Altitude,11.299999999999976,GROUND,806.0,0.0,8000.0,42.0,-9.3,48.2,NORMAL,NORMAL
High Altitude,11.399999999999975,GROUND,799.0,0.0,8000.0,41.2,-9.5,47.7,NORMAL,NORMAL
High Altitude,11.499999999999975,GROUND,795.0,0.0,8000.0,41.400000000000006,-10.200000000000001,47.300000000000004,NORMAL,NORMAL
High Altitude,11.599999999999975,GROUND,803.0,0.0,8000.0,41.6,-11.0,47.900000000000006,NORMAL,NORMAL
High Altitude,11.699999999999974,GROUND,809.0,0.0,8000.0,41.800000000000004,-8.9,48.7,NORMAL,NORMAL
High Altitude,11.799999999999974,GROUND,800.0,0.0,8000.0,40.7,-9.700000000000001,47.5,NORMAL,NORMAL
High Altitude,11.899999999999974,GROUND,796.0,0.0,8000.0,41.1,-10.700000000000001,46.900000000000006,NORMAL,NORMAL
High Altitude,11.999999999999973,GROUND,796.0,0.0,8000.0,42.1,-7.300000000000001,47.5,NORMAL,NORMAL
High Altitude,12.099999999999973,GROUND,807.0,0.0,8000.0,41.6,-10.200000000000001,47.900000000000006,NORMAL,NORMAL
High Altitude,12.199999999999973,GROUND,800.0,0.0,8000.0,41.2,-11.0,48.400000000000006,NORMAL,NORMAL
High Altitude,12.299999999999972,GROUND,803.0,0.0,8000.0,41.1,-11.5,48.2,NORMAL,NORMAL
High Altitude,12.399999999999972,GROUND,798.0,0.0,8000.0,41.400000000000006,-10.9,46.400000000000006,NORMAL,NORMAL
High Altitude,12.499999999999972,GROUND,801.0,0.0,8000.0,42.300000000000004,-11.700000000000001,48.1,NORMAL,NORMAL
High Altitude,12.599999999999971,GROUND,806.0,0.0,8000.0,39.5,-10.9,48.2,NORMAL,NORMAL
High Altitude,12.69999999999997,GROUND,804.0,0.0,8000.0,40.6,-11.8,48.1,NORMAL,NORMAL
High Altitude,12.79999999999997,GROUND,798.0,0.0,8000.0,42.0,-11.9,48.300000000000004,NORMAL,NORMAL
High Altitude,12.89999999999997,GROUND,794.0,0.0,8000.0,40.300000000000004,-10.4,47.7,NORMAL,NORMAL
High Altitude,12.99999999999997,GROUND,813.0,0.0,8000.0,40.1,-11.200000000000001,47.300000000000004,NORMAL,NORMAL
High Altitude,13.09999999999997,GROUND,805.0,0.0,8000.0,40.2,-12.100000000000001,48.400000000000006,NORMAL,NORMAL
High Altitude,13.199999999999969,GROUND,800.0,0.0,8000.0,40.2,-12.3,47.7,NORMAL,NORMAL
High Altitude,13.299999999999969,GROUND,799.0,0.0,8000.0,40.7,-12.9,48.300000000000004,NORMAL,NORMAL
High Altitude,13.399999999999968,GROUND,795.0,0.0,8000.0,40.900000000000006,-12.700000000000001,47.400000000000006,NORMAL,NORMAL
High Altitude,13.499999999999968,GROUND,799.0,0.0,8000.0,40.2,-12.9,49.0,NORMAL,NORMAL
High Altitude,13.599999999999968,GROUND,807.0,0.0,8000.0,40.900000000000006,-13.200000000000001,48.2,NORMAL,NORMAL
High Altitude,13.699999999999967,GROUND,808.0,0.0,8000.0,40.2,-12.8,47.5,NORMAL,NORMAL
High Altitude,13.799999999999967,GROUND,782.0,0.0,8000.0,40.300000000000004,-12.8,48.0,NORMAL,NORMAL
High Altitude,13.899999999999967,GROUND,806.0,0.0,8000.0,40.5,-14.100000000000001,47.6,NORMAL,NORMAL
High Altitude,13.999999999999966,GROUND,804.0,0.0,8000.0,40.0,-12.3,48.0,NORMAL,NORMAL
High Altitude,14.099999999999966,GROUND,802.0,0.0,8000.0,40.1,-12.8,47.400000000000006,NORMAL,NORMAL
High Altitude,14.199999999999966,GROUND,798.0,0.0,8000.0,40.300000000000004,-13.4,48.0,NORMAL,NORMAL
High Altitude,14.299999999999965,GROUND,795.0,0.0,8000.0,39.900000000000006,-12.200000000000001,48.0,NORMAL,NORMAL
High Altitude,14.399999999999965,GROUND,797.0,0.0,8000.0,39.300000000000004,-14.0,47.300000000000004,NORMAL,NORMAL
High Altitude,14.499999999999964,GROUND,800.0,0.0,8000.0,39.300000000000004,-14.9,48.0,NORMAL,NORMAL
High Altitude,14.599999999999964,GROUND,804.0,0.0,8000.0,39.0,-14.3,47.400000000000006,NORMAL,NORMAL
High Altitude,14.699999999999964,GROUND,812.0,0.0,8000.0,40.400000000000006,-13.8,47.400000000000006,NORMAL,NORMAL
High Altitude,14.799999999999963,GROUND,806.0,0.0,8000.0,40.5,-14.8,47.0,NORMAL,NORMAL
High Altitude,14.899999999999963,GROUND,800.0,0.0,8000.0,40.0,-15.9,47.0,NORMAL,NORMAL
High Altitude,14.999999999999963,GROUND,797.0,0.0,8000.0,40.5,-13.700000000000001,47.300000000000004,NORMAL,NORMAL
High Altitude,15.099999999999962,GROUND,805.0,0.0,8000.0,39.7,-12.700000000000001,47.300000000000004,NORMAL,NORMAL
High Altitude,15.199999999999962,GROUND,804.0,0.0,8000.0,39.5,-14.8,48.2,NORMAL,NORMAL
High Altitude,15.299999999999962,GROUND,805.0,0.0,8000.0,38.900000000000006,-14.8,46.800000000000004,NORMAL,NORMAL
High Altitude,15.399999999999961,GROUND,801.0,0.0,8000.0,39.2,-14.700000000000001,48.400000000000006,NORMAL,NORMAL
High Altitude,15.499999999999961,GROUND,800.0,0.0,8000.0,37.800000000000004,-13.3,47.0,NORMAL,NORMAL
High Altitude,15.59999999999996,GROUND,798.0,0.0,8000.0,38.5,-15.3,47.5,NORMAL,NORMAL
High Altitude,15.69999999999996,GROUND,802.0,0.0,8000.0,38.800000000000004,-14.600000000000001,47.400000000000006,NORMAL,NORMAL
High Altitude,15.79999999999996,GROUND,811.0,0.0,8000.0,38.900000000000006,-14.4,48.6,NORMAL,NORMAL
High Altitude,15.89999999999996,GROUND,800.0,0.0,8000.0,38.2,-14.3,48.0,NORMAL,NORMAL
High Altitude,15.99999999999996,GROUND,798.0,0.0,8000.0,38.5,-14.8,48.5,NORMAL,NORMAL
High Altitude,16.09999999999996,GROUND,798.0,0.0,8000.0,37.6,-16.1,47.1,NORMAL,NORMAL
High Altitude,16.19999999999996,GROUND,802.0,0.0,8000.0,38.7,-14.9,47.5,NORMAL,NORMAL
High Altitude,16.29999999999996,GROUND,802.0,0.0,8000.0,38.1,-12.200000000000001,47.0,NORMAL,NORMAL
High Altitude,16.399999999999963,GROUND,799.0,0.0,8000.0,38.2,-13.8,48.1,NORMAL,NORMAL
High Altitude,16.499999999999964,GROUND,799.0,0.0,8000.0,38.400000000000006,-14.5,48.2,NORMAL,NORMAL
High Altitude,16.599999999999966,GROUND,798.0,0.0,8000.0,38.7,-15.700000000000001,48.2,NORMAL,NORMAL
High Altitude,16.699999999999967,GROUND,799.0,0.0,8000.0,37.7,-15.9,47.7,NORMAL,NORMAL
High Altitude,16.79999999999997,GROUND,800.0,0.0,8000.0,37.4,-15.200000000000001,46.800000000000004,NORMAL,NORMAL
High Altitude,16.89999999999997,GROUND,803.0,0.0,8000.0,38.900000000000006,-14.3,47.900000000000006,NORMAL,NORMAL
High Altitude,16.99999999999997,GROUND,806.0,0.0,8000.0,38.300000000000004,-15.3,47.2,NORMAL,NORMAL
High Altitude,17.099999999999973,GROUND,798.0,0.0,8000.0,39.300000000000004,-14.5,46.800000000000004,NORMAL,NORMAL
High Altitude,17.199999999999974,GROUND,794.0,0.0,8000.0,36.800000000000004,-15.0,47.2,NORMAL,NORMAL
High Altitude,17.299999999999976,GROUND,795.0,0.0,8000.0,37.1,-17.1,47.300000000000004,NORMAL,NORMAL
High Altitude,17.399999999999977,GROUND,797.0,0.0,8000.0,38.400000000000006,-17.0,47.7,NORMAL,NORMAL
High Altitude,17.49999999999998,GROUND,806.0,0.0,8000.0,37.5,-16.1,46.1,NORMAL,NORMAL
High Altitude,17.59999999999998,GROUND,801.0,0.0,8000.0,37.9,-14.4,47.5,NORMAL,NORMAL
High Altitude,17.69999999999998,GROUND,797.0,0.0,8000.0,37.0,-17.400000000000002,48.0,NORMAL,NORMAL
High Altitude,17.799999999999983,GROUND,797.0,0.0,8000.0,37.6,-16.400000000000002,46.7,NORMAL,NORMAL
High Altitude,17.899999999999984,GROUND,809.0,0.0,8000.0,37.0,-16.7,46.900000000000006,NORMAL,NORMAL
High Altitude,17.999999999999986,GROUND,798.0,0.0,8000.0,36.7,-15.5,46.400000000000006,NORMAL,NORMAL
High Altitude,18.099999999999987,GROUND,802.0,0.0,8000.0,37.0,-16.2,47.5,NORMAL,NORMAL
High Altitude,18.19999999999999,GROUND,798.0,0.0,8000.0,36.7,-15.8,46.900000000000006,NORMAL,NORMAL
High Altitude,18.29999999999999,GROUND,797.0,0.0,8000.0,36.800000000000004,-17.3,47.5,NORMAL,NORMAL
High Altitude,18.39999999999999,GROUND,799.0,0.0,8000.0,37.4,-16.5,47.800000000000004,NORMAL,NORMAL
High Altitude,18.499999999999993,GROUND,799.0,0.0,8000.0,37.4,-19.3,47.7,NORMAL,NORMAL
High Altitude,18.599999999999994,GROUND,801.0,0.0,8000.0,36.4,-15.9,48.300000000000004,NORMAL,NORMAL
High Altitude,18.699999999999996,GROUND,800.0,0.0,8000.0,36.9,-16.6,47.6,NORMAL,NORMAL
High Altitude,18.799999999999997,GROUND,801.0,0.0,8000.0,37.4,-13.9,48.0,NORMAL,NORMAL
High Altitude,18.9,GROUND,799.0,0.0,8000.0,36.300000000000004,-16.3,48.0,NORMAL,NORMAL
High Altitude,19.0,GROUND,789.0,0.0,8000.0,37.1,-17.8,47.300000000000004,NORMAL,NORMAL
High Altitude,19.1,GROUND,798.0,0.0,8000.0,36.300000000000004,-17.6,47.400000000000006,NORMAL,NORMAL
High Altitude,19.200000000000003,GROUND,800.0,0.0,8000.0,35.7,-17.6,48.0,NORMAL,NORMAL
High Altitude,19.300000000000004,GROUND,792.0,0.0,8000.0,36.7,-16.8,47.900000000000006,NORMAL,NORMAL
High Altitude,19.400000000000006,GROUND,805.0,0.0,8000.0,36.7,-16.3,45.800000000000004,NORMAL,NORMAL
High Altitude,19.500000000000007,GROUND,805.0,0.0,8000.0,36.2,-16.6,46.7,NORMAL,NORMAL
High Altitude,19.60000000000001,GROUND,800.0,0.0,8000.0,36.4,-17.400000000000002,47.7,NORMAL,NORMAL
High Altitude,19.70000000000001,GROUND,804.0,0.0,8000.0,35.800000000000004,-16.7,46.800000000000004,NORMAL,NORMAL
High Altitude,19.80000000000001,GROUND,805.0,0.0,8000.0,35.0,-17.0,47.400000000000006,NORMAL,NORMAL
High Altitude,19.900000000000013,GROUND,807.0,0.0,8000.0,36.2,-16.7,47.400000000000006,NORMAL,NORMAL
High Altitude,20.000000000000014,GROUND,802.0,0.0,8000.0,35.6,-17.3,47.5,NORMAL,NORMAL
High Altitude,20.100000000000016,GROUND,788.0,0.0,8000.0,36.6,-16.2,46.7,NORMAL,NORMAL
High Altitude,20.200000000000017,GROUND,799.0,0.0,8000.0,36.300000000000004,-16.400000000000002,47.400000000000006,NORMAL,NORMAL
High Altitude,20.30000000000002,GROUND,795.0,0.0,8000.0,36.0,-16.2,46.6,NORMAL,NORMAL
High Altitude,20.40000000000002,GROUND,803.0,0.0,8000.0,37.300000000000004,-18.8,46.900000000000006,NORMAL,NORMAL
High Altitude,20.50000000000002,GROUND,805.0,0.0,8000.0,35.800000000000004,-16.0,46.800000000000004,NORMAL,NORMAL
High Altitude,20.600000000000023,GROUND,788.0,0.0,8000.0,36.1,-14.8,47.1,NORMAL,NORMAL
High Altitude,20.700000000000024,GROUND,801.0,0.0,8000.0,35.5,-16.0,48.0,NORMAL,NORMAL
High Altitude,20.800000000000026,GROUND,794.0,0.0,8000.0,35.9,-18.2,47.1,NORMAL,NORMAL
High Altitude,20.900000000000027,GROUND,803.0,0.0,8000.0,35.1,-17.7,47.5,NORMAL,NORMAL
High Altitude,21.00000000000003,GROUND,805.0,0.0,8000.0,36.5,-17.1,46.5,NORMAL,NORMAL
High Altitude,21.10000000000003,GROUND,796.0,0.0,8000.0,34.4,-16.0,47.400000000000006,NORMAL,NORMAL
High Altitude,21.20000000000003,GROUND,808.0,0.0,8000.0,35.4,-18.5,46.1,NORMAL,NORMAL
High Altitude,21.300000000000033,GROUND,803.0,0.0,8000.0,36.5,-20.6,47.0,NORMAL,NORMAL
High Altitude,21.400000000000034,GROUND,798.0,0.0,8000.0,35.9,-17.6,47.800000000000004,NORMAL,NORMAL
High Altitude,21.500000000000036,GROUND,810.0,0.0,8000.0,34.7,-18.0,46.6,NORMAL,NORMAL
High Altitude,21.600000000000037,GROUND,801.0,0.0,8000.0,34.5,-18.5,46.900000000000006,NORMAL,NORMAL
High Altitude,21.70000000000004,GROUND,802.0,0.0,8000.0,35.5,-15.8,47.400000000000006,NORMAL,NORMAL
High Altitude,21.80000000000004,GROUND,803.0,0.0,8000.0,34.9,-18.6,46.800000000000004,NORMAL,NORMAL
High Altitude,21.90000000000004,GROUND,803.0,0.0,8000.0,35.6,-14.4,47.7,NORMAL,NORMAL
High Altitude,22.000000000000043,GROUND,800.0,0.0,8000.0,34.6,-19.200000000000003,47.0,NORMAL,NORMAL
High Altitude,22.100000000000044,GROUND,800.0,0.0,8000.0,34.6,-18.0,47.300000000000004,NORMAL,NORMAL
High Altitude,22.200000000000045,GROUND,792.0,0.0,8000.0,34.5,-17.3,46.300000000000004,NORMAL,NORMAL
High Altitude,22.300000000000047,GROUND,796.0,0.0,8000.0,35.0,-18.7,47.300000000000004,NORMAL,NORMAL
High Altitude,22.40000000000005,GROUND,800.0,0.0,8000.0,34.2,-14.600000000000001,47.1,NORMAL,NORMAL
High Altitude,22.50000000000005,GROUND,794.0,0.0,8000.0,35.0,-15.700000000000001,47.1,NORMAL,NORMAL
High Altitude,22.60000000000005,GROUND,803.0,0.0,8000.0,34.800000000000004,-18.400000000000002,47.0,NORMAL,NORMAL
High Altitude,22.700000000000053,GROUND,802.0,0.0,8000.0,34.0,-17.3,46.400000000000006,NORMAL,NORMAL
High Altitude,22.800000000000054,GROUND,793.0,0.0,8000.0,34.6,-18.3,46.6,NORMAL,NORMAL
High Altitude,22.900000000000055,GROUND,809.0,0.0,8000.0,34.6,-17.400000000000002,48.0,NORMAL,NORMAL
High Altitude,23.000000000000057,GROUND,800.0,0.0,8000.0,34.5,-19.6,46.800000000000004,NORMAL,NORMAL
High Altitude,23.10000000000006,GROUND,805.0,0.0,8000.0,33.6,-17.3,48.2,NORMAL,NORMAL
High Altitude,23.20000000000006,GROUND,799.0,0.0,8000.0,33.7,-18.2,47.5,NORMAL,NORMAL
High Altitude,23.30000000000006,GROUND,792.0,0.0,8000.0,34.4,-18.7,47.1,NORMAL,NORMAL
High Altitude,23.400000000000063,GROUND,797.0,0.0,8000.0,34.1,-16.900000000000002,47.2,NORMAL,NORMAL
High Altitude,23.500000000000064,GROUND,808.0,0.0,8000.0,35.5,-19.3,47.400000000000006,NORMAL,NORMAL
High Altitude,23.600000000000065,GROUND,801.0,0.0,8000.0,32.9,-19.400000000000002,47.800000000000004,NORMAL,NORMAL
High Altitude,23.700000000000067,GROUND,802.0,0.0,8000.0,32.800000000000004,-17.7,48.1,NORMAL,NORMAL
High Altitude,23.800000000000068,GROUND,795.0,0.0,8000.0,32.800000000000004,-18.5,46.5,NORMAL,NORMAL
High Altitude,23.90000000000007,GROUND,801.0,0.0,8000.0,34.1,-19.3,46.5,NORMAL,NORMAL
High Altitude,24.00000000000007,GROUND,792.0,0.0,8000.0,34.9,-17.5,47.0,NORMAL,NORMAL
High Altitude,24.100000000000072,GROUND,794.0,0.0,8000.0,34.9,-19.200000000000003,47.300000000000004,NORMAL,NORMAL
High Altitude,24.200000000000074,GROUND,799.0,0.0,8000.0,33.800000000000004,-18.400000000000002,46.900000000000006,NORMAL,NORMAL
High Altitude,24.300000000000075,GROUND,806.0,0.0,8000.0,33.2,-16.6,45.1,NORMAL,NORMAL
High Altitude,24.400000000000077,GROUND,798.0,0.0,8000.0,33.300000000000004,-16.8,45.800000000000004,NORMAL,NORMAL
High Altitude,24.500000000000078,GROUND,794.0,0.0,8000.0,33.5,-19.1,45.7,NORMAL,NORMAL
High Altitude,24.60000000000008,GROUND,795.0,0.0,8000.0,32.7,-18.1,46.800000000000004,NORMAL,NORMAL
High Altitude,24.70000000000008,GROUND,803.0,0.0,8000.0,32.7,-17.900000000000002,47.1,NORMAL,NORMAL
High Altitude,24.800000000000082,GROUND,796.0,0.0,8000.0,33.4,-19.400000000000002,47.2,NORMAL,NORMAL
High Altitude,24.900000000000084,GROUND,795.0,0.0,8000.0,33.4,-19.1,46.0,NORMAL,NORMAL
High Altitude,25.000000000000085,GROUND,795.0,0.0,8000.0,32.5,-18.7,46.5,NORMAL,NORMAL
High Altitude,25.100000000000087,GROUND,797.0,0.0,8000.0,33.1,-17.3,47.800000000000004,NORMAL,NORMAL
High Altitude,25.200000000000088,GROUND,793.0,0.0,8000.0,32.7,-17.900000000000002,46.800000000000004,NORMAL,NORMAL
High Altitude,25.30000000000009,GROUND,796.0,0.0,8000.0,32.4,-20.3,46.300000000000004,NORMAL,NORMAL
High Altitude,25.40000000000009,GROUND,801.0,0.0,8000.0,32.9,-19.0,46.900000000000006,NORMAL,NORMAL
High Altitude,25.500000000000092,GROUND,803.0,0.0,8000.0,32.0,-18.5,46.300000000000004,NORMAL,NORMAL
High Altitude,25.600000000000094,GROUND,812.0,0.0,8000.0,32.7,-16.2,45.900000000000006,NORMAL,NORMAL
High Altitude,25.700000000000095,GROUND,801.0,0.0,8000.0,32.6,-17.6,46.5,NORMAL,NORMAL
High Altitude,25.800000000000097,GROUND,804.0,0.0,8000.0,33.300000000000004,-17.900000000000002,46.0,NORMAL,NORMAL
High Altitude,25.900000000000098,GROUND,798.0,0.0,8000.0,32.6,-17.5,46.300000000000004,NORMAL,NORMAL
High Altitude,26.0000000000001,GROUND,804.0,0.0,8000.0,32.7,-18.6,46.7,NORMAL,NORMAL
High Altitude,26.1000000000001,GROUND,796.0,0.0,8000.0,32.2,-19.8,46.6,NORMAL,NORMAL
High Altitude,26.200000000000102,GROUND,796.0,0.0,8000.0,32.300000000000004,-18.1,45.7,NORMAL,NORMAL
High Altitude,26.300000000000104,GROUND,804.0,0.0,8000.0,32.800000000000004,-18.3,47.0,NORMAL,NORMAL
High Altitude,26.400000000000105,GROUND,796.0,0.0,8000.0,31.900000000000002,-17.900000000000002,45.0,NORMAL,NORMAL
High Altitude,26.500000000000107,GROUND,801.0,0.0,8000.0,32.0,-16.0,45.800000000000004,NORMAL,NORMAL
High Altitude,26.600000000000108,GROUND,794.0,0.0,8000.0,31.400000000000002,-17.5,46.6,NORMAL,NORMAL
High Altitude,26.70000000000011,GROUND,798.0,0.0,8000.0,31.700000000000003,-17.8,46.300000000000004,NORMAL,NORMAL
High Altitude,26.80000000000011,GROUND,804.0,0.0,8000.0,32.7,-18.7,45.800000000000004,NORMAL,NORMAL
High Altitude,26.900000000000112,GROUND,801.0,0.0,8000.0,31.700000000000003,-19.6,45.5,NORMAL,NORMAL
High Altitude,27.000000000000114,GROUND,800.0,0.0,8000.0,31.200000000000003,-19.6,45.2,NORMAL,NORMAL
High Altitude,27.100000000000115,GROUND,799.0,0.0,8000.0,31.400000000000002,-18.8,46.1,NORMAL,NORMAL
High Altitude,27.200000000000117,GROUND,804.0,0.0,8000.0,31.3,-19.700000000000003,45.900000000000006,NORMAL,NORMAL
High Altitude,27.300000000000118,GROUND,801.0,0.0,8000.0,31.900000000000002,-20.3,46.0,NORMAL,NORMAL
High Altitude,27.40000000000012,GROUND,803.0,0.0,8000.0,32.6,-19.5,47.0,NORMAL,NORMAL
High Altitude,27.50000000000012,GROUND,796.0,0.0,8000.0,30.900000000000002,-18.6,45.5,NORMAL,NORMAL
High Altitude,27.600000000000122,GROUND,802.0,0.0,8000.0,31.900000000000002,-18.1,46.7,NORMAL,NORMAL
High Altitude,27.700000000000124,GROUND,804.0,0.0,8000.0,31.700000000000003,-19.5,46.900000000000006,NORMAL,NORMAL
High Altitude,27.800000000000125,GROUND,802.0,0.0,8000.0,31.6,-19.6,45.5,NORMAL,NORMAL
High Altitude,27.900000000000126,GROUND,792.0,0.0,8000.0,30.700000000000003,-18.3,46.5,NORMAL,NORMAL
High Altitude,28.000000000000128,GROUND,797.0,0.0,8000.0,32.0,-20.900000000000002,47.400000000000006,NORMAL,NORMAL
High Altitude,28.10000000000013,GROUND,797.0,0.0,8000.0,30.700000000000003,-18.7,46.7,NORMAL,NORMAL
High Altitude,28.20000000000013,GROUND,802.0,0.0,8000.0,31.3,-19.1,47.400000000000006,NORMAL,NORMAL
High Altitude,28.300000000000132,GROUND,791.0,0.0,8000.0,31.400000000000002,-20.5,45.5,NORMAL,NORMAL
High Altitude,28.400000000000134,GROUND,796.0,0.0,8000.0,31.0,-18.900000000000002,46.800000000000004,NORMAL,NORMAL
High Altitude,28.500000000000135,GROUND,797.0,0.0,8000.0,32.4,-19.1,46.300000000000004,NORMAL,NORMAL
High Altitude,28.600000000000136,GROUND,802.0,0.0,8000.0,30.0,-18.1,46.2,NORMAL,NORMAL
High Altitude,28.700000000000138,GROUND,794.0,0.0,8000.0,30.8,-19.8,45.5,NORMAL,NORMAL
High Altitude,28.80000000000014,GROUND,807.0,0.0,8000.0,30.8,-17.2,45.0,NORMAL,NORMAL
High Altitude,28.90000000000014,GROUND,795.0,0.0,8000.0,30.700000000000003,-17.5,45.900000000000006,NORMAL,NORMAL
High Altitude,29.000000000000142,GROUND,807.0,0.0,8000.0,30.700000000000003,-19.900000000000002,46.900000000000006,NORMAL,NORMAL
High Altitude,29.100000000000144,GROUND,800.0,0.0,8000.0,30.5,-17.7,45.2,NORMAL,NORMAL
High Altitude,29.200000000000145,GROUND,789.0,0.0,8000.0,31.1,-17.6,45.5,NORMAL,NORMAL
High Altitude,29.300000000000146,GROUND,803.0,0.0,8000.0,30.5,-18.7,45.2,NORMAL,NORMAL
High Altitude,29.400000000000148,GROUND,807.0,0.0,8000.0,29.1,-19.400000000000002,46.2,NORMAL,NORMAL
High Altitude,29.50000000000015,GROUND,799.0,0.0,8000.0,30.0,-18.900000000000002,45.900000000000006,NORMAL,NORMAL
High Altitude,29.60000000000015,GROUND,791.0,0.0,8000.0,29.3,-19.6,45.300000000000004,NORMAL,NORMAL
High Altitude,29.700000000000152,GROUND,809.0,0.0,8000.0,30.700000000000003,-18.8,46.5,NORMAL,NORMAL
High Altitude,29.800000000000153,GROUND,805.0,0.0,8000.0,30.3,-19.6,46.5,NORMAL,NORMAL
High Altitude,29.900000000000155,GROUND,790.0,0.0,8000.0,30.900000000000002,-17.900000000000002,45.7,NORMAL,NORMAL
High Altitude,30.000000000000156,TAKEOFF,850.0,85.00000000000003,8000.0,29.3,-20.5,47.1,NORMAL,NORMAL
High Altitude,30.100000000000158,TAKEOFF,883.0,85.02222222222225,8000.0,30.8,-19.1,46.400000000000006,NORMAL,NORMAL
High Altitude,30.20000000000016,TAKEOFF,940.0,85.04444444444448,8000.0,30.5,-18.7,45.900000000000006,NORMAL,NORMAL
High Altitude,30.30000000000016,TAKEOFF,981.0,85.0666666666667,8000.0,31.0,-19.200000000000003,45.900000000000006,NORMAL,NORMAL
High Altitude,30.400000000000162,TAKEOFF,1027.0,85.08888888888893,8000.0,29.8,-18.3,46.1,NORMAL,NORMAL
High Altitude,30.500000000000163,TAKEOFF,1081.0,85.11111111111114,8000.0,29.6,-18.400000000000002,46.5,NORMAL,NORMAL
High Altitude,30.600000000000165,TAKEOFF,1135.0,85.13333333333337,8000.0,31.400000000000002,-17.400000000000002,46.400000000000006,NORMAL,NORMAL
High Altitude,30.700000000000166,TAKEOFF,1167.0,85.1555555555556,8000.0,30.400000000000002,-16.1,45.900000000000006,NORMAL,NORMAL
High Altitude,30.800000000000168,TAKEOFF,1221.0,85.17777777777782,8000.0,29.1,-17.900000000000002,45.800000000000004,NORMAL,NORMAL
High Altitude,30.90000000000017,TAKEOFF,1265.0,85.20000000000003,8000.0,30.1,-15.0,44.7,NORMAL,NORMAL
High Altitude,31.00000000000017,TAKEOFF,1315.0,85.22222222222226,8000.0,29.400000000000002,-14.0,45.7,NORMAL,NORMAL
High Altitude,31.100000000000172,TAKEOFF,1359.0,85.24444444444448,8000.0,30.400000000000002,-14.8,45.5,NORMAL,NORMAL
High Altitude,31.200000000000173,TAKEOFF,1410.0,85.26666666666671,8000.0,30.200000000000003,-12.5,46.0,NORMAL,NORMAL
High Altitude,31.300000000000175,TAKEOFF,1462.0,85.28888888888893,8000.0,29.6,-13.4,45.2,NORMAL,NORMAL
High Altitude,31.400000000000176,TAKEOFF,1510.0,85.31111111111115,8000.0,29.400000000000002,-11.600000000000001,45.900000000000006,NORMAL,NORMAL
High Altitude,31.500000000000178,TAKEOFF,1556.0,85.33333333333337,8000.0,29.6,-11.0,45.5,NORMAL,NORMAL
High Altitude,31.60000000000018,TAKEOFF,1603.0,85.3555555555556,8000.0,31.0,-11.600000000000001,45.0,NORMAL,NORMAL
High Altitude,31.70000000000018,TAKEOFF,1644.0,85.37777777777782,8000.0,29.0,-10.0,45.5,NORMAL,NORMAL
High Altitude,31.800000000000182,TAKEOFF,1702.0,85.40000000000003,8000.0,29.0,-10.100000000000001,45.1,NORMAL,NORMAL
High Altitude,31.900000000000183,TAKEOFF,1745.0,85.42222222222226,8000.0,29.6,-7.800000000000001,46.6,NORMAL,NORMAL
High Altitude,32.000000000000185,TAKEOFF,1793.0,85.44444444444449,8000.0,29.3,-10.700000000000001,44.900000000000006,NORMAL,NORMAL
High Altitude,32.100000000000186,TAKEOFF,1841.0,85.46666666666671,8000.0,29.900000000000002,-9.600000000000001,45.900000000000006,NORMAL,NORMAL
High Altitude,32.20000000000019,TAKEOFF,1893.0,85.48888888888894,8000.0,29.900000000000002,-7.9,45.7,NORMAL,NORMAL
High Altitude,32.30000000000019,TAKEOFF,1941.0,85.51111111111115,8000.0,29.200000000000003,-7.0,44.6,NORMAL,NORMAL
High Altitude,32.40000000000019,TAKEOFF,1983.0,85.53333333333337,8000.0,30.1,-7.0,45.300000000000004,NORMAL,NORMAL
High Altitude,32.50000000000019,TAKEOFF,2042.0,85.5555555555556,8000.0,29.3,-5.2,44.5,NORMAL,NORMAL
High Altitude,32.60000000000019,TAKEOFF,2080.0,85.57777777777783,8000.0,30.0,-5.300000000000001,46.6,NORMAL,NORMAL
High Altitude,32.700000000000195,TAKEOFF,2131.0,85.60000000000004,8000.0,29.3,-5.800000000000001,47.2,NORMAL,NORMAL
High Altitude,32.800000000000196,TAKEOFF,2175.0,85.62222222222226,8000.0,29.3,-4.4,45.0,NORMAL,NORMAL
High Altitude,32.9000000000002,TAKEOFF,2222.0,85.64444444444449,8000.0,28.8,-3.2,46.2,NORMAL,NORMAL
High Altitude,33.0000000000002,TAKEOFF,2261.0,85.66666666666671,8000.0,29.1,-2.5,46.0,NORMAL,NORMAL
High Altitude,33.1000000000002,TAKEOFF,2310.0,85.68888888888894,8000.0,29.5,-2.4000000000000004,45.800000000000004,NORMAL,NORMAL
High Altitude,33.2000000000002,TAKEOFF,2364.0,85.71111111111115,8000.0,29.700000000000003,-1.7000000000000002,45.2,NORMAL,NORMAL
High Altitude,33.3000000000002,TAKEOFF,2409.0,85.73333333333338,8000.0,29.5,-0.7000000000000001,45.5,NORMAL,NORMAL
High Altitude,33.400000000000205,TAKEOFF,2445.0,85.7555555555556,8000.0,29.5,0.7000000000000001,45.900000000000006,NORMAL,NORMAL
High Altitude,33.500000000000206,TAKEOFF,2493.0,85.77777777777783,8000.0,28.400000000000002,1.4000000000000001,44.7,NORMAL,NORMAL
High Altitude,33.60000000000021,TAKEOFF,2533.0,85.80000000000004,8000.0,28.900000000000002,2.1,46.5,NORMAL,NORMAL
High Altitude,33.70000000000021,TAKEOFF,2588.0,85.82222222222227,8000.0,28.400000000000002,4.6000000000000005,45.2,NORMAL,NORMAL
High Altitude,33.80000000000021,TAKEOFF,2618.0,85.84444444444449,8000.0,28.900000000000002,2.7,44.5,NORMAL,NORMAL
High Altitude,33.90000000000021,TAKEOFF,2662.0,85.86666666666672,8000.0,29.200000000000003,4.9,44.0,NORMAL,NORMAL
High Altitude,34.00000000000021,TAKEOFF,2696.0,85.88888888888894,8000.0,29.5,5.4,44.0,NORMAL,NORMAL
High Altitude,34.100000000000215,TAKEOFF,2742.0,85.91111111111115,8000.0,29.0,7.300000000000001,45.900000000000006,NORMAL,NORMAL
High Altitude,34.200000000000216,TAKEOFF,2790.0,85.93333333333338,8000.0,28.6,5.4,45.2,NORMAL,NORMAL
High Altitude,34.30000000000022,TAKEOFF,2828.0,85.9555555555556,8000.0,28.700000000000003,7.300000000000001,44.300000000000004,NORMAL,NORMAL
High Altitude,34.40000000000022,TAKEOFF,2867.0,85.97777777777783,8000.0,28.5,8.0,46.1,NORMAL,NORMAL
High Altitude,34.50000000000022,TAKEOFF,2902.0,86.00000000000004,8000.0,29.0,10.5,46.2,NORMAL,NORMAL
High Altitude,34.60000000000022,TAKEOFF,2944.0,86.02222222222227,8000.0,30.0,9.700000000000001,45.1,NORMAL,NORMAL
High Altitude,34.70000000000022,TAKEOFF,2985.0,86.0444444444445,8000.0,30.5,10.200000000000001,45.5,NORMAL,NORMAL
High Altitude,34.800000000000225,TAKEOFF,3029.0,86.06666666666672,8000.0,29.0,9.5,46.0,NORMAL,NORMAL
High Altitude,34.900000000000226,TAKEOFF,3062.0,86.08888888888895,8000.0,28.400000000000002,12.3,45.300000000000004,NORMAL,NORMAL
High Altitude,35.00000000000023,TAKEOFF,3097.0,86.11111111111116,8000.0,30.1,12.4,45.5,NORMAL,NORMAL
High Altitude,35.10000000000023,TAKEOFF,3121.0,86.13333333333338,8000.0,27.700000000000003,11.200000000000001,45.6,NORMAL,NORMAL
High Altitude,35.20000000000023,TAKEOFF,3166.0,86.15555555555561,8000.0,28.5,13.5,45.0,NORMAL,NORMAL
High Altitude,35.30000000000023,TAKEOFF,3205.0,86.17777777777783,8000.0,28.5,15.100000000000001,45.300000000000004,NORMAL,NORMAL
High Altitude,35.40000000000023,TAKEOFF,3243.0,86.20000000000005,8000.0,28.900000000000002,14.100000000000001,45.300000000000004,NORMAL,NORMAL
High Altitude,35.500000000000234,TAKEOFF,3267.0,86.22222222222227,8000.0,28.900000000000002,13.600000000000001,45.400000000000006,NORMAL,NORMAL
High Altitude,35.600000000000236,TAKEOFF,3298.0,86.2444444444445,8000.0,29.1,16.2,45.5,NORMAL,NORMAL
High Altitude,35.70000000000024,TAKEOFF,3333.0,86.26666666666672,8000.0,29.3,18.8,45.300000000000004,NORMAL,NORMAL
High Altitude,35.80000000000024,TAKEOFF,3371.0,86.28888888888895,8000.0,27.5,16.0,44.900000000000006,NORMAL,NORMAL
High Altitude,35.90000000000024,TAKEOFF,3395.0,86.31111111111116,8000.0,27.8,17.6,45.1,NORMAL,NORMAL
High Altitude,36.00000000000024,TAKEOFF,3429.0,86.33333333333339,8000.0,28.6,17.5,44.800000000000004,NORMAL,NORMAL
High Altitude,36.10000000000024,TAKEOFF,3459.0,86.35555555555561,8000.0,28.6,18.5,44.5,NORMAL,NORMAL
High Altitude,36.200000000000244,TAKEOFF,3489.0,86.37777777777784,8000.0,28.700000000000003,18.8,45.400000000000006,NORMAL,NORMAL
High Altitude,36.300000000000246,TAKEOFF,3516.0,86.40000000000005,8000.0,28.3,19.8,45.2,NORMAL,NORMAL
High Altitude,36.40000000000025,TAKEOFF,3550.0,86.42222222222227,8000.0,27.400000000000002,20.900000000000002,44.400000000000006,NORMAL,NORMAL
High Altitude,36.50000000000025,TAKEOFF,3574.0,86.4444444444445,8000.0,28.700000000000003,22.400000000000002,45.0,NORMAL,NORMAL
High Altitude,36.60000000000025,TAKEOFF,3599.0,86.46666666666673,8000.0,27.3,19.900000000000002,45.1,NORMAL,NORMAL
High Altitude,36.70000000000025,TAKEOFF,3633.0,86.48888888888895,8000.0,27.900000000000002,19.5,45.300000000000004,NORMAL,NORMAL
High Altitude,36.80000000000025,TAKEOFF,3652.0,86.51111111111116,8000.0,28.200000000000003,23.400000000000002,45.6,NORMAL,NORMAL
High Altitude,36.900000000000254,TAKEOFF,3686.0,86.53333333333339,8000.0,27.700000000000003,22.6,44.900000000000006,NORMAL,NORMAL
High Altitude,37.000000000000256,TAKEOFF,3705.0,86.55555555555561,8000.0,27.900000000000002,22.200000000000003,45.0,NORMAL,NORMAL
High Altitude,37.10000000000026,TAKEOFF,3733.0,86.57777777777784,8000.0,29.200000000000003,21.8,46.1,NORMAL,NORMAL
High Altitude,37.20000000000026,TAKEOFF,3749.0,86.60000000000005,8000.0,28.1,25.0,43.900000000000006,NORMAL,NORMAL
High Altitude,37.30000000000026,TAKEOFF,3775.0,86.62222222222228,8000.0,27.700000000000003,24.3,45.400000000000006,NORMAL,NORMAL
High Altitude,37.40000000000026,TAKEOFF,3803.0,86.6444444444445,8000.0,27.900000000000002,23.5,45.7,NORMAL,NORMAL
High Altitude,37.50000000000026,TAKEOFF,3821.0,86.66666666666673,8000.0,28.5,24.5,45.400000000000006,NORMAL,NORMAL
High Altitude,37.600000000000264,TAKEOFF,3841.0,86.68888888888895,8000.0,27.700000000000003,24.700000000000003,44.900000000000006,NORMAL,NORMAL
High Altitude,37.700000000000266,TAKEOFF,3871.0,86.71111111111117,8000.0,27.1,26.3,45.7,NORMAL,NORMAL
High Altitude,37.80000000000027,TAKEOFF,3885.0,86.73333333333339,8000.0,29.3,26.200000000000003,45.300000000000004,NORMAL,NORMAL
High Altitude,37.90000000000027,TAKEOFF,3907.0,86.75555555555562,8000.0,28.400000000000002,25.200000000000003,43.400000000000006,NORMAL,NORMAL
High Altitude,38.00000000000027,TAKEOFF,3935.0,86.77777777777784,8000.0,27.5,26.3,45.300000000000004,NORMAL,NORMAL
High Altitude,38.10000000000027,TAKEOFF,3955.0,86.80000000000005,8000.0,28.0,27.1,45.300000000000004,NORMAL,NORMAL
High Altitude,38.20000000000027,TAKEOFF,3960.0,86.82222222222228,8000.0,28.200000000000003,28.3,45.2,NORMAL,NORMAL
High Altitude,38.300000000000274,TAKEOFF,3984.0,86.8444444444445,8000.0,28.5,26.5,44.6,NORMAL,NORMAL
High Altitude,38.400000000000276,TAKEOFF,4008.0,86.86666666666673,8000.0,27.8,26.700000000000003,44.7,NORMAL,NORMAL
High Altitude,38.50000000000028,TAKEOFF,4022.0,86.88888888888896,8000.0,28.5,29.3,45.0,NORMAL,NORMAL
High Altitude,38.60000000000028,TAKEOFF,4044.0,86.91111111111117,8000.0,27.900000000000002,29.6,45.800000000000004,NORMAL,NORMAL
High Altitude,38.70000000000028,TAKEOFF,4060.0,86.9333333333334,8000.0,27.900000000000002,29.8,44.300000000000004,NORMAL,NORMAL
High Altitude,38.80000000000028,TAKEOFF,4071.0,86.95555555555562,8000.0,27.6,30.200000000000003,44.0,NORMAL,NORMAL
High Altitude,38.90000000000028,TAKEOFF,4093.0,86.97777777777785,8000.0,27.1,29.900000000000002,45.300000000000004,NORMAL,NORMAL
High Altitude,39.000000000000284,TAKEOFF,4100.0,87.00000000000006,8000.0,28.400000000000002,29.1,44.800000000000004,NORMAL,NORMAL
High Altitude,39.100000000000286,TAKEOFF,4110.0,87.02222222222228,8000.0,27.0,32.1,44.400000000000006,NORMAL,NORMAL
High Altitude,39.20000000000029,TAKEOFF,4139.0,87.04444444444451,8000.0,28.0,30.900000000000002,44.5,NORMAL,NORMAL
High Altitude,39.30000000000029,TAKEOFF,4150.0,87.06666666666673,8000.0,27.3,31.1,44.900000000000006,NORMAL,NORMAL
High Altitude,39.40000000000029,TAKEOFF,4164.0,87.08888888888896,8000.0,27.700000000000003,30.6,44.0,NORMAL,NORMAL
High Altitude,39.50000000000029,TAKEOFF,4180.0,87.11111111111117,8000.0,28.3,31.5,44.800000000000004,NORMAL,NORMAL
High Altitude,39.60000000000029,TAKEOFF,4193.0,87.1333333333334,8000.0,28.400000000000002,31.200000000000003,43.400000000000006,NORMAL,NORMAL
High Altitude,39.700000000000294,TAKEOFF,4206.0,87.15555555555562,8000.0,27.5,32.9,45.5,NORMAL,NORMAL
High Altitude,39.800000000000296,TAKEOFF,4213.0,87.17777777777785,8000.0,27.6,29.700000000000003,44.0,NORMAL,NORMAL
High Altitude,39.9000000000003,TAKEOFF,4231.0,87.20000000000006,8000.0,27.3,32.6,44.400000000000006,NORMAL,NORMAL
High Altitude,40.0000000000003,TAKEOFF,4249.0,87.22222222222229,8000.0,27.3,31.3,45.1,NORMAL,NORMAL
High Altitude,40.1000000000003,TAKEOFF,4251.0,87.24444444444451,8000.0,27.6,33.0,44.300000000000004,NORMAL,NORMAL
High Altitude,40.2000000000003,TAKEOFF,4271.0,87.26666666666674,8000.0,28.400000000000002,33.2,43.900000000000006,NORMAL,NORMAL
High Altitude,40.3000000000003,TAKEOFF,4269.0,87.28888888888896,8000.0,27.8,33.0,43.900000000000006,NORMAL,NORMAL
High Altitude,40.400000000000304,TAKEOFF,4283.0,87.31111111111117,8000.0,27.1,32.9,44.6,NORMAL,NORMAL
High Altitude,40.500000000000306,TAKEOFF,4301.0,87.3333333333334,8000.0,27.3,33.1,45.0,NORMAL,NORMAL
High Altitude,40.60000000000031,TAKEOFF,4302.0,87.35555555555563,8000.0,27.400000000000002,34.300000000000004,44.7,NORMAL,NORMAL
High Altitude,40.70000000000031,TAKEOFF,4323.0,87.37777777777785,8000.0,26.700000000000003,34.4,44.7,NORMAL,NORMAL
High Altitude,40.80000000000031,TAKEOFF,4316.0,87.40000000000006,8000.0,27.200000000000003,32.2,44.800000000000004,NORMAL,NORMAL
High Altitude,40.90000000000031,TAKEOFF,4347.0,87.42222222222229,8000.0,26.5,33.9,45.800000000000004,NORMAL,NORMAL
High Altitude,41.00000000000031,TAKEOFF,4357.0,87.44444444444451,8000.0,27.8,33.0,45.1,NORMAL,NORMAL
High Altitude,41.100000000000314,TAKEOFF,4360.0,87.46666666666674,8000.0,28.0,34.800000000000004,45.2,NORMAL,NORMAL
High Altitude,41.200000000000315,TAKEOFF,4361.0,87.48888888888897,8000.0,26.700000000000003,34.300000000000004,44.0,NORMAL,NORMAL
High Altitude,41.30000000000032,TAKEOFF,4367.0,87.51111111111118,8000.0,26.900000000000002,35.5,45.300000000000004,NORMAL,NORMAL
High Altitude,41.40000000000032,TAKEOFF,4378.0,87.5333333333334,8000.0,26.700000000000003,33.300000000000004,44.6,NORMAL,NORMAL
High Altitude,41.50000000000032,TAKEOFF,4386.0,87.55555555555563,8000.0,27.400000000000002,33.1,44.900000000000006,NORMAL,NORMAL
High Altitude,41.60000000000032,TAKEOFF,4395.0,87.57777777777785,8000.0,27.700000000000003,34.300000000000004,44.6,NORMAL,NORMAL
High Altitude,41.70000000000032,TAKEOFF,4400.0,87.60000000000007,8000.0,27.400000000000002,36.2,46.1,NORMAL,NORMAL
High Altitude,41.800000000000324,TAKEOFF,4408.0,87.62222222222229,8000.0,26.900000000000002,34.0,44.7,NORMAL,NORMAL
High Altitude,41.900000000000325,TAKEOFF,4423.0,87.64444444444452,8000.0,27.0,34.9,45.5,NORMAL,NORMAL
High Altitude,42.00000000000033,TAKEOFF,4413.0,87.66666666666674,8000.0,27.1,35.0,44.300000000000004,NORMAL,NORMAL
High Altitude,42.10000000000033,TAKEOFF,4426.0,87.68888888888897,8000.0,27.6,37.2,43.7,NORMAL,NORMAL
High Altitude,42.20000000000033,TAKEOFF,4441.0,87.71111111111118,8000.0,27.400000000000002,34.0,44.300000000000004,NORMAL,NORMAL
High Altitude,42.30000000000033,TAKEOFF,4444.0,87.7333333333334,8000.0,27.3,36.7,44.400000000000006,NORMAL,NORMAL
High Altitude,42.40000000000033,TAKEOFF,4457.0,87.75555555555563,8000.0,26.900000000000002,35.300000000000004,44.800000000000004,NORMAL,NORMAL
High Altitude,42.500000000000334,TAKEOFF,4456.0,87.77777777777786,8000.0,27.400000000000002,36.1,44.2,NORMAL,NORMAL
High Altitude,42.600000000000335,TAKEOFF,4475.0,87.80000000000007,8000.0,27.400000000000002,34.800000000000004,43.400000000000006,NORMAL,NORMAL
High Altitude,42.70000000000034,TAKEOFF,4466.0,87.8222222222223,8000.0,28.1,35.1,44.900000000000006,NORMAL,NORMAL
High Altitude,42.80000000000034,TAKEOFF,4472.0,87.84444444444452,8000.0,27.1,35.2,43.800000000000004,NORMAL,NORMAL
High Altitude,42.90000000000034,TAKEOFF,4477.0,87.86666666666675,8000.0,28.3,36.2,44.400000000000006,NORMAL,NORMAL
High Altitude,43.00000000000034,TAKEOFF,4483.0,87.88888888888897,8000.0,27.400000000000002,37.1,44.2,NORMAL,NORMAL
High Altitude,43.10000000000034,TAKEOFF,4499.0,87.91111111111118,8000.0,27.3,35.5,44.0,NORMAL,NORMAL
High Altitude,43.200000000000344,TAKEOFF,4499.0,87.93333333333341,8000.0,26.900000000000002,36.5,43.6,NORMAL,NORMAL
High Altitude,43.300000000000345,TAKEOFF,4500.0,87.95555555555563,8000.0,27.5,37.1,43.7,NORMAL,NORMAL
High Altitude,43.40000000000035,TAKEOFF,4495.0,87.97777777777786,8000.0,27.700000000000003,36.800000000000004,45.900000000000006,NORMAL,NORMAL
High Altitude,43.50000000000035,TAKEOFF,4509.0,88.00000000000007,8000.0,27.1,36.7,44.6,NORMAL,NORMAL
High Altitude,43.60000000000035,TAKEOFF,4512.0,88.0222222222223,8000.0,27.3,39.0,44.5,NORMAL,NORMAL
High Altitude,43.70000000000035,TAKEOFF,4515.0,88.04444444444452,8000.0,26.8,37.300000000000004,44.1,NORMAL,NORMAL
High Altitude,43.80000000000035,TAKEOFF,4520.0,88.06666666666675,8000.0,28.1,35.1,43.800000000000004,NORMAL,NORMAL
High Altitude,43.900000000000354,TAKEOFF,4527.0,88.08888888888897,8000.0,26.900000000000002,36.4,43.900000000000006,NORMAL,NORMAL
High Altitude,44.000000000000355,TAKEOFF,4539.0,88.11111111111119,8000.0,26.900000000000002,38.5,44.400000000000006,NORMAL,NORMAL
High Altitude,44.10000000000036,TAKEOFF,4544.0,88.13333333333341,8000.0,27.700000000000003,37.800000000000004,43.800000000000004,NORMAL,NORMAL
High Altitude,44.20000000000036,TAKEOFF,4540.0,88.15555555555564,8000.0,26.3,34.5,44.6,NORMAL,NORMAL
High Altitude,44.30000000000036,TAKEOFF,4553.0,88.17777777777786,8000.0,28.1,37.9,44.800000000000004,NORMAL,NORMAL
High Altitude,44.40000000000036,TAKEOFF,4540.0,88.20000000000007,8000.0,26.8,37.2,45.1,NORMAL,NORMAL
High Altitude,44.50000000000036,TAKEOFF,4556.0,88.2222222222223,8000.0,26.700000000000003,37.1,43.7,NORMAL,NORMAL
High Altitude,44.600000000000364,TAKEOFF,4555.0,88.24444444444453,8000.0,29.1,37.9,44.7,NORMAL,NORMAL
High Altitude,44.700000000000365,TAKEOFF,4558.0,88.26666666666675,8000.0,27.0,35.4,43.2,NORMAL,NORMAL
High Altitude,44.80000000000037,TAKEOFF,4566.0,88.28888888888898,8000.0,26.900000000000002,36.2,44.0,NORMAL,NORMAL
High Altitude,44.90000000000037,TAKEOFF,4570.0,88.31111111111119,8000.0,27.5,35.7,44.0,NORMAL,NORMAL
High Altitude,45.00000000000037,TAKEOFF,4581.0,88.33333333333341,8000.0,27.400000000000002,36.800000000000004,44.300000000000004,NORMAL,NORMAL
High Altitude,45.10000000000037,TAKEOFF,4578.0,88.35555555555564,8000.0,27.3,38.0,44.2,NORMAL,NORMAL
High Altitude,45.20000000000037,TAKEOFF,4580.0,88.37777777777787,8000.0,26.900000000000002,37.6,44.0,NORMAL,NORMAL
High Altitude,45.300000000000374,TAKEOFF,4581.0,88.40000000000008,8000.0,27.1,38.2,43.6,NORMAL,NORMAL
High Altitude,45.400000000000375,TAKEOFF,4585.0,88.4222222222223,8000.0,27.0,37.5,44.5,NORMAL,NORMAL
High Altitude,45.50000000000038,TAKEOFF,4585.0,88.44444444444453,8000.0,28.3,37.1,44.300000000000004,NORMAL,NORMAL
High Altitude,45.60000000000038,TAKEOFF,4590.0,88.46666666666675,8000.0,27.6,36.300000000000004,43.7,NORMAL,NORMAL
High Altitude,45.70000000000038,TAKEOFF,4598.0,88.48888888888898,8000.0,27.200000000000003,36.5,44.2,NORMAL,NORMAL
High Altitude,45.80000000000038,TAKEOFF,4599.0,88.51111111111119,8000.0,26.700000000000003,39.2,44.300000000000004,NORMAL,NORMAL
High Altitude,45.90000000000038,TAKEOFF,4601.0,88.53333333333342,8000.0,27.700000000000003,35.2,44.800000000000004,NORMAL,NORMAL
High Altitude,46.000000000000384,TAKEOFF,4604.0,88.55555555555564,8000.0,26.700000000000003,38.0,44.300000000000004,NORMAL,NORMAL
High Altitude,46.100000000000385,TAKEOFF,4604.0,88.57777777777787,8000.0,27.400000000000002,37.0,43.800000000000004,NORMAL,NORMAL
High Altitude,46.20000000000039,TAKEOFF,4602.0,88.60000000000008,8000.0,26.700000000000003,35.4,42.900000000000006,NORMAL,NORMAL
High Altitude,46.30000000000039,TAKEOFF,4616.0,88.6222222222223,8000.0,27.3,37.300000000000004,44.400000000000006,NORMAL,NORMAL
High Altitude,46.40000000000039,TAKEOFF,4608.0,88.64444444444453,8000.0,26.1,35.7,43.1,NORMAL,NORMAL
High Altitude,46.50000000000039,TAKEOFF,4613.0,88.66666666666676,8000.0,26.400000000000002,36.2,43.7,NORMAL,NORMAL
High Altitude,46.60000000000039,TAKEOFF,4609.0,88.68888888888898,8000.0,26.6,35.9,43.300000000000004,NORMAL,NORMAL
High Altitude,46.700000000000394,TAKEOFF,4620.0,88.7111111111112,8000.0,26.400000000000002,38.0,43.800000000000004,NORMAL,NORMAL
High Altitude,46.800000000000395,TAKEOFF,4615.0,88.73333333333342,8000.0,27.1,37.4,45.1,NORMAL,NORMAL
High Altitude,46.9000000000004,TAKEOFF,4625.0,88.75555555555565,8000.0,26.3,37.1,43.2,NORMAL,NORMAL
High Altitude,47.0000000000004,TAKEOFF,4629.0,88.77777777777787,8000.0,27.3,35.4,43.300000000000004,NORMAL,NORMAL
High Altitude,47.1000000000004,TAKEOFF,4636.0,88.80000000000008,8000.0,25.900000000000002,36.4,44.5,NORMAL,NORMAL
High Altitude,47.2000000000004,TAKEOFF,4631.0,88.82222222222231,8000.0,27.700000000000003,38.300000000000004,43.900000000000006,NORMAL,NORMAL
High Altitude,47.3000000000004,TAKEOFF,4631.0,88.84444444444453,8000.0,27.1,37.0,43.900000000000006,NORMAL,NORMAL
High Altitude,47.400000000000404,TAKEOFF,4639.0,88.86666666666676,8000.0,26.6,37.5,43.7,NORMAL,NORMAL
High Altitude,47.500000000000405,TAKEOFF,4631.0,88.88888888888899,8000.0,26.5,38.2,43.5,NORMAL,NORMAL
High Altitude,47.600000000000406,TAKEOFF,4637.0,88.9111111111112,8000.0,26.6,38.0,44.1,NORMAL,NORMAL
High Altitude,47.70000000000041,TAKEOFF,4645.0,88.93333333333342,8000.0,26.200000000000003,38.6,43.300000000000004,NORMAL,NORMAL
High Altitude,47.80000000000041,TAKEOFF,4642.0,88.95555555555565,8000.0,26.900000000000002,38.6,44.7,NORMAL,NORMAL
High Altitude,47.90000000000041,TAKEOFF,4642.0,88.97777777777787,8000.0,27.200000000000003,36.800000000000004,42.6,NORMAL,NORMAL
High Altitude,48.00000000000041,TAKEOFF,4645.0,89.00000000000009,8000.0,26.6,37.7,44.5,NORMAL,NORMAL
High Altitude,48.10000000000041,TAKEOFF,4654.0,89.02222222222231,8000.0,25.5,37.300000000000004,43.5,NORMAL,NORMAL
High Altitude,48.200000000000415,TAKEOFF,4646.0,89.04444444444454,8000.0,27.5,37.5,43.2,NORMAL,NORMAL
High Altitude,48.300000000000416,TAKEOFF,4653.0,89.06666666666676,8000.0,27.200000000000003,36.300000000000004,43.5,NORMAL,NORMAL
High Altitude,48.40000000000042,TAKEOFF,4653.0,89.08888888888899,8000.0,27.1,37.0,44.0,NORMAL,NORMAL
High Altitude,48.50000000000042,TAKEOFF,4650.0,89.1111111111112,8000.0,26.400000000000002,37.9,44.1,NORMAL,NORMAL
High Altitude,48.60000000000042,TAKEOFF,4653.0,89.13333333333343,8000.0,26.1,40.1,44.7,NORMAL,NORMAL
High Altitude,48.70000000000042,TAKEOFF,4660.0,89.15555555555565,8000.0,26.3,38.400000000000006,43.400000000000006,NORMAL,NORMAL
High Altitude,48.80000000000042,TAKEOFF,4658.0,89.17777777777788,8000.0,27.3,37.9,44.5,NORMAL,NORMAL
High Altitude,48.900000000000425,TAKEOFF,4660.0,89.20000000000009,8000.0,26.1,37.6,43.7,NORMAL,NORMAL
High Altitude,49.000000000000426,TAKEOFF,4662.0,89.22222222222231,8000.0,26.6,38.1,43.1,NORMAL,NORMAL
High Altitude,49.10000000000043,TAKEOFF,4665.0,89.24444444444454,8000.0,26.0,39.1,44.5,NORMAL,NORMAL
High Altitude,49.20000000000043,TAKEOFF,4678.0,89.26666666666677,8000.0,26.1,36.800000000000004,43.7,NORMAL,NORMAL
High Altitude,49.30000000000043,TAKEOFF,4668.0,89.28888888888899,8000.0,27.5,37.1,44.1,NORMAL,NORMAL
High Altitude,49.40000000000043,TAKEOFF,4668.0,89.3111111111112,8000.0,26.3,37.0,42.800000000000004,NORMAL,NORMAL
High Altitude,49.50000000000043,TAKEOFF,4681.0,89.33333333333343,8000.0,26.3,37.9,44.0,NORMAL,NORMAL
High Altitude,49.600000000000435,TAKEOFF,4681.0,89.35555555555565,8000.0,26.900000000000002,38.300000000000004,44.900000000000006,NORMAL,NORMAL
High Altitude,49.700000000000436,TAKEOFF,4670.0,89.37777777777788,8000.0,26.1,39.5,44.6,NORMAL,NORMAL
High Altitude,49.80000000000044,TAKEOFF,4677.0,89.40000000000009,8000.0,28.0,37.7,43.800000000000004,NORMAL,NORMAL
High Altitude,49.90000000000044,TAKEOFF,4680.0,89.42222222222232,8000.0,26.1,39.400000000000006,44.0,NORMAL,NORMAL
High Altitude,50.00000000000044,TAKEOFF,4679.0,89.44444444444454,8000.0,27.0,39.7,42.6,NORMAL,NORMAL
High Altitude,50.10000000000044,TAKEOFF,4681.0,89.46666666666677,8000.0,25.900000000000002,37.800000000000004,42.7,NORMAL,NORMAL
High Altitude,50.20000000000044,TAKEOFF,4680.0,89.488888888889,8000.0,26.5,39.1,43.900000000000006,NORMAL,NORMAL
High Altitude,50.300000000000445,TAKEOFF,4689.0,89.5111111111112,8000.0,28.0,38.300000000000004,43.400000000000006,NORMAL,NORMAL
High Altitude,50.400000000000446,TAKEOFF,4682.0,89.53333333333343,8000.0,26.200000000000003,36.800000000000004,43.300000000000004,NORMAL,NORMAL
High Altitude,50.50000000000045,TAKEOFF,4689.0,89.55555555555566,8000.0,27.0,38.2,42.6,NORMAL,NORMAL
High Altitude,50.60000000000045,TAKEOFF,4695.0,89.57777777777788,8000.0,27.5,39.5,41.6,NORMAL,NORMAL
High Altitude,50.70000000000045,TAKEOFF,4691.0,89.6000000000001,8000.0,27.1,38.300000000000004,43.5,NORMAL,NORMAL
High Altitude,50.80000000000045,TAKEOFF,4683.0,89.62222222222232,8000.0,26.200000000000003,37.300000000000004,43.6,NORMAL,NORMAL
High Altitude,50.90000000000045,TAKEOFF,4686.0,89.64444444444455,8000.0,26.700000000000003,37.4,43.2,NORMAL,NORMAL
High Altitude,51.000000000000455,TAKEOFF,4692.0,89.66666666666677,8000.0,25.5,37.800000000000004,44.2,NORMAL,NORMAL
High Altitude,51.100000000000456,TAKEOFF,4693.0,89.688888888889,8000.0,26.6,36.800000000000004,42.400000000000006,NORMAL,NORMAL
High Altitude,51.20000000000046,TAKEOFF,4691.0,89.71111111111121,8000.0,26.400000000000002,38.900000000000006,43.7,NORMAL,NORMAL
High Altitude,51.30000000000046,TAKEOFF,4699.0,89.73333333333343,8000.0,25.8,39.6,43.5,NORMAL,NORMAL
High Altitude,51.40000000000046,TAKEOFF,4701.0,89.75555555555566,8000.0,27.6,38.7,43.800000000000004,NORMAL,NORMAL
High Altitude,51.50000000000046,TAKEOFF,4709.0,89.77777777777789,8000.0,27.0,39.300000000000004,42.1,NORMAL,NORMAL
High Altitude,51.60000000000046,TAKEOFF,4696.0,89.8000000000001,8000.0,26.5,37.800000000000004,41.7,NORMAL,NORMAL
High Altitude,51.700000000000465,TAKEOFF,4702.0,89.82222222222232,8000.0,26.6,37.7,43.800000000000004,NORMAL,NORMAL
High Altitude,51.800000000000466,TAKEOFF,4695.0,89.84444444444455,8000.0,26.0,38.2,42.300000000000004,NORMAL,NORMAL
High Altitude,51.90000000000047,TAKEOFF,4712.0,89.86666666666677,8000.0,26.8,37.300000000000004,43.7,NORMAL,NORMAL
High Altitude,52.00000000000047,TAKEOFF,4704.0,89.888888888889,8000.0,27.0,36.7,44.2,NORMAL,NORMAL
High Altitude,52.10000000000047,TAKEOFF,4714.0,89.91111111111121,8000.0,25.8,36.9,43.400000000000006,NORMAL,NORMAL
High Altitude,52.20000000000047,TAKEOFF,4708.0,89.93333333333344,8000.0,25.900000000000002,38.6,43.400000000000006,NORMAL,NORMAL
High Altitude,52.30000000000047,TAKEOFF,4715.0,89.95555555555566,8000.0,26.200000000000003,38.800000000000004,43.300000000000004,NORMAL,NORMAL
High Altitude,52.400000000000475,TAKEOFF,4717.0,89.97777777777789,8000.0,26.0,37.2,42.1,NORMAL,NORMAL
High Altitude,52.500000000000476,TAKEOFF,4706.0,90.0000000000001,8000.0,25.1,38.400000000000006,43.2,NORMAL,NORMAL
High Altitude,52.60000000000048,TAKEOFF,4709.0,90.02222222222233,8000.0,27.400000000000002,38.1,44.400000000000006,NORMAL,NORMAL
High Altitude,52.70000000000048,TAKEOFF,4709.0,90.04444444444455,8000.0,25.8,37.800000000000004,43.7,NORMAL,NORMAL
High Altitude,52.80000000000048,TAKEOFF,4720.0,90.06666666666678,8000.0,26.200000000000003,39.1,42.7,NORMAL,NORMAL
High Altitude,52.90000000000048,TAKEOFF,4720.0,90.088888888889,8000.0,25.5,38.400000000000006,43.400000000000006,NORMAL,NORMAL
High Altitude,53.00000000000048,TAKEOFF,4723.0,90.11111111111121,8000.0,26.0,39.0,43.2,NORMAL,NORMAL
High Altitude,53.100000000000485,TAKEOFF,4717.0,90.13333333333344,8000.0,26.6,37.6,44.0,NORMAL,NORMAL
High Altitude,53.200000000000486,TAKEOFF,4725.0,90.15555555555567,8000.0,26.400000000000002,37.800000000000004,43.800000000000004,NORMAL,NORMAL
High Altitude,53.30000000000049,TAKEOFF,4715.0,90.17777777777789,8000.0,26.0,37.800000000000004,42.800000000000004,NORMAL,NORMAL
High Altitude,53.40000000000049,TAKEOFF,4719.0,90.2000000000001,8000.0,26.0,37.4,43.900000000000006,NORMAL,NORMAL
High Altitude,53.50000000000049,TAKEOFF,4723.0,90.22222222222233,8000.0,26.400000000000002,38.900000000000006,42.800000000000004,NORMAL,NORMAL
High Altitude,53.60000000000049,TAKEOFF,4734.0,90.24444444444455,8000.0,25.700000000000003,38.400000000000006,43.5,NORMAL,NORMAL
High Altitude,53.70000000000049,TAKEOFF,4734.0,90.26666666666678,8000.0,26.6,37.5,44.0,NORMAL,NORMAL
High Altitude,53.800000000000495,TAKEOFF,4719.0,90.288888888889,8000.0,27.200000000000003,37.9,44.2,NORMAL,NORMAL
High Altitude,53.900000000000496,TAKEOFF,4730.0,90.31111111111122,8000.0,26.400000000000002,37.300000000000004,42.7,NORMAL,NORMAL
High Altitude,54.0000000000005,TAKEOFF,4730.0,90.33333333333344,8000.0,26.5,41.0,43.900000000000006,NORMAL,NORMAL
High Altitude,54.1000000000005,TAKEOFF,4734.0,90.35555555555567,8000.0,26.1,38.5,43.0,NORMAL,NORMAL
High Altitude,54.2000000000005,TAKEOFF,4734.0,90.3777777777779,8000.0,26.400000000000002,37.6,43.6,NORMAL,NORMAL
High Altitude,54.3000000000005,TAKEOFF,4739.0,90.4000000000001,8000.0,26.5,39.1,42.7,NORMAL,NORMAL
High Altitude,54.4000000000005,TAKEOFF,4729.0,90.42222222222233,8000.0,25.6,41.0,43.1,NORMAL,NORMAL
High Altitude,54.500000000000504,TAKEOFF,4742.0,90.44444444444456,8000.0,26.200000000000003,38.800000000000004,42.400000000000006,NORMAL,NORMAL
High Altitude,54.600000000000506,TAKEOFF,4733.0,90.46666666666678,8000.0,26.200000000000003,38.300000000000004,43.400000000000006,NORMAL,NORMAL
High Altitude,54.70000000000051,TAKEOFF,4733.0,90.48888888888901,8000.0,26.1,37.800000000000004,43.300000000000004,NORMAL,NORMAL
High Altitude,54.80000000000051,TAKEOFF,4731.0,90.51111111111122,8000.0,25.700000000000003,38.1,43.5,NORMAL,NORMAL
High Altitude,54.90000000000051,TAKEOFF,4736.0,90.53333333333345,8000.0,26.5,38.0,43.1,NORMAL,NORMAL
High Altitude,55.00000000000051,TAKEOFF,4739.0,90.55555555555567,8000.0,27.200000000000003,38.7,42.0,NORMAL,NORMAL
High Altitude,55.10000000000051,TAKEOFF,4734.0,90.5777777777779,8000.0,25.700000000000003,39.300000000000004,43.800000000000004,NORMAL,NORMAL
High Altitude,55.200000000000514,TAKEOFF,4740.0,90.60000000000011,8000.0,25.700000000000003,39.400000000000006,43.400000000000006,NORMAL,NORMAL
High Altitude,55.300000000000516,TAKEOFF,4748.0,90.62222222222233,8000.0,25.3,39.300000000000004,43.0,NORMAL,NORMAL
High Altitude,55.40000000000052,TAKEOFF,4746.0,90.64444444444456,8000.0,27.3,39.5,43.5,NORMAL,NORMAL
High Altitude,55.50000000000052,TAKEOFF,4744.0,90.66666666666679,8000.0,26.1,39.300000000000004,43.5,NORMAL,NORMAL
High Altitude,55.60000000000052,TAKEOFF,4744.0,90.68888888888901,8000.0,25.6,38.2,43.800000000000004,NORMAL,NORMAL
High Altitude,55.70000000000052,TAKEOFF,4741.0,90.71111111111122,8000.0,26.400000000000002,38.800000000000004,43.2,NORMAL,NORMAL
High Altitude,55.80000000000052,TAKEOFF,4745.0,90.73333333333345,8000.0,26.700000000000003,37.0,43.1,NORMAL,NORMAL
High Altitude,55.900000000000524,TAKEOFF,4743.0,90.75555555555567,8000.0,26.200000000000003,38.400000000000006,43.300000000000004,NORMAL,NORMAL
High Altitude,56.000000000000526,TAKEOFF,4742.0,90.7777777777779,8000.0,25.700000000000003,39.400000000000006,43.1,NORMAL,NORMAL
High Altitude,56.10000000000053,TAKEOFF,4747.0,90.80000000000011,8000.0,26.700000000000003,38.400000000000006,42.1,NORMAL,NORMAL
High Altitude,56.20000000000053,TAKEOFF,4754.0,90.82222222222234,8000.0,25.400000000000002,38.900000000000006,43.400000000000006,NORMAL,NORMAL
High Altitude,56.30000000000053,TAKEOFF,4754.0,90.84444444444456,8000.0,26.3,38.5,42.0,NORMAL,NORMAL
High Altitude,56.40000000000053,TAKEOFF,4750.0,90.86666666666679,8000.0,26.3,39.900000000000006,43.5,NORMAL,NORMAL
High Altitude,56.50000000000053,TAKEOFF,4754.0,90.88888888888901,8000.0,26.400000000000002,38.0,43.6,NORMAL,NORMAL
High Altitude,56.600000000000534,TAKEOFF,4746.0,90.91111111111123,8000.0,25.700000000000003,37.0,42.400000000000006,NORMAL,NORMAL
High Altitude,56.700000000000536,TAKEOFF,4758.0,90.93333333333345,8000.0,26.200000000000003,39.7,43.300000000000004,NORMAL,NORMAL
High Altitude,56.80000000000054,TAKEOFF,4751.0,90.95555555555568,8000.0,26.400000000000002,38.900000000000006,43.2,NORMAL,NORMAL
High Altitude,56.90000000000054,TAKEOFF,4757.0,90.9777777777779,8000.0,25.900000000000002,38.6,43.6,NORMAL,NORMAL
High Altitude,57.00000000000054,TAKEOFF,4757.0,91.00000000000011,8000.0,26.1,39.1,42.900000000000006,NORMAL,NORMAL
High Altitude,57.10000000000054,TAKEOFF,4760.0,91.02222222222234,8000.0,26.3,38.5,42.6,NORMAL,NORMAL
High Altitude,57.20000000000054,TAKEOFF,4761.0,91.04444444444457,8000.0,25.5,38.300000000000004,42.900000000000006,NORMAL,NORMAL
High Altitude,57.300000000000544,TAKEOFF,4761.0,91.06666666666679,8000.0,26.3,37.7,43.300000000000004,NORMAL,NORMAL
High Altitude,57.400000000000546,TAKEOFF,4774.0,91.08888888888902,8000.0,26.8,39.800000000000004,44.2,NORMAL,NORMAL
High Altitude,57.50000000000055,TAKEOFF,4770.0,91.11111111111123,8000.0,26.5,39.900000000000006,43.5,NORMAL,NORMAL
High Altitude,57.60000000000055,TAKEOFF,4767.0,91.13333333333345,8000.0,25.0,38.800000000000004,42.800000000000004,NORMAL,NORMAL
High Altitude,57.70000000000055,TAKEOFF,4769.0,91.15555555555568,8000.0,26.3,39.5,43.2,NORMAL,NORMAL
High Altitude,57.80000000000055,TAKEOFF,4767.0,91.1777777777779,8000.0,25.3,38.1,42.300000000000004,NORMAL,NORMAL
High Altitude,57.90000000000055,TAKEOFF,4768.0,91.20000000000013,8000.0,25.400000000000002,39.800000000000004,42.900000000000006,NORMAL,NORMAL
High Altitude,58.000000000000554,TAKEOFF,4769.0,91.22222222222234,8000.0,25.3,39.6,42.900000000000006,NORMAL,NORMAL
High Altitude,58.100000000000556,TAKEOFF,4774.0,91.24444444444457,8000.0,24.8,41.6,42.900000000000006,NORMAL,NORMAL
High Altitude,58.20000000000056,TAKEOFF,4763.0,91.2666666666668,8000.0,26.0,40.2,42.900000000000006,NORMAL,NORMAL
High Altitude,58.30000000000056,TAKEOFF,4770.0,91.288888888889,8000.0,25.900000000000002,39.7,43.1,NORMAL,NORMAL
High Altitude,58.40000000000056,TAKEOFF,4775.0,91.31111111111123,8000.0,25.6,38.5,42.7,NORMAL,NORMAL
High Altitude,58.50000000000056,TAKEOFF,4772.0,91.33333333333346,8000.0,25.900000000000002,38.300000000000004,42.800000000000004,NORMAL,NORMAL
High Altitude,58.60000000000056,TAKEOFF,4772.0,91.35555555555568,8000.0,25.6,40.300000000000004,43.2,NORMAL,NORMAL
High Altitude,58.700000000000564,TAKEOFF,4770.0,91.37777777777791,8000.0,25.6,39.0,43.2,NORMAL,NORMAL
High Altitude,58.800000000000566,TAKEOFF,4769.0,91.40000000000012,8000.0,25.200000000000003,37.9,42.900000000000006,NORMAL,NORMAL
High Altitude,58.90000000000057,TAKEOFF,4774.0,91.42222222222235,8000.0,25.3,39.6,44.1,NORMAL,NORMAL
High Altitude,59.00000000000057,TAKEOFF,4780.0,91.44444444444457,8000.0,26.900000000000002,38.900000000000006,42.7,NORMAL,NORMAL
High Altitude,59.10000000000057,TAKEOFF,4775.0,91.4666666666668,8000.0,25.400000000000002,39.400000000000006,43.400000000000006,NORMAL,NORMAL
High Altitude,59.20000000000057,TAKEOFF,4788.0,91.48888888888902,8000.0,25.700000000000003,40.900000000000006,41.400000000000006,NORMAL,NORMAL
High Altitude,59.30000000000057,TAKEOFF,4776.0,91.51111111111123,8000.0,26.400000000000002,39.800000000000004,43.2,NORMAL,NORMAL
High Altitude,59.400000000000574,TAKEOFF,4787.0,91.53333333333346,8000.0,25.8,39.0,43.2,NORMAL,NORMAL
High Altitude,59.500000000000576,TAKEOFF,4785.0,91.55555555555569,8000.0,26.200000000000003,38.800000000000004,42.2,NORMAL,NORMAL
High Altitude,59.60000000000058,TAKEOFF,4778.0,91.57777777777791,8000.0,25.8,39.400000000000006,42.5,NORMAL,NORMAL
High Altitude,59.70000000000058,TAKEOFF,4781.0,91.60000000000012,8000.0,26.3,38.900000000000006,42.900000000000006,NORMAL,NORMAL
High Altitude,59.80000000000058,TAKEOFF,4781.0,91.62222222222235,8000.0,26.1,37.300000000000004,43.400000000000006,NORMAL,NORMAL
High Altitude,59.90000000000058,TAKEOFF,4783.0,91.64444444444457,8000.0,26.200000000000003,38.5,43.1,NORMAL,NORMAL
High Altitude,60.00000000000058,TAKEOFF,4785.0,91.6666666666668,8000.0,25.400000000000002,38.1,44.1,NORMAL,NORMAL
High Altitude,60.100000000000584,TAKEOFF,4784.0,91.68888888888902,8000.0,25.6,39.6,42.7,NORMAL,NORMAL
High Altitude,60.200000000000585,TAKEOFF,4794.0,91.71111111111124,8000.0,25.6,37.1,42.0,NORMAL,NORMAL
High Altitude,60.30000000000059,TAKEOFF,4804.0,91.73333333333346,8000.0,25.900000000000002,39.300000000000004,42.5,NORMAL,NORMAL
High Altitude,60.40000000000059,TAKEOFF,4786.0,91.75555555555569,8000.0,25.900000000000002,40.1,42.2,NORMAL,NORMAL
High Altitude,60.50000000000059,TAKEOFF,4787.0,91.77777777777791,8000.0,26.400000000000002,37.9,42.7,NORMAL,NORMAL
High Altitude,60.60000000000059,TAKEOFF,4790.0,91.80000000000013,8000.0,25.8,38.5,43.2,NORMAL,NORMAL
High Altitude,60.70000000000059,TAKEOFF,4786.0,91.82222222222235,8000.0,24.900000000000002,41.5,42.5,NORMAL,NORMAL
High Altitude,60.800000000000594,TAKEOFF,4802.0,91.84444444444458,8000.0,26.5,38.6,42.400000000000006,NORMAL,NORMAL
High Altitude,60.900000000000595,TAKEOFF,4799.0,91.8666666666668,8000.0,25.3,40.2,43.5,NORMAL,NORMAL
High Altitude,61.0000000000006,TAKEOFF,4799.0,91.88888888888903,8000.0,26.1,39.900000000000006,42.400000000000006,NORMAL,NORMAL
High Altitude,61.1000000000006,TAKEOFF,4796.0,91.91111111111124,8000.0,25.6,39.400000000000006,43.1,NORMAL,NORMAL
High Altitude,61.2000000000006,TAKEOFF,4800.0,91.93333333333347,8000.0,25.200000000000003,41.400000000000006,42.300000000000004,NORMAL,NORMAL
High Altitude,61.3000000000006,TAKEOFF,4809.0,91.95555555555569,8000.0,26.200000000000003,39.400000000000006,42.1,NORMAL,NORMAL
High Altitude,61.4000000000006,TAKEOFF,4804.0,91.97777777777792,8000.0,25.900000000000002,39.7,42.0,NORMAL,NORMAL
High Altitude,61.500000000000604,TAKEOFF,4806.0,92.00000000000013,8000.0,26.200000000000003,40.1,43.5,NORMAL,NORMAL
High Altitude,61.600000000000605,TAKEOFF,4811.0,92.02222222222235,8000.0,26.8,39.7,42.900000000000006,NORMAL,NORMAL
High Altitude,61.70000000000061,TAKEOFF,4801.0,92.04444444444458,8000.0,26.5,38.800000000000004,43.300000000000004,NORMAL,NORMAL
High Altitude,61.80000000000061,TAKEOFF,4799.0,92.0666666666668,8000.0,25.400000000000002,39.400000000000006,43.2,NORMAL,NORMAL
High Altitude,61.90000000000061,TAKEOFF,4807.0,92.08888888888903,8000.0,26.200000000000003,40.1,43.7,NORMAL,NORMAL
High Altitude,62.00000000000061,TAKEOFF,4806.0,92.11111111111124,8000.0,25.900000000000002,39.900000000000006,43.400000000000006,NORMAL,NORMAL
High Altitude,62.10000000000061,TAKEOFF,4810.0,92.13333333333347,8000.0,24.900000000000002,39.1,43.400000000000006,NORMAL,NORMAL
High Altitude,62.200000000000614,TAKEOFF,4800.0,92.1555555555557,8000.0,25.900000000000002,39.400000000000006,42.800000000000004,NORMAL,NORMAL
High Altitude,62.300000000000615,TAKEOFF,4819.0,92.17777777777792,8000.0,25.900000000000002,39.7,43.400000000000006,NORMAL,NORMAL
High Altitude,62.40000000000062,TAKEOFF,4813.0,92.20000000000013,8000.0,26.200000000000003,40.5,43.7,NORMAL,NORMAL
High Altitude,62.50000000000062,TAKEOFF,4806.0,92.22222222222236,8000.0,26.200000000000003,40.900000000000006,41.800000000000004,NORMAL,NORMAL
High Altitude,62.60000000000062,TAKEOFF,4814.0,92.24444444444458,8000.0,26.3,39.1,42.800000000000004,NORMAL,NORMAL
High Altitude,62.70000000000062,TAKEOFF,4813.0,92.26666666666681,8000.0,26.200000000000003,41.300000000000004,43.5,NORMAL,NORMAL
High Altitude,62.80000000000062,TAKEOFF,4808.0,92.28888888888903,8000.0,26.0,38.300000000000004,43.6,NORMAL,NORMAL
High Altitude,62.900000000000624,TAKEOFF,4819.0,92.31111111111125,8000.0,25.6,39.5,42.6,NORMAL,NORMAL
High Altitude,63.000000000000625,TAKEOFF,4823.0,92.33333333333347,8000.0,25.1,41.900000000000006,42.1,NORMAL,NORMAL
High Altitude,63.10000000000063,TAKEOFF,4812.0,92.3555555555557,8000.0,26.8,40.2,42.6,NORMAL,NORMAL
High Altitude,63.20000000000063,TAKEOFF,4813.0,92.37777777777792,8000.0,25.700000000000003,40.900000000000006,42.300000000000004,NORMAL,NORMAL
High Altitude,63.30000000000063,TAKEOFF,4822.0,92.40000000000013,8000.0,26.0,39.800000000000004,42.800000000000004,NORMAL,NORMAL
High Altitude,63.40000000000063,TAKEOFF,4818.0,92.42222222222236,8000.0,25.5,39.6,42.6,NORMAL,NORMAL
High Altitude,63.50000000000063,TAKEOFF,4819.0,92.44444444444458,8000.0,26.1,40.300000000000004,42.7,NORMAL,NORMAL
High Altitude,63.600000000000634,TAKEOFF,4831.0,92.46666666666681,8000.0,26.0,38.7,42.6,NORMAL,NORMAL
High Altitude,63.700000000000635,TAKEOFF,4830.0,92.48888888888904,8000.0,25.8,38.800000000000004,42.900000000000006,NORMAL,NORMAL
High Altitude,63.80000000000064,TAKEOFF,4822.0,92.51111111111125,8000.0,25.6,41.400000000000006,43.300000000000004,NORMAL,NORMAL
High Altitude,63.90000000000064,TAKEOFF,4826.0,92.53333333333347,8000.0,25.6,39.2,42.400000000000006,NORMAL,NORMAL
High Altitude,64.00000000000064,TAKEOFF,4828.0,92.5555555555557,8000.0,24.900000000000002,39.400000000000006,42.900000000000006,NORMAL,NORMAL
High Altitude,64.10000000000063,TAKEOFF,4825.0,92.57777777777792,8000.0,24.6,40.300000000000004,43.1,NORMAL,NORMAL
High Altitude,64.20000000000063,TAKEOFF,4831.0,92.60000000000014,8000.0,25.3,39.400000000000006,42.800000000000004,NORMAL,NORMAL
High Altitude,64.30000000000062,TAKEOFF,4844.0,92.62222222222236,8000.0,25.0,38.6,41.5,NORMAL,NORMAL
High Altitude,64.40000000000062,TAKEOFF,4832.0,92.64444444444459,8000.0,26.0,39.400000000000006,42.2,NORMAL,NORMAL
High Altitude,64.50000000000061,TAKEOFF,4821.0,92.6666666666668,8000.0,25.400000000000002,40.2,42.400000000000006,NORMAL,NORMAL
High Altitude,64.6000000000006,TAKEOFF,4831.0,92.68888888888902,8000.0,25.400000000000002,39.5,42.5,NORMAL,NORMAL
High Altitude,64.7000000000006,TAKEOFF,4827.0,92.71111111111125,8000.0,25.5,39.900000000000006,41.1,NORMAL,NORMAL
High Altitude,64.8000000000006,TAKEOFF,4839.0,92.73333333333346,8000.0,25.900000000000002,41.5,42.1,NORMAL,NORMAL
High Altitude,64.90000000000059,TAKEOFF,4836.0,92.75555555555569,8000.0,25.900000000000002,39.0,43.5,NORMAL,NORMAL
High Altitude,65.00000000000058,TAKEOFF,4830.0,92.77777777777791,8000.0,25.1,40.900000000000006,41.7,NORMAL,NORMAL
High Altitude,65.10000000000058,TAKEOFF,4833.0,92.80000000000013,8000.0,26.6,39.800000000000004,42.7,NORMAL,NORMAL
High Altitude,65.20000000000057,TAKEOFF,4836.0,92.82222222222235,8000.0,25.700000000000003,39.300000000000004,43.2,NORMAL,NORMAL
High Altitude,65.30000000000057,TAKEOFF,4833.0,92.84444444444458,8000.0,25.700000000000003,39.6,42.2,NORMAL,NORMAL
High Altitude,65.40000000000056,TAKEOFF,4844.0,92.86666666666679,8000.0,25.400000000000002,39.0,42.400000000000006,NORMAL,NORMAL
High Altitude,65.50000000000055,TAKEOFF,4844.0,92.88888888888901,8000.0,26.0,40.900000000000006,42.400000000000006,NORMAL,NORMAL
High Altitude,65.60000000000055,TAKEOFF,4837.0,92.91111111111124,8000.0,26.8,39.800000000000004,42.1,NORMAL,NORMAL
High Altitude,65.70000000000054,TAKEOFF,4841.0,92.93333333333345,8000.0,26.3,40.800000000000004,43.0,NORMAL,NORMAL
High Altitude,65.80000000000054,TAKEOFF,4836.0,92.95555555555568,8000.0,25.400000000000002,39.400000000000006,42.400000000000006,NORMAL,NORMAL
High Altitude,65.90000000000053,TAKEOFF,4836.0,92.9777777777779,8000.0,26.6,38.7,42.400000000000006,NORMAL,NORMAL
High Altitude,66.00000000000053,TAKEOFF,4842.0,93.00000000000011,8000.0,26.3,41.1,42.1,NORMAL,NORMAL
High Altitude,66.10000000000052,TAKEOFF,4842.0,93.02222222222234,8000.0,25.8,39.2,41.900000000000006,NORMAL,NORMAL
High Altitude,66.20000000000051,TAKEOFF,4846.0,93.04444444444457,8000.0,25.5,39.7,43.0,NORMAL,NORMAL
High Altitude,66.30000000000051,TAKEOFF,4847.0,93.06666666666678,8000.0,25.6,40.5,42.6,NORMAL,NORMAL
High Altitude,66.4000000000005,TAKEOFF,4844.0,93.088888888889,8000.0,24.900000000000002,42.400000000000006,41.300000000000004,NORMAL,NORMAL
High Altitude,66.5000000000005,TAKEOFF,4860.0,93.11111111111123,8000.0,25.200000000000003,41.800000000000004,41.1,NORMAL,NORMAL
High Altitude,66.60000000000049,TAKEOFF,4844.0,93.13333333333344,8000.0,26.6,40.300000000000004,41.800000000000004,NORMAL,NORMAL
High Altitude,66.70000000000049,TAKEOFF,4845.0,93.15555555555567,8000.0,25.6,40.900000000000006,41.7,NORMAL,NORMAL
High Altitude,66.80000000000048,TAKEOFF,4855.0,93.17777777777789,8000.0,26.0,40.400000000000006,43.5,NORMAL,NORMAL
High Altitude,66.90000000000047,TAKEOFF,4845.0,93.2000000000001,8000.0,25.200000000000003,39.5,43.0,NORMAL,NORMAL
High Altitude,67.00000000000047,TAKEOFF,4862.0,93.22222222222233,8000.0,26.400000000000002,40.900000000000006,41.900000000000006,NORMAL,NORMAL
High Altitude,67.10000000000046,TAKEOFF,4847.0,93.24444444444455,8000.0,25.5,39.300000000000004,42.0,NORMAL,NORMAL
High Altitude,67.20000000000046,TAKEOFF,4849.0,93.26666666666677,8000.0,26.700000000000003,38.300000000000004,43.300000000000004,NORMAL,NORMAL
High Altitude,67.30000000000045,TAKEOFF,4859.0,93.28888888888899,8000.0,26.1,39.6,41.400000000000006,NORMAL,NORMAL
High Altitude,67.40000000000045,TAKEOFF,4854.0,93.31111111111122,8000.0,25.400000000000002,38.6,42.400000000000006,NORMAL,NORMAL
High Altitude,67.50000000000044,TAKEOFF,4854.0,93.33333333333343,8000.0,25.900000000000002,39.400000000000006,43.400000000000006,NORMAL,NORMAL
High Altitude,67.60000000000043,TAKEOFF,4862.0,93.35555555555565,8000.0,25.900000000000002,42.400000000000006,42.5,NORMAL,NORMAL
High Altitude,67.70000000000043,TAKEOFF,4862.0,93.37777777777788,8000.0,26.1,40.6,43.2,NORMAL,NORMAL
High Altitude,67.80000000000042,TAKEOFF,4853.0,93.40000000000009,8000.0,25.1,41.1,41.7,NORMAL,NORMAL
High Altitude,67.90000000000042,TAKEOFF,4857.0,93.42222222222232,8000.0,27.200000000000003,42.1,43.900000000000006,NORMAL,NORMAL
High Altitude,68.00000000000041,TAKEOFF,4855.0,93.44444444444454,8000.0,25.1,39.6,43.300000000000004,NORMAL,NORMAL
High Altitude,68.1000000000004,TAKEOFF,4862.0,93.46666666666675,8000.0,25.0,39.300000000000004,41.900000000000006,NORMAL,NORMAL
High Altitude,68.2000000000004,TAKEOFF,4854.0,93.48888888888898,8000.0,24.8,40.1,43.400000000000006,NORMAL,NORMAL
High Altitude,68.3000000000004,TAKEOFF,4864.0,93.5111111111112,8000.0,26.0,41.2,41.900000000000006,NORMAL,NORMAL
High Altitude,68.40000000000039,TAKEOFF,4861.0,93.53333333333342,8000.0,24.6,41.7,42.6,NORMAL,NORMAL
High Altitude,68.50000000000038,TAKEOFF,4866.0,93.55555555555564,8000.0,25.6,41.7,42.400000000000006,NORMAL,NORMAL
High Altitude,68.60000000000038,TAKEOFF,4871.0,93.57777777777787,8000.0,25.700000000000003,39.0,41.900000000000006,NORMAL,NORMAL
High Altitude,68.70000000000037,TAKEOFF,4859.0,93.60000000000008,8000.0,24.900000000000002,42.6,42.900000000000006,NORMAL,NORMAL
High Altitude,68.80000000000037,TAKEOFF,4873.0,93.6222222222223,8000.0,24.900000000000002,40.7,43.800000000000004,NORMAL,NORMAL
High Altitude,68.90000000000036,TAKEOFF,4865.0,93.64444444444453,8000.0,26.1,38.800000000000004,42.1,NORMAL,NORMAL
High Altitude,69.00000000000036,TAKEOFF,4869.0,93.66666666666674,8000.0,26.3,40.2,41.5,NORMAL,NORMAL
High Altitude,69.10000000000035,TAKEOFF,4865.0,93.68888888888897,8000.0,25.400000000000002,39.6,42.2,NORMAL,NORMAL
High Altitude,69.20000000000034,TAKEOFF,4865.0,93.7111111111112,8000.0,25.400000000000002,41.6,43.1,NORMAL,NORMAL
High Altitude,69.30000000000034,TAKEOFF,4868.0,93.7333333333334,8000.0,25.5,41.2,42.400000000000006,NORMAL,NORMAL
High Altitude,69.40000000000033,TAKEOFF,4873.0,93.75555555555563,8000.0,26.8,39.800000000000004,42.2,NORMAL,NORMAL
High Altitude,69.50000000000033,TAKEOFF,4873.0,93.77777777777786,8000.0,24.8,39.6,42.400000000000006,NORMAL,NORMAL
High Altitude,69.60000000000032,TAKEOFF,4869.0,93.80000000000007,8000.0,26.0,40.5,42.400000000000006,NORMAL,NORMAL
High Altitude,69.70000000000032,TAKEOFF,4878.0,93.8222222222223,8000.0,26.900000000000002,40.6,42.2,NORMAL,NORMAL
High Altitude,69.80000000000031,TAKEOFF,4868.0,93.84444444444452,8000.0,26.400000000000002,40.900000000000006,42.5,NORMAL,NORMAL
High Altitude,69.9000000000003,TAKEOFF,4879.0,93.86666666666673,8000.0,25.5,40.7,42.900000000000006,NORMAL,NORMAL
High Altitude,70.0000000000003,TAKEOFF,4880.0,93.88888888888896,8000.0,25.6,41.800000000000004,42.300000000000004,NORMAL,NORMAL
High Altitude,70.10000000000029,TAKEOFF,4877.0,93.91111111111118,8000.0,26.700000000000003,40.300000000000004,43.1,NORMAL,NORMAL
High Altitude,70.20000000000029,TAKEOFF,4878.0,93.9333333333334,8000.0,25.700000000000003,41.5,41.800000000000004,NORMAL,NORMAL
High Altitude,70.30000000000028,TAKEOFF,4892.0,93.95555555555562,8000.0,25.3,39.5,42.7,NORMAL,NORMAL
High Altitude,70.40000000000028,TAKEOFF,4883.0,93.97777777777785,8000.0,25.700000000000003,40.7,41.800000000000004,NORMAL,NORMAL
High Altitude,70.50000000000027,TAKEOFF,4873.0,94.00000000000006,8000.0,25.200000000000003,39.1,41.2,NORMAL,NORMAL
High Altitude,70.60000000000026,TAKEOFF,4881.0,94.02222222222228,8000.0,25.400000000000002,41.1,42.7,NORMAL,NORMAL
High Altitude,70.70000000000026,TAKEOFF,4874.0,94.04444444444451,8000.0,25.3,41.800000000000004,41.400000000000006,NORMAL,NORMAL
High Altitude,70.80000000000025,TAKEOFF,4896.0,94.06666666666672,8000.0,25.5,41.800000000000004,42.0,NORMAL,NORMAL
High Altitude,70.90000000000025,TAKEOFF,4883.0,94.08888888888895,8000.0,26.1,41.400000000000006,41.400000000000006,NORMAL,NORMAL
High Altitude,71.00000000000024,TAKEOFF,4881.0,94.11111111111117,8000.0,25.6,41.400000000000006,42.7,NORMAL,NORMAL
High Altitude,71.10000000000024,TAKEOFF,4888.0,94.13333333333338,8000.0,25.900000000000002,41.5,42.1,NORMAL,NORMAL
High Altitude,71.20000000000023,TAKEOFF,4896.0,94.15555555555561,8000.0,26.5,39.5,42.300000000000004,NORMAL,NORMAL
High Altitude,71.30000000000022,TAKEOFF,4886.0,94.17777777777783,8000.0,24.700000000000003,42.300000000000004,42.2,NORMAL,NORMAL
High Altitude,71.40000000000022,TAKEOFF,4890.0,94.20000000000005,8000.0,25.200000000000003,39.0,41.800000000000004,NORMAL,NORMAL
High Altitude,71.50000000000021,TAKEOFF,4898.0,94.22222222222227,8000.0,25.400000000000002,40.300000000000004,41.6,NORMAL,NORMAL
High Altitude,71.60000000000021,TAKEOFF,4898.0,94.2444444444445,8000.0,26.700000000000003,41.800000000000004,43.0,NORMAL,NORMAL
High Altitude,71.7000000000002,TAKEOFF,4897.0,94.26666666666671,8000.0,25.900000000000002,40.800000000000004,41.1,NORMAL,NORMAL
High Altitude,71.8000000000002,TAKEOFF,4900.0,94.28888888888893,8000.0,26.3,40.1,41.6,NORMAL,NORMAL
High Altitude,71.90000000000019,TAKEOFF,4894.0,94.31111111111116,8000.0,24.900000000000002,39.5,41.400000000000006,NORMAL,NORMAL
High Altitude,72.00000000000018,TAKEOFF,4903.0,94.33333333333337,8000.0,25.3,41.7,42.1,NORMAL,NORMAL
High Altitude,72.10000000000018,TAKEOFF,4895.0,94.3555555555556,8000.0,26.200000000000003,39.6,41.1,NORMAL,NORMAL
High Altitude,72.20000000000017,TAKEOFF,4888.0,94.37777777777782,8000.0,24.900000000000002,40.300000000000004,42.300000000000004,NORMAL,NORMAL
High Altitude,72.30000000000017,TAKEOFF,4900.0,94.40000000000003,8000.0,26.200000000000003,41.1,41.300000000000004,NORMAL,NORMAL
High Altitude,72.40000000000016,TAKEOFF,4902.0,94.42222222222226,8000.0,26.400000000000002,40.6,42.2,NORMAL,NORMAL
High Altitude,72.50000000000016,TAKEOFF,4905.0,94.44444444444449,8000.0,25.3,40.2,42.2,NORMAL,NORMAL
High Altitude,72.60000000000015,TAKEOFF,4905.0,94.4666666666667,8000.0,25.6,39.2,42.7,NORMAL,NORMAL
High Altitude,72.70000000000014,TAKEOFF,4899.0,94.48888888888892,8000.0,26.0,39.300000000000004,42.800000000000004,NORMAL,NORMAL
High Altitude,72.80000000000014,TAKEOFF,4909.0,94.51111111111115,8000.0,25.6,40.300000000000004,41.800000000000004,NORMAL,NORMAL
High Altitude,72.90000000000013,TAKEOFF,4899.0,94.53333333333336,8000.0,25.900000000000002,43.0,41.800000000000004,NORMAL,NORMAL
High Altitude,73.00000000000013,TAKEOFF,4907.0,94.55555555555559,8000.0,25.6,40.300000000000004,42.6,NORMAL,NORMAL
High Altitude,73.10000000000012,TAKEOFF,4904.0,94.57777777777781,8000.0,25.5,42.0,42.400000000000006,NORMAL,NORMAL
High Altitude,73.20000000000012,TAKEOFF,4912.0,94.60000000000002,8000.0,26.200000000000003,42.0,41.0,NORMAL,NORMAL
High Altitude,73.30000000000011,TAKEOFF,4915.0,94.62222222222225,8000.0,25.200000000000003,41.0,41.800000000000004,NORMAL,NORMAL
High Altitude,73.4000000000001,TAKEOFF,4911.0,94.64444444444447,8000.0,25.200000000000003,39.800000000000004,40.7,NORMAL,NORMAL
High Altitude,73.5000000000001,TAKEOFF,4907.0,94.66666666666669,8000.0,26.5,40.800000000000004,42.5,NORMAL,NORMAL
High Altitude,73.6000000000001,TAKEOFF,4910.0,94.68888888888891,8000.0,26.200000000000003,40.900000000000006,42.400000000000006,NORMAL,NORMAL
High Altitude,73.70000000000009,TAKEOFF,4908.0,94.71111111111114,8000.0,25.3,39.2,41.2,NORMAL,NORMAL
High Altitude,73.80000000000008,TAKEOFF,4909.0,94.73333333333335,8000.0,25.200000000000003,39.900000000000006,41.5,NORMAL,NORMAL
High Altitude,73.90000000000008,TAKEOFF,4917.0,94.75555555555557,8000.0,26.200000000000003,40.7,41.7,NORMAL,NORMAL
High Altitude,74.00000000000007,TAKEOFF,4919.0,94.7777777777778,8000.0,25.5,40.300000000000004,42.6,NORMAL,NORMAL
High Altitude,74.10000000000007,TAKEOFF,4911.0,94.80000000000001,8000.0,26.400000000000002,41.0,42.2,NORMAL,NORMAL
High Altitude,74.20000000000006,TAKEOFF,4911.0,94.82222222222224,8000.0,25.700000000000003,39.900000000000006,41.300000000000004,NORMAL,NORMAL
High Altitude,74.30000000000005,TAKEOFF,4913.0,94.84444444444446,8000.0,26.3,40.800000000000004,42.800000000000004,NORMAL,NORMAL
High Altitude,74.40000000000005,TAKEOFF,4919.0,94.86666666666667,8000.0,25.3,40.800000000000004,42.400000000000006,NORMAL,NORMAL
High Altitude,74.50000000000004,TAKEOFF,4916.0,94.8888888888889,8000.0,25.5,40.400000000000006,41.800000000000004,NORMAL,NORMAL
High Altitude,74.60000000000004,TAKEOFF,4916.0,94.91111111111113,8000.0,25.400000000000002,40.7,41.6,NORMAL,NORMAL
High Altitude,74.70000000000003,TAKEOFF,4928.0,94.93333333333334,8000.0,24.700000000000003,40.6,42.300000000000004,NORMAL,NORMAL
High Altitude,74.80000000000003,TAKEOFF,4926.0,94.95555555555556,8000.0,26.1,40.1,41.800000000000004,NORMAL,NORMAL
High Altitude,74.90000000000002,TAKEOFF,4931.0,94.97777777777779,8000.0,25.6,41.800000000000004,42.6,NORMAL,NORMAL
High Altitude,75.00000000000001,CLIMB,4917.0,90.0,8000.0,25.6,41.2,40.400000000000006,NORMAL,NORMAL
High Altitude,75.10000000000001,CLIMB,4915.0,89.99333333333334,8000.0,25.3,39.300000000000004,42.1,NORMAL,NORMAL
High Altitude,75.2,CLIMB,4912.0,89.98666666666666,8000.0,27.400000000000002,40.7,42.1,NORMAL,NORMAL
High Altitude,75.3,CLIMB,4916.0,89.98,8000.0,25.900000000000002,38.800000000000004,41.900000000000006,NORMAL,NORMAL
High Altitude,75.39999999999999,CLIMB,4905.0,89.97333333333333,8000.0,25.700000000000003,40.0,41.0,NORMAL,NORMAL
High Altitude,75.49999999999999,CLIMB,4907.0,89.96666666666667,8000.0,26.0,40.400000000000006,42.5,NORMAL,NORMAL
High Altitude,75.59999999999998,CLIMB,4905.0,89.96000000000001,8000.0,26.1,39.2,42.400000000000006,NORMAL,NORMAL
High Altitude,75.69999999999997,CLIMB,4910.0,89.95333333333333,8000.0,25.5,39.400000000000006,41.400000000000006,NORMAL,NORMAL
High Altitude,75.79999999999997,CLIMB,4895.0,89.94666666666667,8000.0,26.1,39.400000000000006,41.800000000000004,NORMAL,NORMAL
High Altitude,75.89999999999996,CLIMB,4905.0,89.94,8000.0,25.5,40.900000000000006,42.300000000000004,NORMAL,NORMAL
High Altitude,75.99999999999996,CLIMB,4900.0,89.93333333333334,8000.0,24.3,38.900000000000006,41.7,NORMAL,NORMAL
High Altitude,76.09999999999995,CLIMB,4899.0,89.92666666666668,8000.0,25.400000000000002,40.300000000000004,43.0,NORMAL,NORMAL
High Altitude,76.19999999999995,CLIMB,4899.0,89.92,8000.0,25.6,39.800000000000004,41.900000000000006,NORMAL,NORMAL
High Altitude,76.29999999999994,CLIMB,4901.0,89.91333333333334,8000.0,25.3,39.300000000000004,42.0,NORMAL,NORMAL
High Altitude,76.39999999999993,CLIMB,4896.0,89.90666666666667,8000.0,26.6,39.7,41.7,NORMAL,NORMAL
High Altitude,76.49999999999993,CLIMB,4887.0,89.9,8000.0,25.700000000000003,40.7,41.400000000000006,NORMAL,NORMAL
High Altitude,76.59999999999992,CLIMB,4892.0,89.89333333333335,8000.0,25.200000000000003,37.9,41.400000000000006,NORMAL,NORMAL
High Altitude,76.69999999999992,CLIMB,4893.0,89.88666666666667,8000.0,26.1,40.2,41.800000000000004,NORMAL,NORMAL
High Altitude,76.79999999999991,CLIMB,4899.0,89.88000000000001,8000.0,25.5,40.2,42.6,NORMAL,NORMAL
High Altitude,76.8999999999999,CLIMB,4897.0,89.87333333333333,8000.0,25.400000000000002,38.7,42.300000000000004,NORMAL,NORMAL
High Altitude,76.9999999999999,CLIMB,4892.0,89.86666666666667,8000.0,24.700000000000003,36.9,41.6,NORMAL,NORMAL
High Altitude,77.0999999999999,CLIMB,4881.0,89.86000000000001,8000.0,25.8,39.800000000000004,42.2,NORMAL,NORMAL
High Altitude,77.19999999999989,CLIMB,4880.0,89.85333333333334,8000.0,26.400000000000002,38.900000000000006,42.2,NORMAL,NORMAL
High Altitude,77.29999999999988,CLIMB,4886.0,89.84666666666668,8000.0,25.200000000000003,37.800000000000004,41.300000000000004,NORMAL,NORMAL
High Altitude,77.39999999999988,CLIMB,4883.0,89.84,8000.0,25.3,39.800000000000004,41.300000000000004,NORMAL,NORMAL
High Altitude,77.49999999999987,CLIMB,4880.0,89.83333333333334,8000.0,25.400000000000002,40.400000000000006,42.6,NORMAL,NORMAL
High Altitude,77.59999999999987,CLIMB,4883.0,89.82666666666668,8000.0,25.8,39.300000000000004,40.7,NORMAL,NORMAL
High Altitude,77.69999999999986,CLIMB,4882.0,89.82000000000001,8000.0,25.1,39.2,42.300000000000004,NORMAL,NORMAL
High Altitude,77.79999999999986,CLIMB,4881.0,89.81333333333335,8000.0,25.700000000000003,39.900000000000006,41.5,NORMAL,NORMAL
High Altitude,77.89999999999985,CLIMB,4880.0,89.80666666666667,8000.0,25.6,39.2,40.7,NORMAL,NORMAL
High Altitude,77.99999999999984,CLIMB,4877.0,89.80000000000001,8000.0,25.1,38.6,41.400000000000006,NORMAL,NORMAL
High Altitude,78.09999999999984,CLIMB,4884.0,89.79333333333335,8000.0,25.200000000000003,39.400000000000006,41.400000000000006,NORMAL,NORMAL
High Altitude,78.19999999999983,CLIMB,4879.0,89.78666666666668,8000.0,25.5,40.0,42.300000000000004,NORMAL,NORMAL
High Altitude,78.29999999999983,CLIMB,4875.0,89.78000000000002,8000.0,25.3,39.800000000000004,42.900000000000006,NORMAL,NORMAL
High Altitude,78.39999999999982,CLIMB,4877.0,89.77333333333334,8000.0,25.8,38.800000000000004,41.300000000000004,NORMAL,NORMAL
High Altitude,78.49999999999982,CLIMB,4863.0,89.76666666666668,8000.0,25.6,40.900000000000006,42.0,NORMAL,NORMAL
High Altitude,78.59999999999981,CLIMB,4871.0,89.76000000000002,8000.0,24.5,38.0,41.400000000000006,NORMAL,NORMAL
High Altitude,78.6999999999998,CLIMB,4875.0,89.75333333333334,8000.0,25.8,38.7,41.2,NORMAL,NORMAL
High Altitude,78.7999999999998,CLIMB,4878.0,89.74666666666668,8000.0,25.200000000000003,38.400000000000006,41.400000000000006,NORMAL,NORMAL
High Altitude,78.89999999999979,CLIMB,4867.0,89.74000000000001,8000.0,25.5,38.7,42.1,NORMAL,NORMAL
High Altitude,78.99999999999979,CLIMB,4867.0,89.73333333333335,8000.0,24.900000000000002,40.5,41.7,NORMAL,NORMAL
High Altitude,79.09999999999978,CLIMB,4872.0,89.72666666666669,8000.0,25.200000000000003,40.0,41.2,NORMAL,NORMAL
High Altitude,79.19999999999978,CLIMB,4865.0,89.72000000000001,8000.0,26.1,38.1,41.7,NORMAL,NORMAL
High Altitude,79.29999999999977,CLIMB,4874.0,89.71333333333335,8000.0,25.6,40.400000000000006,41.900000000000006,NORMAL,NORMAL
High Altitude,79.39999999999976,CLIMB,4873.0,89.70666666666668,8000.0,25.700000000000003,40.300000000000004,42.400000000000006,NORMAL,NORMAL
High Altitude,79.49999999999976,CLIMB,4873.0,89.70000000000002,8000.0,26.200000000000003,39.400000000000006,42.6,NORMAL,NORMAL
High Altitude,79.59999999999975,CLIMB,4872.0,89.69333333333336,8000.0,25.8,39.6,40.900000000000006,NORMAL,NORMAL
High Altitude,79.69999999999975,CLIMB,4866.0,89.68666666666668,8000.0,25.700000000000003,39.2,41.400000000000006,NORMAL,NORMAL
High Altitude,79.79999999999974,CLIMB,4868.0,89.68000000000002,8000.0,24.700000000000003,38.400000000000006,41.800000000000004,NORMAL,NORMAL
High Altitude,79.89999999999974,CLIMB,4871.0,89.67333333333335,8000.0,24.900000000000002,37.5,42.6,NORMAL,NORMAL
High Altitude,79.99999999999973,CLIMB,4863.0,89.66666666666669,8000.0,25.6,37.800000000000004,41.800000000000004,NORMAL,NORMAL
High Altitude,80.09999999999972,CLIMB,4857.0,89.66000000000003,8000.0,25.900000000000002,39.900000000000006,42.6,NORMAL,NORMAL
High Altitude,80.19999999999972,CLIMB,4866.0,89.65333333333335,8000.0,24.3,37.5,41.800000000000004,NORMAL,NORMAL
High Altitude,80.29999999999971,CLIMB,4870.0,89.64666666666669,8000.0,24.400000000000002,39.900000000000006,40.5,NORMAL,NORMAL
High Altitude,80.39999999999971,CLIMB,4861.0,89.64000000000001,8000.0,25.200000000000003,39.7,42.1,NORMAL,NORMAL
High Altitude,80.4999999999997,CLIMB,4864.0,89.63333333333335,8000.0,25.700000000000003,38.800000000000004,40.800000000000004,NORMAL,NORMAL
High Altitude,80.5999999999997,CLIMB,4867.0,89.6266666666667,8000.0,25.5,38.6,41.300000000000004,NORMAL,NORMAL
High Altitude,80.69999999999969,CLIMB,4852.0,89.62000000000002,8000.0,25.6,37.800000000000004,42.2,NORMAL,NORMAL
High Altitude,80.79999999999968,CLIMB,4869.0,89.61333333333336,8000.0,25.700000000000003,41.1,41.400000000000006,NORMAL,NORMAL
High Altitude,80.89999999999968,CLIMB,4862.0,89.60666666666668,8000.0,26.0,37.7,41.2,NORMAL,NORMAL
High Altitude,80.99999999999967,CLIMB,4858.0,89.60000000000002,8000.0,25.3,36.4,41.5,NORMAL,NORMAL
High Altitude,81.09999999999967,CLIMB,4866.0,89.59333333333336,8000.0,25.1,39.2,41.900000000000006,NORMAL,NORMAL
High Altitude,81.19999999999966,CLIMB,4865.0,89.58666666666669,8000.0,25.0,37.0,42.7,NORMAL,NORMAL
High Altitude,81.29999999999966,CLIMB,4859.0,89.58000000000003,8000.0,26.200000000000003,39.800000000000004,41.300000000000004,NORMAL,NORMAL
High Altitude,81.39999999999965,CLIMB,4857.0,89.57333333333335,8000.0,24.900000000000002,37.4,41.0,NORMAL,NORMAL
High Altitude,81.49999999999964,CLIMB,4864.0,89.56666666666669,8000.0,25.1,40.1,41.300000000000004,NORMAL,NORMAL
High Altitude,81.59999999999964,CLIMB,4861.0,89.56000000000003,8000.0,24.900000000000002,38.5,41.5,NORMAL,NORMAL
High Altitude,81.69999999999963,CLIMB,4864.0,89.55333333333336,8000.0,25.1,42.1,42.300000000000004,NORMAL,NORMAL
High Altitude,81.79999999999963,CLIMB,4857.0,89.5466666666667,8000.0,24.6,39.1,40.800000000000004,NORMAL,NORMAL
High Altitude,81.89999999999962,CLIMB,4862.0,89.54000000000002,8000.0,25.700000000000003,38.0,40.5,NORMAL,NORMAL
High Altitude,81.99999999999962,CLIMB,4865.0,89.53333333333336,8000.0,24.8,36.9,42.7,NORMAL,NORMAL
High Altitude,82.09999999999961,CLIMB,4864.0,89.5266666666667,8000.0,25.0,38.1,42.2,NORMAL,NORMAL
High Altitude,82.1999999999996,CLIMB,4861.0,89.52000000000002,8000.0,25.200000000000003,37.300000000000004,40.800000000000004,NORMAL,NORMAL
High Altitude,82.2999999999996,CLIMB,4862.0,89.51333333333336,8000.0,25.700000000000003,39.0,42.0,NORMAL,NORMAL
High Altitude,82.3999999999996,CLIMB,4858.0,89.50666666666669,8000.0,25.6,37.800000000000004,41.7,NORMAL,NORMAL
High Altitude,82.49999999999959,CLIMB,4855.0,89.50000000000003,8000.0,25.5,39.0,41.5,NORMAL,NORMAL
High Altitude,82.59999999999958,CLIMB,4850.0,89.49333333333337,8000.0,24.900000000000002,38.900000000000006,41.5,NORMAL,NORMAL
High Altitude,82.69999999999958,CLIMB,4857.0,89.4866666666667,8000.0,25.700000000000003,39.5,41.7,NORMAL,NORMAL
High Altitude,82.79999999999957,CLIMB,4857.0,89.48000000000003,8000.0,25.6,39.1,41.1,NORMAL,NORMAL
High Altitude,82.89999999999957,CLIMB,4864.0,89.47333333333336,8000.0,25.3,38.5,41.5,NORMAL,NORMAL
High Altitude,82.99999999999956,CLIMB,4852.0,89.4666666666667,8000.0,25.3,37.9,42.6,NORMAL,NORMAL
High Altitude,83.09999999999955,CLIMB,4861.0,89.46000000000004,8000.0,26.700000000000003,38.0,42.2,NORMAL,NORMAL
High Altitude,83.19999999999955,CLIMB,4854.0,89.45333333333336,8000.0,25.700000000000003,38.800000000000004,41.6,NORMAL,NORMAL
High Altitude,83.29999999999954,CLIMB,4857.0,89.4466666666667,8000.0,25.200000000000003,40.5,41.7,NORMAL,NORMAL
High Altitude,83.39999999999954,CLIMB,4852.0,89.44000000000003,8000.0,24.700000000000003,37.9,41.7,NORMAL,NORMAL
High Altitude,83.49999999999953,CLIMB,4857.0,89.43333333333337,8000.0,25.3,40.5,41.5,NORMAL,NORMAL
High Altitude,83.59999999999953,CLIMB,4854.0,89.4266666666667,8000.0,25.400000000000002,37.4,42.400000000000006,NORMAL,NORMAL
High Altitude,83.69999999999952,CLIMB,4862.0,89.42000000000003,8000.0,24.900000000000002,39.300000000000004,41.400000000000006,NORMAL,NORMAL
High Altitude,83.79999999999951,CLIMB,4851.0,89.41333333333337,8000.0,24.700000000000003,37.7,41.2,NORMAL,NORMAL
High Altitude,83.89999999999951,CLIMB,4856.0,89.4066666666667,8000.0,25.8,37.800000000000004,40.400000000000006,NORMAL,NORMAL
High Altitude,83.9999999999995,CLIMB,4857.0,89.40000000000003,8000.0,26.0,38.400000000000006,40.7,NORMAL,NORMAL
High Altitude,84.0999999999995,CLIMB,4862.0,89.39333333333337,8000.0,25.5,38.5,41.1,NORMAL,NORMAL
High Altitude,84.19999999999949,CLIMB,4860.0,89.3866666666667,8000.0,25.0,39.2,41.1,NORMAL,NORMAL
High Altitude,84.29999999999949,CLIMB,4856.0,89.38000000000004,8000.0,24.900000000000002,40.300000000000004,42.2,NORMAL,NORMAL
High Altitude,84.39999999999948,CLIMB,4861.0,89.37333333333336,8000.0,25.3,37.9,40.900000000000006,NORMAL,NORMAL
High Altitude,84.49999999999947,CLIMB,4856.0,89.3666666666667,8000.0,25.400000000000002,40.300000000000004,41.1,NORMAL,NORMAL
High Altitude,84.59999999999947,CLIMB,4852.0,89.36000000000004,8000.0,25.5,39.1,40.800000000000004,NORMAL,NORMAL
High Altitude,84.69999999999946,CLIMB,4856.0,89.35333333333337,8000.0,25.200000000000003,39.5,40.7,NORMAL,NORMAL
High Altitude,84.79999999999946,CLIMB,4845.0,89.3466666666667,8000.0,24.5,38.2,41.800000000000004,NORMAL,NORMAL
High Altitude,84.89999999999945,CLIMB,4858.0,89.34000000000003,8000.0,25.6,39.1,40.300000000000004,NORMAL,NORMAL
High Altitude,84.99999999999945,CLIMB,4865.0,89.33333333333337,8000.0,24.400000000000002,36.800000000000004,41.7,NORMAL,NORMAL
High Altitude,85.09999999999944,CLIMB,4852.0,89.32666666666671,8000.0,26.0,37.800000000000004,40.7,NORMAL,NORMAL
High Altitude,85.19999999999943,CLIMB,4857.0,89.32000000000004,8000.0,25.400000000000002,38.5,40.6,NORMAL,NORMAL
High Altitude,85.29999999999943,CLIMB,4864.0,89.31333333333338,8000.0,25.200000000000003,39.300000000000004,40.6,NORMAL,NORMAL
High Altitude,85.39999999999942,CLIMB,4857.0,89.3066666666667,8000.0,25.1,39.5,41.300000000000004,NORMAL,NORMAL
High Altitude,85.49999999999942,CLIMB,4847.0,89.30000000000004,8000.0,25.3,37.300000000000004,41.6,NORMAL,NORMAL
High Altitude,85.59999999999941,CLIMB,4854.0,89.29333333333338,8000.0,25.200000000000003,39.2,42.1,NORMAL,NORMAL
High Altitude,85.6999999999994,CLIMB,4852.0,89.2866666666667,8000.0,26.8,38.0,42.0,NORMAL,NORMAL
High Altitude,85.7999999999994,CLIMB,4851.0,89.28000000000004,8000.0,25.900000000000002,37.300000000000004,41.2,NORMAL,NORMAL
High Altitude,85.8999999999994,CLIMB,4854.0,89.27333333333337,8000.0,23.900000000000002,38.2,41.300000000000004,NORMAL,NORMAL
High Altitude,85.99999999999939,CLIMB,4860.0,89.26666666666671,8000.0,25.400000000000002,40.0,41.2,NORMAL,NORMAL
High Altitude,86.09999999999938,CLIMB,4852.0,89.26000000000005,8000.0,25.400000000000002,38.2,41.0,NORMAL,NORMAL
High Altitude,86.19999999999938,CLIMB,4852.0,89.25333333333337,8000.0,24.8,37.6,40.2,NORMAL,NORMAL
High Altitude,86.29999999999937,CLIMB,4861.0,89.24666666666671,8000.0,26.200000000000003,39.300000000000004,41.300000000000004,NORMAL,NORMAL
High Altitude,86.39999999999937,CLIMB,4860.0,89.24000000000004,8000.0,25.200000000000003,37.800000000000004,40.800000000000004,NORMAL,NORMAL
High Altitude,86.49999999999936,CLIMB,4855.0,89.23333333333338,8000.0,25.3,37.7,41.7,NORMAL,NORMAL
High Altitude,86.59999999999935,CLIMB,4854.0,89.22666666666672,8000.0,24.5,38.400000000000006,41.800000000000004,NORMAL,NORMAL
High Altitude,86.69999999999935,CLIMB,4850.0,89.22000000000004,8000.0,25.200000000000003,39.5,41.400000000000006,NORMAL,NORMAL
High Altitude,86.79999999999934,CLIMB,4854.0,89.21333333333338,8000.0,25.1,39.0,40.6,NORMAL,NORMAL
High Altitude,86.89999999999934,CLIMB,4854.0,89.2066666666667,8000.0,24.8,38.6,40.7,NORMAL,NORMAL
High Altitude,86.99999999999933,CLIMB,4854.0,89.20000000000005,8000.0,24.900000000000002,39.1,41.2,NORMAL,NORMAL
High Altitude,87.09999999999933,CLIMB,4853.0,89.19333333333338,8000.0,25.3,38.800000000000004,40.300000000000004,NORMAL,NORMAL
High Altitude,87.19999999999932,CLIMB,4846.0,89.18666666666671,8000.0,25.5,38.400000000000006,41.6,NORMAL,NORMAL
High Altitude,87.29999999999932,CLIMB,4845.0,89.18000000000005,8000.0,24.700000000000003,38.6,41.0,NORMAL,NORMAL
High Altitude,87.39999999999931,CLIMB,4846.0,89.17333333333337,8000.0,24.8,38.0,41.2,NORMAL,NORMAL
High Altitude,87.4999999999993,CLIMB,4847.0,89.16666666666671,8000.0,24.6,38.7,40.900000000000006,NORMAL,NORMAL
High Altitude,87.5999999999993,CLIMB,4850.0,89.16000000000005,8000.0,25.5,38.2,41.2,NORMAL,NORMAL
High Altitude,87.69999999999929,CLIMB,4853.0,89.15333333333338,8000.0,26.0,39.2,40.1,NORMAL,NORMAL
High Altitude,87.79999999999929,CLIMB,4852.0,89.14666666666672,8000.0,25.3,38.400000000000006,40.2,NORMAL,NORMAL
High Altitude,87.89999999999928,CLIMB,4858.0,89.14000000000004,8000.0,24.900000000000002,40.300000000000004,40.2,NORMAL,NORMAL
High Altitude,87.99999999999928,CLIMB,4849.0,89.13333333333338,8000.0,25.900000000000002,39.2,40.2,NORMAL,NORMAL
High Altitude,88.09999999999927,CLIMB,4838.0,89.12666666666672,8000.0,24.1,39.300000000000004,41.1,NORMAL,NORMAL
High Altitude,88.19999999999926,CLIMB,4846.0,89.12000000000005,8000.0,25.0,37.800000000000004,41.300000000000004,NORMAL,NORMAL
High Altitude,88.29999999999926,CLIMB,4859.0,89.11333333333339,8000.0,24.700000000000003,38.0,41.1,NORMAL,NORMAL
High Altitude,88.39999999999925,CLIMB,4843.0,89.10666666666671,8000.0,25.8,38.5,39.800000000000004,NORMAL,NORMAL
High Altitude,88.49999999999925,CLIMB,4850.0,89.10000000000005,8000.0,24.900000000000002,39.400000000000006,41.300000000000004,NORMAL,NORMAL
High Altitude,88.59999999999924,CLIMB,4846.0,89.09333333333339,8000.0,24.8,40.2,40.800000000000004,NORMAL,NORMAL
High Altitude,88.69999999999924,CLIMB,4860.0,89.08666666666672,8000.0,24.8,40.300000000000004,40.5,NORMAL,NORMAL
High Altitude,88.79999999999923,CLIMB,4855.0,89.08000000000006,8000.0,24.400000000000002,38.800000000000004,41.1,NORMAL,NORMAL
High Altitude,88.89999999999922,CLIMB,4855.0,89.07333333333338,8000.0,24.700000000000003,39.300000000000004,40.6,NORMAL,NORMAL
High Altitude,88.99999999999922,CLIMB,4843.0,89.06666666666672,8000.0,25.3,36.7,39.800000000000004,NORMAL,NORMAL
High Altitude,89.09999999999921,CLIMB,4844.0,89.06000000000006,8000.0,25.3,39.7,41.400000000000006,NORMAL,NORMAL
High Altitude,89.1999999999992,CLIMB,4847.0,89.05333333333338,8000.0,24.700000000000003,37.9,40.5,NORMAL,NORMAL
High Altitude,89.2999999999992,CLIMB,4851.0,89.04666666666672,8000.0,24.8,41.2,41.800000000000004,NORMAL,NORMAL
High Altitude,89.3999999999992,CLIMB,4857.0,89.04000000000005,8000.0,24.3,36.1,40.900000000000006,NORMAL,NORMAL
High Altitude,89.49999999999919,CLIMB,4848.0,89.03333333333339,8000.0,23.8,39.0,40.800000000000004,NORMAL,NORMAL
High Altitude,89.59999999999918,CLIMB,4844.0,89.02666666666673,8000.0,25.0,39.7,40.6,NORMAL,NORMAL
High Altitude,89.69999999999918,CLIMB,4855.0,89.02000000000005,8000.0,25.3,39.800000000000004,40.300000000000004,NORMAL,NORMAL
High Altitude,89.79999999999917,CLIMB,4845.0,89.01333333333339,8000.0,26.0,37.5,40.400000000000006,NORMAL,NORMAL
High Altitude,89.89999999999917,CLIMB,4855.0,89.00666666666672,8000.0,24.6,39.5,41.0,NORMAL,NORMAL
High Altitude,89.99999999999916,CLIMB,4856.0,89.00000000000006,8000.0,24.900000000000002,38.400000000000006,40.1,NORMAL,NORMAL
High Altitude,90.09999999999916,CLIMB,4852.0,88.9933333333334,8000.0,24.200000000000003,38.5,40.400000000000006,NORMAL,NORMAL
High Altitude,90.19999999999915,CLIMB,4853.0,88.98666666666672,8000.0,25.1,39.2,40.800000000000004,NORMAL,NORMAL
High Altitude,90.29999999999914,CLIMB,4848.0,88.98000000000006,8000.0,25.400000000000002,37.6,40.5,NORMAL,NORMAL
High Altitude,90.39999999999914,CLIMB,4848.0,88.97333333333339,8000.0,25.200000000000003,38.0,40.7,NORMAL,NORMAL
High Altitude,90.49999999999913,CLIMB,4850.0,88.96666666666673,8000.0,25.0,39.900000000000006,41.400000000000006,NORMAL,NORMAL
High Altitude,90.59999999999913,CLIMB,4856.0,88.96000000000006,8000.0,23.6,38.400000000000006,40.7,NORMAL,NORMAL
High Altitude,90.69999999999912,CLIMB,4844.0,88.95333333333339,8000.0,23.900000000000002,37.1,41.900000000000006,NORMAL,NORMAL
High Altitude,90.79999999999912,CLIMB,4840.0,88.94666666666673,8000.0,25.1,38.6,41.2,NORMAL,NORMAL
High Altitude,90.89999999999911,CLIMB,4853.0,88.94000000000005,8000.0,24.5,40.300000000000004,41.5,NORMAL,NORMAL
High Altitude,90.9999999999991,CLIMB,4850.0,88.9333333333334,8000.0,25.200000000000003,37.2,41.300000000000004,NORMAL,NORMAL
High Altitude,91.0999999999991,CLIMB,4837.0,88.92666666666673,8000.0,24.8,36.300000000000004,41.800000000000004,NORMAL,NORMAL
High Altitude,91.1999999999991,CLIMB,4847.0,88.92000000000006,8000.0,25.200000000000003,36.7,41.2,NORMAL,NORMAL
High Altitude,91.29999999999909,CLIMB,4844.0,88.9133333333334,8000.0,24.900000000000002,38.1,40.1,NORMAL,NORMAL
High Altitude,91.39999999999908,CLIMB,4855.0,88.90666666666672,8000.0,24.400000000000002,40.900000000000006,41.300000000000004,NORMAL,NORMAL
High Altitude,91.49999999999908,CLIMB,4841.0,88.90000000000006,8000.0,24.900000000000002,37.2,40.900000000000006,NORMAL,NORMAL
High Altitude,91.59999999999907,CLIMB,4852.0,88.8933333333334,8000.0,24.0,37.7,40.5,NORMAL,NORMAL
High Altitude,91.69999999999906,CLIMB,4854.0,88.88666666666673,8000.0,25.3,37.5,40.5,NORMAL,NORMAL
High Altitude,91.79999999999906,CLIMB,4837.0,88.88000000000007,8000.0,24.700000000000003,36.9,41.2,NORMAL,NORMAL
High Altitude,91.89999999999905,CLIMB,4849.0,88.87333333333339,8000.0,24.900000000000002,38.6,40.2,NORMAL,NORMAL
High Altitude,91.99999999999905,CLIMB,4851.0,88.86666666666673,8000.0,24.8,36.7,40.800000000000004,NORMAL,NORMAL
High Altitude,92.09999999999904,CLIMB,4854.0,88.86000000000007,8000.0,24.400000000000002,39.5,39.900000000000006,NORMAL,NORMAL
High Altitude,92.19999999999904,CLIMB,4845.0,88.8533333333334,8000.0,24.8,39.400000000000006,40.2,NORMAL,NORMAL
High Altitude,92.29999999999903,CLIMB,4843.0,88.84666666666674,8000.0,25.400000000000002,36.4,41.6,NORMAL,NORMAL
High Altitude,92.39999999999903,CLIMB,4848.0,88.84000000000006,8000.0,24.400000000000002,39.400000000000006,41.400000000000006,NORMAL,NORMAL
High Altitude,92.49999999999902,CLIMB,4848.0,88.8333333333334,8000.0,24.5,40.1,41.0,NORMAL,NORMAL
High Altitude,92.59999999999901,CLIMB,4848.0,88.82666666666674,8000.0,24.400000000000002,37.300000000000004,40.900000000000006,NORMAL,NORMAL
High Altitude,92.69999999999901,CLIMB,4841.0,88.82000000000006,8000.0,25.8,38.0,41.400000000000006,NORMAL,NORMAL
High Altitude,92.799999999999,CLIMB,4854.0,88.8133333333334,8000.0,24.700000000000003,37.300000000000004,41.6,NORMAL,NORMAL
High Altitude,92.899999999999,CLIMB,4843.0,88.80666666666673,8000.0,25.5,37.9,41.400000000000006,NORMAL,NORMAL
High Altitude,92.99999999999899,CLIMB,4847.0,88.80000000000007,8000.0,25.6,37.800000000000004,40.1,NORMAL,NORMAL
High Altitude,93.09999999999899,CLIMB,4845.0,88.79333333333341,8000.0,24.6,37.9,39.5,NORMAL,NORMAL
High Altitude,93.19999999999898,CLIMB,4844.0,88.78666666666673,8000.0,24.700000000000003,36.5,40.900000000000006,NORMAL,NORMAL
High Altitude,93.29999999999897,CLIMB,4843.0,88.78000000000007,8000.0,24.700000000000003,37.7,40.6,NORMAL,NORMAL
High Altitude,93.39999999999897,CLIMB,4849.0,88.7733333333334,8000.0,25.0,37.2,40.800000000000004,NORMAL,NORMAL
High Altitude,93.49999999999896,CLIMB,4842.0,88.76666666666674,8000.0,24.3,39.800000000000004,41.2,NORMAL,NORMAL
High Altitude,93.59999999999896,CLIMB,4847.0,88.76000000000008,8000.0,24.3,38.6,40.6,NORMAL,NORMAL
High Altitude,93.69999999999895,CLIMB,4851.0,88.7533333333334,8000.0,25.3,39.0,39.400000000000006,NORMAL,NORMAL
High Altitude,93.79999999999895,CLIMB,4848.0,88.74666666666674,8000.0,24.8,39.300000000000004,40.7,NORMAL,NORMAL
High Altitude,93.89999999999894,CLIMB,4835.0,88.74000000000007,8000.0,25.400000000000002,39.1,40.400000000000006,NORMAL,NORMAL
High Altitude,93.99999999999893,CLIMB,4842.0,88.7333333333334,8000.0,25.3,37.1,39.6,NORMAL,NORMAL
High Altitude,94.09999999999893,CLIMB,4846.0,88.72666666666674,8000.0,24.200000000000003,39.0,40.6,NORMAL,NORMAL
High Altitude,94.19999999999892,CLIMB,4844.0,88.72000000000007,8000.0,24.700000000000003,37.2,40.900000000000006,NORMAL,NORMAL
High Altitude,94.29999999999892,CLIMB,4851.0,88.71333333333341,8000.0,24.6,38.900000000000006,40.900000000000006,NORMAL,NORMAL
High Altitude,94.39999999999891,CLIMB,4843.0,88.70666666666673,8000.0,24.0,38.900000000000006,40.2,NORMAL,NORMAL
High Altitude,94.4999999999989,CLIMB,4843.0,88.70000000000007,8000.0,26.0,37.800000000000004,40.2,NORMAL,NORMAL
High Altitude,94.5999999999989,CLIMB,4840.0,88.69333333333341,8000.0,25.0,40.2,41.5,NORMAL,NORMAL
High Altitude,94.6999999999989,CLIMB,4845.0,88.68666666666674,8000.0,23.900000000000002,38.900000000000006,40.300000000000004,NORMAL,NORMAL
High Altitude,94.79999999999889,CLIMB,4847.0,88.68000000000008,8000.0,25.900000000000002,38.0,41.1,NORMAL,NORMAL
High Altitude,94.89999999999888,CLIMB,4835.0,88.6733333333334,8000.0,25.1,38.1,41.1,NORMAL,NORMAL
High Altitude,94.99999999999888,CLIMB,4843.0,88.66666666666674,8000.0,24.700000000000003,38.300000000000004,40.5,NORMAL,NORMAL
High Altitude,95.09999999999887,CLIMB,4836.0,88.66000000000008,8000.0,24.8,37.300000000000004,41.6,NORMAL,NORMAL
High Altitude,95.19999999999887,CLIMB,4846.0,88.6533333333334,8000.0,24.6,39.300000000000004,40.5,NORMAL,NORMAL
High Altitude,95.29999999999886,CLIMB,4842.0,88.64666666666675,8000.0,25.1,37.1,40.300000000000004,NORMAL,NORMAL
High Altitude,95.39999999999885,CLIMB,4841.0,88.64000000000007,8000.0,25.900000000000002,38.5,40.300000000000004,NORMAL,NORMAL
High Altitude,95.49999999999885,CLIMB,4847.0,88.63333333333341,8000.0,25.1,37.4,40.800000000000004,NORMAL,NORMAL
High Altitude,95.59999999999884,CLIMB,4842.0,88.62666666666675,8000.0,23.8,36.9,40.5,NORMAL,NORMAL
High Altitude,95.69999999999884,CLIMB,4844.0,88.62000000000008,8000.0,25.3,40.300000000000004,40.2,NORMAL,NORMAL
High Altitude,95.79999999999883,CLIMB,4841.0,88.61333333333341,8000.0,25.0,38.2,39.7,NORMAL,NORMAL
High Altitude,95.89999999999883,CLIMB,4845.0,88.60666666666674,8000.0,24.400000000000002,38.7,41.0,NORMAL,NORMAL
High Altitude,95.99999999999882,CLIMB,4842.0,88.60000000000008,8000.0,24.400000000000002,37.2,40.900000000000006,NORMAL,NORMAL
High Altitude,96.09999999999881,CLIMB,4841.0,88.59333333333342,8000.0,24.3,37.7,40.900000000000006,NORMAL,NORMAL
High Altitude,96.19999999999881,CLIMB,4842.0,88.58666666666674,8000.0,24.8,38.800000000000004,40.300000000000004,NORMAL,NORMAL
High Altitude,96.2999999999988,CLIMB,4842.0,88.58000000000008,8000.0,25.0,36.9,39.7,NORMAL,NORMAL
High Altitude,96.3999999999988,CLIMB,4843.0,88.57333333333341,8000.0,25.0,38.6,41.0,NORMAL,NORMAL
High Altitude,96.49999999999879,CLIMB,4834.0,88.56666666666675,8000.0,25.8,38.0,41.0,NORMAL,NORMAL
High Altitude,96.59999999999879,CLIMB,4842.0,88.56000000000009,8000.0,25.1,40.0,40.300000000000004,NORMAL,NORMAL
High Altitude,96.69999999999878,CLIMB,4846.0,88.55333333333341,8000.0,24.400000000000002,37.4,40.800000000000004,NORMAL,NORMAL
High Altitude,96.79999999999878,CLIMB,4846.0,88.54666666666675,8000.0,24.900000000000002,37.2,41.0,NORMAL,NORMAL
High Altitude,96.89999999999877,CLIMB,4839.0,88.54000000000008,8000.0,24.200000000000003,38.0,40.6,NORMAL,NORMAL
High Altitude,96.99999999999876,CLIMB,4850.0,88.53333333333342,8000.0,24.400000000000002,41.0,40.800000000000004,NORMAL,NORMAL
High Altitude,97.09999999999876,CLIMB,4841.0,88.52666666666676,8000.0,24.1,38.400000000000006,39.7,NORMAL,NORMAL
High Altitude,97.19999999999875,CLIMB,4834.0,88.52000000000008,8000.0,26.5,38.1,39.900000000000006,NORMAL,NORMAL
High Altitude,97.29999999999875,CLIMB,4844.0,88.51333333333342,8000.0,24.6,38.900000000000006,40.400000000000006,NORMAL,NORMAL
High Altitude,97.39999999999874,CLIMB,4846.0,88.50666666666675,8000.0,24.400000000000002,38.800000000000004,40.900000000000006,NORMAL,NORMAL
High Altitude,97.49999999999874,CLIMB,4843.0,88.50000000000009,8000.0,25.6,36.6,41.400000000000006,NORMAL,NORMAL
High Altitude,97.59999999999873,CLIMB,4845.0,88.49333333333342,8000.0,23.8,39.0,39.7,NORMAL,NORMAL
High Altitude,97.69999999999872,CLIMB,4847.0,88.48666666666675,8000.0,24.0,37.2,40.400000000000006,NORMAL,NORMAL
High Altitude,97.79999999999872,CLIMB,4831.0,88.48000000000009,8000.0,24.900000000000002,38.800000000000004,39.7,NORMAL,NORMAL
High Altitude,97.89999999999871,CLIMB,4841.0,88.47333333333341,8000.0,25.3,36.1,40.400000000000006,NORMAL,NORMAL
High Altitude,97.9999999999987,CLIMB,4840.0,88.46666666666675,8000.0,24.700000000000003,37.9,41.5,NORMAL,NORMAL
High Altitude,98.0999999999987,CLIMB,4838.0,88.4600000000001,8000.0,24.8,38.6,39.800000000000004,NORMAL,NORMAL
High Altitude,98.1999999999987,CLIMB,4833.0,88.45333333333342,8000.0,24.5,37.5,40.5,NORMAL,NORMAL
High Altitude,98.29999999999869,CLIMB,4841.0,88.44666666666676,8000.0,23.900000000000002,37.4,40.5,NORMAL,NORMAL
High Altitude,98.39999999999868,CLIMB,4844.0,88.44000000000008,8000.0,25.8,37.6,40.6,NORMAL,NORMAL
High Altitude,98.49999999999868,CLIMB,4834.0,88.43333333333342,8000.0,23.900000000000002,37.0,40.5,NORMAL,NORMAL
High Altitude,98.59999999999867,CLIMB,4838.0,88.42666666666676,8000.0,25.1,36.5,40.400000000000006,NORMAL,NORMAL
High Altitude,98.69999999999867,CLIMB,4842.0,88.42000000000009,8000.0,24.700000000000003,38.300000000000004,41.6,NORMAL,NORMAL
High Altitude,98.79999999999866,CLIMB,4841.0,88.41333333333343,8000.0,24.900000000000002,37.4,40.300000000000004,NORMAL,NORMAL
High Altitude,98.89999999999866,CLIMB,4848.0,88.40666666666675,8000.0,26.1,40.300000000000004,40.0,NORMAL,NORMAL
High Altitude,98.99999999999865,CLIMB,4848.0,88.40000000000009,8000.0,24.0,37.9,40.900000000000006,NORMAL,NORMAL
High Altitude,99.09999999999864,CLIMB,4838.0,88.39333333333343,8000.0,23.8,38.900000000000006,39.800000000000004,NORMAL,NORMAL
High Altitude,99.19999999999864,CLIMB,4844.0,88.38666666666676,8000.0,23.8,37.7,40.300000000000004,NORMAL,NORMAL
High Altitude,99.29999999999863,CLIMB,4842.0,88.3800000000001,8000.0,24.400000000000002,37.300000000000004,39.900000000000006,NORMAL,NORMAL
High Altitude,99.39999999999863,CLIMB,4843.0,88.37333333333342,8000.0,24.3,36.4,39.800000000000004,NORMAL,NORMAL
High Altitude,99.49999999999862,CLIMB,4846.0,88.36666666666676,8000.0,25.0,39.400000000000006,40.2,NORMAL,NORMAL
High Altitude,99.59999999999862,CLIMB,4841.0,88.3600000000001,8000.0,25.1,39.900000000000006,39.900000000000006,NORMAL,NORMAL
High Altitude,99.69999999999861,CLIMB,4840.0,88.35333333333342,8000.0,26.0,38.1,39.800000000000004,NORMAL,NORMAL
High Altitude,99.7999999999986,CLIMB,4836.0,88.34666666666676,8000.0,24.200000000000003,39.900000000000006,40.6,NORMAL,NORMAL
High Altitude,99.8999999999986,CLIMB,4837.0,88.34000000000009,8000.0,24.3,38.5,39.6,NORMAL,NORMAL
High Altitude,99.9999999999986,CLIMB,4846.0,88.33333333333343,8000.0,24.200000000000003,38.900000000000006,40.1,NORMAL,NORMAL
High Altitude,100.09999999999859,CLIMB,4836.0,88.32666666666677,8000.0,25.0,37.2,40.400000000000006,NORMAL,NORMAL
High Altitude,100.19999999999858,CLIMB,4841.0,88.32000000000009,8000.0,25.200000000000003,38.400000000000006,40.0,NORMAL,NORMAL
High Altitude,100.29999999999858,CLIMB,4841.0,88.31333333333343,8000.0,26.400000000000002,38.0,40.5,NORMAL,NORMAL
High Altitude,100.39999999999857,CLIMB,4837.0,88.30666666666676,8000.0,24.6,37.9,39.300000000000004,NORMAL,NORMAL
High Altitude,100.49999999999856,CLIMB,4846.0,88.3000000000001,8000.0,24.400000000000002,38.1,39.7,NORMAL,NORMAL
High Altitude,100.59999999999856,CLIMB,4847.0,88.29333333333344,8000.0,24.0,38.0,39.7,NORMAL,NORMAL
High Altitude,100.69999999999855,CLIMB,4842.0,88.28666666666676,8000.0,24.6,38.400000000000006,39.800000000000004,NORMAL,NORMAL
High Altitude,100.79999999999855,CLIMB,4836.0,88.2800000000001,8000.0,25.200000000000003,39.1,40.400000000000006,NORMAL,NORMAL
High Altitude,100.89999999999854,CLIMB,4831.0,88.27333333333343,8000.0,24.700000000000003,37.1,40.0,NORMAL,NORMAL
High Altitude,100.99999999999854,CLIMB,4836.0,88.26666666666677,8000.0,25.200000000000003,37.800000000000004,40.300000000000004,NORMAL,NORMAL
High Altitude,101.09999999999853,CLIMB,4841.0,88.2600000000001,8000.0,24.200000000000003,37.800000000000004,41.2,NORMAL,NORMAL
High Altitude,101.19999999999852,CLIMB,4842.0,88.25333333333343,8000.0,25.3,39.2,41.0,NORMAL,NORMAL
High Altitude,101.29999999999852,CLIMB,4838.0,88.24666666666677,8000.0,24.6,37.2,40.7,NORMAL,NORMAL
High Altitude,101.39999999999851,CLIMB,4837.0,88.2400000000001,8000.0,24.1,36.2,39.2,NORMAL,NORMAL
High Altitude,101.49999999999851,CLIMB,4837.0,88.23333333333343,8000.0,24.3,38.800000000000004,39.900000000000006,NORMAL,NORMAL
High Altitude,101.5999999999985,CLIMB,4842.0,88.22666666666677,8000.0,24.3,37.7,39.0,NORMAL,NORMAL
High Altitude,101.6999999999985,CLIMB,4841.0,88.2200000000001,8000.0,23.8,36.4,39.300000000000004,NORMAL,NORMAL
High Altitude,101.79999999999849,CLIMB,4841.0,88.21333333333344,8000.0,24.6,38.400000000000006,40.300000000000004,NORMAL,NORMAL
High Altitude,101.89999999999849,CLIMB,4834.0,88.20666666666676,8000.0,24.900000000000002,38.7,40.1,NORMAL,NORMAL
High Altitude,101.99999999999848,CLIMB,4832.0,88.2000000000001,8000.0,24.900000000000002,36.9,40.5,NORMAL,NORMAL
High Altitude,102.09999999999847,CLIMB,4841.0,88.19333333333344,8000.0,24.3,37.5,40.800000000000004,NORMAL,NORMAL
High Altitude,102.19999999999847,CLIMB,4841.0,88.18666666666677,8000.0,24.5,37.2,40.0,NORMAL,NORMAL
High Altitude,102.29999999999846,CLIMB,4840.0,88.1800000000001,8000.0,23.5,39.1,40.1,NORMAL,NORMAL
High Altitude,102.39999999999846,CLIMB,4835.0,88.17333333333343,8000.0,24.5,36.9,40.900000000000006,NORMAL,NORMAL
High Altitude,102.49999999999845,CLIMB,4843.0,88.16666666666677,8000.0,24.6,38.800000000000004,40.2,NORMAL,NORMAL
High Altitude,102.59999999999845,CLIMB,4838.0,88.16000000000011,8000.0,25.3,38.400000000000006,39.1,NORMAL,NORMAL
High Altitude,102.69999999999844,CLIMB,4838.0,88.15333333333344,8000.0,24.200000000000003,38.900000000000006,40.300000000000004,NORMAL,NORMAL
High Altitude,102.79999999999843,CLIMB,4844.0,88.14666666666677,8000.0,23.8,39.2,39.2,NORMAL,NORMAL
High Altitude,102.89999999999843,CLIMB,4834.0,88.1400000000001,8000.0,23.900000000000002,37.5,39.6,NORMAL,NORMAL
High Altitude,102.99999999999842,CLIMB,4841.0,88.13333333333344,8000.0,24.400000000000002,36.7,40.1,NORMAL,NORMAL
High Altitude,103.09999999999842,CLIMB,4841.0,88.12666666666678,8000.0,24.0,36.9,40.1,NORMAL,NORMAL
High Altitude,103.19999999999841,CLIMB,4829.0,88.1200000000001,8000.0,24.200000000000003,39.2,39.300000000000004,NORMAL,NORMAL
High Altitude,103.2999999999984,CLIMB,4826.0,88.11333333333344,8000.0,24.700000000000003,39.7,39.5,NORMAL,NORMAL
High Altitude,103.3999999999984,CLIMB,4833.0,88.10666666666677,8000.0,25.0,38.0,39.400000000000006,NORMAL,NORMAL
High Altitude,103.4999999999984,CLIMB,4833.0,88.10000000000011,8000.0,25.200000000000003,38.0,39.5,NORMAL,NORMAL
High Altitude,103.59999999999839,CLIMB,4839.0,88.09333333333345,8000.0,24.0,37.9,39.7,NORMAL,NORMAL
High Altitude,103.69999999999838,CLIMB,4834.0,88.08666666666677,8000.0,24.5,39.0,40.400000000000006,NORMAL,NORMAL
High Altitude,103.79999999999838,CLIMB,4845.0,88.08000000000011,8000.0,24.400000000000002,38.1,41.1,NORMAL,NORMAL
High Altitude,103.89999999999837,CLIMB,4840.0,88.07333333333344,8000.0,24.900000000000002,39.0,39.800000000000004,NORMAL,NORMAL
High Altitude,103.99999999999837,CLIMB,4844.0,88.06666666666678,8000.0,24.700000000000003,39.400000000000006,39.0,NORMAL,NORMAL
High Altitude,104.09999999999836,CLIMB,4836.0,88.06000000000012,8000.0,24.0,37.1,39.300000000000004,NORMAL,NORMAL
High Altitude,104.19999999999835,CLIMB,4837.0,88.05333333333344,8000.0,24.900000000000002,35.6,39.800000000000004,NORMAL,NORMAL
High Altitude,104.29999999999835,CLIMB,4827.0,88.04666666666678,8000.0,24.700000000000003,38.800000000000004,40.5,NORMAL,NORMAL
High Altitude,104.39999999999834,CLIMB,4847.0,88.0400000000001,8000.0,23.900000000000002,38.0,39.900000000000006,NORMAL,NORMAL
High Altitude,104.49999999999834,CLIMB,4843.0,88.03333333333345,8000.0,23.8,39.6,40.7,NORMAL,NORMAL
High Altitude,104.59999999999833,CLIMB,4835.0,88.02666666666678,8000.0,25.3,40.300000000000004,39.800000000000004,NORMAL,NORMAL
High Altitude,104.69999999999833,CLIMB,4828.0,88.02000000000011,8000.0,24.6,38.1,39.800000000000004,NORMAL,NORMAL
High Altitude,104.79999999999832,CLIMB,4825.0,88.01333333333345,8000.0,24.400000000000002,38.300000000000004,39.400000000000006,NORMAL,NORMAL
High Altitude,104.89999999999831,CLIMB,4837.0,88.00666666666677,8000.0,24.5,37.7,40.300000000000004,NORMAL,NORMAL
High Altitude,104.99999999999831,CLIMB,4838.0,88.00000000000011,8000.0,23.700000000000003,37.0,40.1,NORMAL,NORMAL
High Altitude,105.0999999999983,CLIMB,4831.0,87.99333333333345,8000.0,24.6,37.9,39.5,NORMAL,NORMAL
High Altitude,105.1999999999983,CLIMB,4830.0,87.98666666666678,8000.0,23.8,37.4,39.800000000000004,NORMAL,NORMAL
High Altitude,105.29999999999829,CLIMB,4844.0,87.98000000000012,8000.0,24.6,38.5,40.5,NORMAL,NORMAL
High Altitude,105.39999999999829,CLIMB,4829.0,87.97333333333344,8000.0,24.0,37.4,39.900000000000006,NORMAL,NORMAL
High Altitude,105.49999999999828,CLIMB,4829.0,87.96666666666678,8000.0,24.5,36.6,39.0,NORMAL,NORMAL
High Altitude,105.59999999999827,CLIMB,4835.0,87.96000000000012,8000.0,24.200000000000003,35.800000000000004,39.300000000000004,NORMAL,NORMAL
High Altitude,105.69999999999827,CLIMB,4841.0,87.95333333333345,8000.0,23.900000000000002,38.800000000000004,40.6,NORMAL,NORMAL
High Altitude,105.79999999999826,CLIMB,4826.0,87.94666666666679,8000.0,23.6,39.6,39.400000000000006,NORMAL,NORMAL
High Altitude,105.89999999999826,CLIMB,4829.0,87.94000000000011,8000.0,25.0,37.1,41.300000000000004,NORMAL,NORMAL
High Altitude,105.99999999999825,CLIMB,4830.0,87.93333333333345,8000.0,24.0,36.300000000000004,40.1,NORMAL,NORMAL
High Altitude,106.09999999999825,CLIMB,4832.0,87.92666666666679,8000.0,25.200000000000003,39.300000000000004,39.1,NORMAL,NORMAL
High Altitude,106.19999999999824,CLIMB,4826.0,87.92000000000012,8000.0,23.900000000000002,37.5,40.5,NORMAL,NORMAL
High Altitude,106.29999999999824,CLIMB,4833.0,87.91333333333345,8000.0,24.200000000000003,37.1,40.400000000000006,NORMAL,NORMAL
High Altitude,106.39999999999823,CLIMB,4836.0,87.90666666666678,8000.0,24.1,37.800000000000004,40.1,NORMAL,NORMAL
High Altitude,106.49999999999822,CLIMB,4834.0,87.90000000000012,8000.0,24.5,37.7,40.1,NORMAL,NORMAL
High Altitude,106.59999999999822,CLIMB,4831.0,87.89333333333346,8000.0,25.200000000000003,37.1,40.0,NORMAL,NORMAL
High Altitude,106.69999999999821,CLIMB,4830.0,87.88666666666678,8000.0,24.5,38.0,40.2,NORMAL,NORMAL
High Altitude,106.7999999999982,CLIMB,4828.0,87.88000000000012,8000.0,24.200000000000003,38.1,39.800000000000004,NORMAL,NORMAL
High Altitude,106.8999999999982,CLIMB,4832.0,87.87333333333345,8000.0,23.6,39.1,39.800000000000004,NORMAL,NORMAL
High Altitude,106.9999999999982,CLIMB,4837.0,87.86666666666679,8000.0,24.5,36.9,38.900000000000006,NORMAL,NORMAL
High Altitude,107.09999999999819,CLIMB,4822.0,87.86000000000013,8000.0,24.3,36.6,39.400000000000006,NORMAL,NORMAL
High Altitude,107.19999999999818,CLIMB,4836.0,87.85333333333345,8000.0,24.3,37.5,38.800000000000004,NORMAL,NORMAL
High Altitude,107.29999999999818,CLIMB,4832.0,87.84666666666679,8000.0,23.400000000000002,36.800000000000004,40.1,NORMAL,NORMAL
High Altitude,107.39999999999817,CLIMB,4833.0,87.84000000000012,8000.0,24.8,37.5,40.800000000000004,NORMAL,NORMAL
High Altitude,107.49999999999817,CLIMB,4829.0,87.83333333333346,8000.0,23.900000000000002,39.1,39.400000000000006,NORMAL,NORMAL
High Altitude,107.59999999999816,CLIMB,4837.0,87.8266666666668,8000.0,25.400000000000002,38.6,39.7,NORMAL,NORMAL
High Altitude,107.69999999999816,CLIMB,4835.0,87.82000000000012,8000.0,25.400000000000002,40.0,40.5,NORMAL,NORMAL
High Altitude,107.79999999999815,CLIMB,4831.0,87.81333333333346,8000.0,24.400000000000002,39.1,40.800000000000004,NORMAL,NORMAL
High Altitude,107.89999999999814,CLIMB,4834.0,87.80666666666679,8000.0,24.6,38.300000000000004,38.6,NORMAL,NORMAL
High Altitude,107.99999999999814,CLIMB,4828.0,87.80000000000013,8000.0,26.0,37.800000000000004,40.300000000000004,NORMAL,NORMAL
High Altitude,108.09999999999813,CLIMB,4833.0,87.79333333333346,8000.0,25.3,37.800000000000004,40.0,NORMAL,NORMAL
High Altitude,108.19999999999813,CLIMB,4823.0,87.78666666666679,8000.0,23.200000000000003,37.5,39.300000000000004,NORMAL,NORMAL
High Altitude,108.29999999999812,CLIMB,4839.0,87.78000000000013,8000.0,24.0,37.300000000000004,39.6,NORMAL,NORMAL
High Altitude,108.39999999999812,CLIMB,4829.0,87.77333333333345,8000.0,24.3,37.0,39.900000000000006,NORMAL,NORMAL
High Altitude,108.49999999999811,CLIMB,4829.0,87.7666666666668,8000.0,24.3,38.900000000000006,38.900000000000006,NORMAL,NORMAL
High Altitude,108.5999999999981,CLIMB,4835.0,87.76000000000013,8000.0,23.900000000000002,40.0,39.400000000000006,NORMAL,NORMAL
High Altitude,108.6999999999981,CLIMB,4836.0,87.75333333333346,8000.0,24.400000000000002,36.1,39.5,NORMAL,NORMAL
High Altitude,108.7999999999981,CLIMB,4834.0,87.7466666666668,8000.0,24.400000000000002,37.7,39.5,NORMAL,NORMAL
High Altitude,108.89999999999809,CLIMB,4833.0,87.74000000000012,8000.0,25.200000000000003,37.6,39.2,NORMAL,NORMAL
High Altitude,108.99999999999808,CLIMB,4828.0,87.73333333333346,8000.0,24.5,37.6,39.1,NORMAL,NORMAL
High Altitude,109.09999999999808,CLIMB,4828.0,87.7266666666668,8000.0,23.5,37.300000000000004,39.5,NORMAL,NORMAL
High Altitude,109.19999999999807,CLIMB,4832.0,87.72000000000013,8000.0,24.700000000000003,40.1,39.300000000000004,NORMAL,NORMAL
High Altitude,109.29999999999806,CLIMB,4831.0,87.71333333333347,8000.0,25.400000000000002,37.300000000000004,39.300000000000004,NORMAL,NORMAL
High Altitude,109.39999999999806,CLIMB,4828.0,87.70666666666679,8000.0,24.700000000000003,37.5,39.5,NORMAL,NORMAL
High Altitude,109.49999999999805,CLIMB,4829.0,87.70000000000013,8000.0,24.8,36.5,39.800000000000004,NORMAL,NORMAL
High Altitude,109.59999999999805,CLIMB,4816.0,87.69333333333347,8000.0,24.0,39.6,38.800000000000004,NORMAL,NORMAL
High Altitude,109.69999999999804,CLIMB,4834.0,87.6866666666668,8000.0,24.1,39.6,39.6,NORMAL,NORMAL
High Altitude,109.79999999999804,CLIMB,4844.0,87.68000000000013,8000.0,24.400000000000002,39.400000000000006,40.300000000000004,NORMAL,NORMAL
High Altitude,109.89999999999803,CLIMB,4833.0,87.67333333333346,8000.0,24.700000000000003,39.0,40.2,NORMAL,NORMAL
High Altitude,109.99999999999802,CLIMB,4846.0,87.6666666666668,8000.0,25.3,37.0,39.1,NORMAL,NORMAL
High Altitude,110.09999999999802,CLIMB,4826.0,87.66000000000014,8000.0,24.400000000000002,38.6,39.6,NORMAL,NORMAL
High Altitude,110.19999999999801,CLIMB,4822.0,87.65333333333346,8000.0,23.3,37.9,38.900000000000006,NORMAL,NORMAL
High Altitude,110.29999999999801,CLIMB,4827.0,87.6466666666668,8000.0,23.8,37.6,39.900000000000006,NORMAL,NORMAL
High Altitude,110.399999999998,CLIMB,4831.0,87.64000000000013,8000.0,24.0,37.800000000000004,39.400000000000006,NORMAL,NORMAL
High Altitude,110.499999999998,CLIMB,4823.0,87.63333333333347,8000.0,23.700000000000003,39.1,39.5,NORMAL,NORMAL
High Altitude,110.59999999999799,CLIMB,4825.0,87.62666666666681,8000.0,23.5,37.6,40.1,NORMAL,NORMAL
High Altitude,110.69999999999798,CLIMB,4830.0,87.62000000000013,8000.0,25.8,37.2,39.800000000000004,NORMAL,NORMAL
High Altitude,110.79999999999798,CLIMB,4831.0,87.61333333333347,8000.0,25.0,37.4,40.0,NORMAL,NORMAL
High Altitude,110.89999999999797,CLIMB,4825.0,87.6066666666668,8000.0,24.0,38.1,39.800000000000004,NORMAL,NORMAL
High Altitude,110.99999999999797,CLIMB,4830.0,87.60000000000014,8000.0,24.700000000000003,37.9,39.0,NORMAL,NORMAL
High Altitude,111.09999999999796,CLIMB,4830.0,87.59333333333348,8000.0,24.400000000000002,36.7,40.2,NORMAL,NORMAL
High Altitude,111.19999999999796,CLIMB,4828.0,87.5866666666668,8000.0,23.8,38.300000000000004,38.7,NORMAL,NORMAL
High Altitude,111.29999999999795,CLIMB,4822.0,87.58000000000014,8000.0,24.3,38.5,39.400000000000006,NORMAL,NORMAL
High Altitude,111.39999999999795,CLIMB,4829.0,87.57333333333347,8000.0,24.3,38.2,39.2,NORMAL,NORMAL
High Altitude,111.49999999999794,CLIMB,4831.0,87.5666666666668,8000.0,24.1,37.2,39.0,NORMAL,NORMAL
High Altitude,111.59999999999793,CLIMB,4830.0,87.56000000000014,8000.0,23.700000000000003,37.2,39.2,NORMAL,NORMAL
High Altitude,111.69999999999793,CLIMB,4827.0,87.55333333333347,8000.0,23.6,36.800000000000004,40.5,NORMAL,NORMAL
High Altitude,111.79999999999792,CLIMB,4826.0,87.54666666666681,8000.0,24.6,37.6,39.5,NORMAL,NORMAL
High Altitude,111.89999999999792,CLIMB,4835.0,87.54000000000013,8000.0,24.400000000000002,37.2,37.9,NORMAL,NORMAL
High Altitude,111.99999999999791,CLIMB,4832.0,87.53333333333347,8000.0,24.200000000000003,37.6,38.800000000000004,NORMAL,NORMAL
High Altitude,112.0999999999979,CLIMB,4832.0,87.52666666666681,8000.0,24.3,37.2,39.300000000000004,NORMAL,NORMAL
High Altitude,112.1999999999979,CLIMB,4835.0,87.52000000000014,8000.0,24.700000000000003,35.0,39.800000000000004,NORMAL,NORMAL
High Altitude,112.2999999999979,CLIMB,4824.0,87.51333333333348,8000.0,24.0,38.300000000000004,40.0,NORMAL,NORMAL
High Altitude,112.39999999999789,CLIMB,4827.0,87.5066666666668,8000.0,24.8,38.900000000000006,38.800000000000004,NORMAL,NORMAL
High Altitude,112.49999999999788,CLIMB,4822.0,87.50000000000014,8000.0,24.400000000000002,37.2,39.6,NORMAL,NORMAL
High Altitude,112.59999999999788,CLIMB,4823.0,87.49333333333348,8000.0,23.400000000000002,36.7,40.0,NORMAL,NORMAL
High Altitude,112.69999999999787,CLIMB,4820.0,87.4866666666668,8000.0,24.700000000000003,38.2,39.800000000000004,NORMAL,NORMAL
High Altitude,112.79999999999787,CLIMB,4825.0,87.48000000000015,8000.0,25.0,38.2,39.5,NORMAL,NORMAL
High Altitude,112.89999999999786,CLIMB,4828.0,87.47333333333347,8000.0,24.1,38.400000000000006,38.6,NORMAL,NORMAL
High Altitude,112.99999999999785,CLIMB,4832.0,87.46666666666681,8000.0,24.200000000000003,37.4,40.300000000000004,NORMAL,NORMAL
High Altitude,113.09999999999785,CLIMB,4831.0,87.46000000000015,8000.0,23.900000000000002,37.4,40.300000000000004,NORMAL,NORMAL
High Altitude,113.19999999999784,CLIMB,4822.0,87.45333333333348,8000.0,24.1,38.800000000000004,39.0,NORMAL,NORMAL
High Altitude,113.29999999999784,CLIMB,4819.0,87.44666666666681,8000.0,24.900000000000002,37.6,39.0,NORMAL,NORMAL
High Altitude,113.39999999999783,CLIMB,4824.0,87.44000000000014,8000.0,25.200000000000003,38.800000000000004,39.6,NORMAL,NORMAL
High Altitude,113.49999999999783,CLIMB,4819.0,87.43333333333348,8000.0,24.8,36.7,39.0,NORMAL,NORMAL
High Altitude,113.59999999999782,CLIMB,4825.0,87.42666666666682,8000.0,23.5,35.800000000000004,38.6,NORMAL,NORMAL
High Altitude,113.69999999999781,CLIMB,4834.0,87.42000000000014,8000.0,23.200000000000003,37.5,38.7,NORMAL,NORMAL
High Altitude,113.79999999999781,CLIMB,4830.0,87.41333333333348,8000.0,24.6,37.1,37.7,NORMAL,NORMAL
High Altitude,113.8999999999978,CLIMB,4825.0,87.40666666666681,8000.0,24.5,37.1,39.400000000000006,NORMAL,NORMAL
High Altitude,113.9999999999978,CLIMB,4826.0,87.40000000000015,8000.0,24.5,37.7,39.2,NORMAL,NORMAL
High Altitude,114.09999999999779,CLIMB,4823.0,87.39333333333349,8000.0,22.6,36.800000000000004,38.900000000000006,NORMAL,NORMAL
High Altitude,114.19999999999779,CLIMB,4817.0,87.38666666666681,8000.0,23.900000000000002,38.7,39.900000000000006,NORMAL,NORMAL
High Altitude,114.29999999999778,CLIMB,4827.0,87.38000000000015,8000.0,24.400000000000002,39.2,40.300000000000004,NORMAL,NORMAL
High Altitude,114.39999999999777,CLIMB,4832.0,87.37333333333348,8000.0,24.5,41.2,38.400000000000006,NORMAL,NORMAL
High Altitude,114.49999999999777,CLIMB,4823.0,87.36666666666682,8000.0,23.700000000000003,38.900000000000006,39.400000000000006,NORMAL,NORMAL
High Altitude,114.59999999999776,CLIMB,4829.0,87.36000000000016,8000.0,23.700000000000003,36.4,38.400000000000006,NORMAL,NORMAL
High Altitude,114.69999999999776,CLIMB,4833.0,87.35333333333348,8000.0,24.6,35.800000000000004,40.1,NORMAL,NORMAL
High Altitude,114.79999999999775,CLIMB,4827.0,87.34666666666682,8000.0,23.400000000000002,37.2,38.5,NORMAL,NORMAL
High Altitude,114.89999999999775,CLIMB,4828.0,87.34000000000015,8000.0,24.200000000000003,36.0,39.400000000000006,NORMAL,NORMAL
High Altitude,114.99999999999774,CLIMB,4821.0,87.33333333333348,8000.0,23.5,37.1,40.1,NORMAL,NORMAL
High Altitude,115.09999999999773,CLIMB,4825.0,87.32666666666682,8000.0,24.200000000000003,38.400000000000006,39.2,NORMAL,NORMAL
High Altitude,115.19999999999773,CLIMB,4825.0,87.32000000000015,8000.0,24.5,37.1,38.6,NORMAL,NORMAL
High Altitude,115.29999999999772,CLIMB,4818.0,87.31333333333349,8000.0,24.900000000000002,37.0,39.6,NORMAL,NORMAL
High Altitude,115.39999999999772,CLIMB,4825.0,87.30666666666681,8000.0,23.700000000000003,37.2,38.400000000000006,NORMAL,NORMAL
High Altitude,115.49999999999771,CLIMB,4827.0,87.30000000000015,8000.0,23.400000000000002,36.7,38.0,NORMAL,NORMAL
High Altitude,115.5999999999977,CLIMB,4829.0,87.29333333333349,8000.0,24.200000000000003,36.300000000000004,39.6,NORMAL,NORMAL
High Altitude,115.6999999999977,CLIMB,4823.0,87.28666666666682,8000.0,23.200000000000003,38.800000000000004,38.900000000000006,NORMAL,NORMAL
High Altitude,115.7999999999977,CLIMB,4832.0,87.28000000000016,8000.0,24.0,38.2,39.0,NORMAL,NORMAL
High Altitude,115.89999999999769,CLIMB,4820.0,87.27333333333348,8000.0,24.3,38.2,38.800000000000004,NORMAL,NORMAL
High Altitude,115.99999999999768,CLIMB,4821.0,87.26666666666682,8000.0,24.3,38.1,38.900000000000006,NORMAL,NORMAL
High Altitude,116.09999999999768,CLIMB,4830.0,87.26000000000016,8000.0,24.1,37.0,38.800000000000004,NORMAL,NORMAL
High Altitude,116.19999999999767,CLIMB,4822.0,87.25333333333349,8000.0,24.3,37.5,39.0,NORMAL,NORMAL
High Altitude,116.29999999999767,CLIMB,4820.0,87.24666666666683,8000.0,23.900000000000002,36.7,39.2,NORMAL,NORMAL
High Altitude,116.39999999999766,CLIMB,4819.0,87.24000000000015,8000.0,23.400000000000002,37.9,39.2,NORMAL,NORMAL
High Altitude,116.49999999999766,CLIMB,4820.0,87.23333333333349,8000.0,24.0,37.7,38.5,NORMAL,NORMAL
High Altitude,116.59999999999765,CLIMB,4818.0,87.22666666666683,8000.0,24.3,39.800000000000004,39.1,NORMAL,NORMAL
High Altitude,116.69999999999764,CLIMB,4817.0,87.22000000000016,8000.0,24.400000000000002,37.800000000000004,38.900000000000006,NORMAL,NORMAL
High Altitude,116.79999999999764,CLIMB,4826.0,87.2133333333335,8000.0,24.0,35.7,39.400000000000006,NORMAL,NORMAL
High Altitude,116.89999999999763,CLIMB,4825.0,87.20666666666682,8000.0,23.700000000000003,37.5,38.300000000000004,NORMAL,NORMAL
High Altitude,116.99999999999763,CLIMB,4816.0,87.20000000000016,8000.0,24.200000000000003,35.4,38.7,NORMAL,NORMAL
High Altitude,117.09999999999762,CLIMB,4822.0,87.1933333333335,8000.0,23.8,36.7,39.2,NORMAL,NORMAL
High Altitude,117.19999999999762,CLIMB,4815.0,87.18666666666682,8000.0,23.700000000000003,38.1,38.7,NORMAL,NORMAL
High Altitude,117.29999999999761,CLIMB,4826.0,87.18000000000016,8000.0,25.200000000000003,39.6,39.400000000000006,NORMAL,NORMAL
High Altitude,117.3999999999976,CLIMB,4817.0,87.17333333333349,8000.0,23.700000000000003,38.900000000000006,39.300000000000004,NORMAL,NORMAL
High Altitude,117.4999999999976,CLIMB,4822.0,87.16666666666683,8000.0,24.200000000000003,37.800000000000004,39.1,NORMAL,NORMAL
High Altitude,117.59999999999759,CLIMB,4831.0,87.16000000000017,8000.0,25.200000000000003,39.1,39.400000000000006,NORMAL,NORMAL
High Altitude,117.69999999999759,CLIMB,4819.0,87.15333333333349,8000.0,24.400000000000002,38.300000000000004,38.7,NORMAL,NORMAL
High Altitude,117.79999999999758,CLIMB,4825.0,87.14666666666683,8000.0,24.1,37.7,39.5,NORMAL,NORMAL
High Altitude,117.89999999999758,CLIMB,4813.0,87.14000000000016,8000.0,24.400000000000002,37.800000000000004,39.300000000000004,NORMAL,NORMAL
High Altitude,117.99999999999757,CLIMB,4825.0,87.1333333333335,8000.0,23.8,39.0,39.7,NORMAL,NORMAL
High Altitude,118.09999999999756,CLIMB,4827.0,87.12666666666684,8000.0,23.5,35.5,38.1,NORMAL,NORMAL
High Altitude,118.19999999999756,CLIMB,4818.0,87.12000000000016,8000.0,23.8,35.9,38.5,NORMAL,NORMAL
High Altitude,118.29999999999755,CLIMB,4818.0,87.1133333333335,8000.0,23.700000000000003,37.800000000000004,38.900000000000006,NORMAL,NORMAL
High Altitude,118.39999999999755,CLIMB,4821.0,87.10666666666683,8000.0,24.400000000000002,37.6,38.900000000000006,NORMAL,NORMAL
High Altitude,118.49999999999754,CLIMB,4819.0,87.10000000000016,8000.0,25.0,37.300000000000004,38.300000000000004,NORMAL,NORMAL
High Altitude,118.59999999999754,CLIMB,4824.0,87.0933333333335,8000.0,24.3,36.800000000000004,40.1,NORMAL,NORMAL
High Altitude,118.69999999999753,CLIMB,4819.0,87.08666666666683,8000.0,24.5,36.5,37.9,NORMAL,NORMAL
High Altitude,118.79999999999752,CLIMB,4821.0,87.08000000000017,8000.0,23.400000000000002,37.4,39.0,NORMAL,NORMAL
High Altitude,118.89999999999752,CLIMB,4823.0,87.0733333333335,8000.0,24.200000000000003,36.2,39.0,NORMAL,NORMAL
High Altitude,118.99999999999751,CLIMB,4816.0,87.06666666666683,8000.0,23.8,36.9,38.7,NORMAL,NORMAL
High Altitude,119.09999999999751,CLIMB,4816.0,87.06000000000017,8000.0,23.6,38.900000000000006,38.1,NORMAL,NORMAL
High Altitude,119.1999999999975,CLIMB,4825.0,87.0533333333335,8000.0,23.5,38.0,39.1,NORMAL,NORMAL
High Altitude,119.2999999999975,CLIMB,4827.0,87.04666666666684,8000.0,23.900000000000002,37.300000000000004,40.0,NORMAL,NORMAL
High Altitude,119.39999999999749,CLIMB,4824.0,87.04000000000016,8000.0,23.6,37.9,40.0,NORMAL,NORMAL
High Altitude,119.49999999999748,CLIMB,4830.0,87.0333333333335,8000.0,24.5,37.5,39.300000000000004,NORMAL,NORMAL
High Altitude,119.59999999999748,CLIMB,4822.0,87.02666666666684,8000.0,23.200000000000003,39.0,38.900000000000006,NORMAL,NORMAL
High Altitude,119.69999999999747,CLIMB,4829.0,87.02000000000017,8000.0,23.5,37.1,38.7,NORMAL,NORMAL
High Altitude,119.79999999999747,CLIMB,4822.0,87.0133333333335,8000.0,24.1,38.6,39.400000000000006,NORMAL,NORMAL
High Altitude,119.89999999999746,CLIMB,4827.0,87.00666666666683,8000.0,24.200000000000003,37.4,39.800000000000004,NORMAL,NORMAL
